<?xml version='1.0' encoding='UTF-8'?>
<gpx xmlns="http://www.topografix.com/GPX/1/1" xmlns:xsi="http://www.w3.org/2001/XMLSchema-instance" version="1.1" creator="outdooractive - http://www.outdooractive.com" xsi:schemaLocation="http://www.topografix.com/GPX/1/1 http://www.topografix.com/GPX/1/1/gpx.xsd">
  <metadata>
    <name>K78 - 78.2 km</name>
    <author>
      <name>Jasmin Estevez - Tuffli Events, Michel Calonder</name>
    </author>    
    <time>2025-11-13T13:49:32.236Z</time>
  </metadata>
  <trk>
    <name>K78 - 78.2 km</name>
    <type>trailRunning</type>
    <trkseg>
      <trkpt lat="46.823637" lon="9.277566">
        <ele>1071.7</ele>
        <name>Start</name>
      </trkpt>
      <trkpt lat="46.823613" lon="9.277651">
        <ele>1071.7</ele>
      </trkpt>
      <trkpt lat="46.823545" lon="9.277769">
        <ele>1071.9</ele>
      </trkpt>
      <trkpt lat="46.823446" lon="9.277875">
        <ele>1072.2</ele>
      </trkpt>
      <trkpt lat="46.82341" lon="9.277768">
        <ele>1071.4</ele>
      </trkpt>
      <trkpt lat="46.823332" lon="9.277673">
        <ele>1070.6</ele>
      </trkpt>
      <trkpt lat="46.823218" lon="9.277496">
        <ele>1069.7</ele>
      </trkpt>
      <trkpt lat="46.823173" lon="9.277416">
        <ele>1069.3</ele>
      </trkpt>
      <trkpt lat="46.823044" lon="9.277166">
        <ele>1068.7</ele>
      </trkpt>
      <trkpt lat="46.822924" lon="9.276866">
        <ele>1069.0</ele>
      </trkpt>
      <trkpt lat="46.822886" lon="9.276514">
        <ele>1070.3</ele>
      </trkpt>
      <trkpt lat="46.822842" lon="9.276323">
        <ele>1071.3</ele>
      </trkpt>
      <trkpt lat="46.822814" lon="9.276224">
        <ele>1072.0</ele>
      </trkpt>
      <trkpt lat="46.8227" lon="9.276225">
        <ele>1073.8</ele>
      </trkpt>
      <trkpt lat="46.822515" lon="9.276117">
        <ele>1080.1</ele>
      </trkpt>
      <trkpt lat="46.822356" lon="9.275909">
        <ele>1086.2</ele>
      </trkpt>
      <trkpt lat="46.822273" lon="9.27589">
        <ele>1087.4</ele>
      </trkpt>
      <trkpt lat="46.82219" lon="9.275882">
        <ele>1088.4</ele>
      </trkpt>
      <trkpt lat="46.822083" lon="9.275828">
        <ele>1091.3</ele>
      </trkpt>
      <trkpt lat="46.821976" lon="9.275828">
        <ele>1093.6</ele>
      </trkpt>
      <trkpt lat="46.821841" lon="9.275774">
        <ele>1095.9</ele>
      </trkpt>
      <trkpt lat="46.821699" lon="9.275721">
        <ele>1099.0</ele>
      </trkpt>
      <trkpt lat="46.821537" lon="9.27574">
        <ele>1101.4</ele>
      </trkpt>
      <trkpt lat="46.821391" lon="9.2758">
        <ele>1105.6</ele>        
      </trkpt>
      <trkpt lat="46.821347" lon="9.275817">
        <ele>1106.9</ele>
      </trkpt>
      <trkpt lat="46.821139" lon="9.275957">
        <ele>1112.6</ele>
      </trkpt>
      <trkpt lat="46.821013" lon="9.276113">
        <ele>1116.3</ele>
      </trkpt>
      <trkpt lat="46.820886" lon="9.276277">
        <ele>1119.9</ele>
      </trkpt>
      <trkpt lat="46.820711" lon="9.276638">
        <ele>1125.4</ele>
      </trkpt>
      <trkpt lat="46.820686" lon="9.276851">
        <ele>1125.9</ele>
      </trkpt>
      <trkpt lat="46.820689" lon="9.276962">
        <ele>1126.1</ele>
      </trkpt>
      <trkpt lat="46.820721" lon="9.277294">
        <ele>1126.9</ele>
      </trkpt>
      <trkpt lat="46.820664" lon="9.27751">
        <ele>1127.5</ele>
      </trkpt>
      <trkpt lat="46.82054" lon="9.277853">
        <ele>1128.5</ele>
      </trkpt>
      <trkpt lat="46.820554" lon="9.27799">
        <ele>1128.9</ele>
      </trkpt>
      <trkpt lat="46.820567" lon="9.278128">
        <ele>1129.5</ele>
      </trkpt>
      <trkpt lat="46.820549" lon="9.278311">
        <ele>1129.9</ele>
      </trkpt>
      <trkpt lat="46.820487" lon="9.278397">
        <ele>1130.3</ele>
      </trkpt>
      <trkpt lat="46.820294" lon="9.278548">
        <ele>1131.1</ele>
      </trkpt>
      <trkpt lat="46.820103" lon="9.27878">
        <ele>1132.7</ele>
      </trkpt>
      <trkpt lat="46.819995" lon="9.279259">
        <ele>1133.2</ele>
      </trkpt>
      <trkpt lat="46.819824" lon="9.27949">
        <ele>1134.1</ele>
      </trkpt>
      <trkpt lat="46.819728" lon="9.279734">
        <ele>1134.7</ele>
      </trkpt>
      <trkpt lat="46.819627" lon="9.279923">
        <ele>1135.5</ele>
      </trkpt>
      <trkpt lat="46.819498" lon="9.280189">
        <ele>1136.1</ele>
      </trkpt>
      <trkpt lat="46.819412" lon="9.280432">
        <ele>1136.6</ele>
      </trkpt>
      <trkpt lat="46.819354" lon="9.280994">
        <ele>1138.4</ele>
      </trkpt>
      <trkpt lat="46.819314" lon="9.281411">
        <ele>1139.3</ele>
      </trkpt>
      <trkpt lat="46.819264" lon="9.281584">
        <ele>1139.7</ele>
      </trkpt>
      <trkpt lat="46.819012" lon="9.28208">
        <ele>1140.9</ele>
      </trkpt>
      <trkpt lat="46.818961" lon="9.282214">
        <ele>1141.1</ele>
      </trkpt>
      <trkpt lat="46.818999" lon="9.282365">
        <ele>1141.3</ele>
      </trkpt>
      <trkpt lat="46.819054" lon="9.282586">
        <ele>1141.8</ele>
      </trkpt>
      <trkpt lat="46.819077" lon="9.282786">
        <ele>1141.2</ele>
      </trkpt>
      <trkpt lat="46.818997" lon="9.282977">
        <ele>1141.6</ele>
      </trkpt>
      <trkpt lat="46.818837" lon="9.283098">
        <ele>1141.7</ele>
      </trkpt>
      <trkpt lat="46.818633" lon="9.283206">
        <ele>1143.5</ele>
      </trkpt>
      <trkpt lat="46.818557" lon="9.283292">
        <ele>1144.0</ele>
      </trkpt>
      <trkpt lat="46.818342" lon="9.283578">
        <ele>1145.6</ele>
      </trkpt>
      <trkpt lat="46.818232" lon="9.283743">
        <ele>1148.1</ele>
      </trkpt>
      <trkpt lat="46.818169" lon="9.283989">
        <ele>1149.8</ele>
      </trkpt>
      <trkpt lat="46.818154" lon="9.284122">
        <ele>1149.7</ele>
      </trkpt>
      <trkpt lat="46.818004" lon="9.284553">
        <ele>1150.4</ele>
      </trkpt>
      <trkpt lat="46.817996" lon="9.28469">
        <ele>1151.9</ele>
      </trkpt>
      <trkpt lat="46.818034" lon="9.284922">
        <ele>1151.7</ele>
      </trkpt>
      <trkpt lat="46.818089" lon="9.285172">
        <ele>1152.6</ele>
      </trkpt>
      <trkpt lat="46.818103" lon="9.285435">
        <ele>1153.7</ele>
      </trkpt>
      <trkpt lat="46.818064" lon="9.285714">
        <ele>1154.4</ele>
      </trkpt>
      <trkpt lat="46.817965" lon="9.285966">
        <ele>1155.8</ele>
      </trkpt>
      <trkpt lat="46.817784" lon="9.286335">
        <ele>1158.0</ele>
      </trkpt>
      <trkpt lat="46.817681" lon="9.286705">
        <ele>1159.7</ele>
      </trkpt>
      <trkpt lat="46.81762" lon="9.287017">
        <ele>1161.4</ele>
      </trkpt>
      <trkpt lat="46.817573" lon="9.287256">
        <ele>1162.7</ele>
      </trkpt>
      <trkpt lat="46.817419" lon="9.287853">
        <ele>1166.2</ele>
      </trkpt>
      <trkpt lat="46.817421" lon="9.288493">
        <ele>1168.6</ele>
      </trkpt>
      <trkpt lat="46.817309" lon="9.28901">
        <ele>1171.3</ele>
      </trkpt>
      <trkpt lat="46.817217" lon="9.289463">
        <ele>1173.6</ele>
      </trkpt>
      <trkpt lat="46.817173" lon="9.289591">
        <ele>1174.3</ele>
      </trkpt>
      <trkpt lat="46.817065" lon="9.28976">
        <ele>1175.5</ele>
      </trkpt>
      <trkpt lat="46.81704" lon="9.290022">
        <ele>1176.7</ele>
      </trkpt>
      <trkpt lat="46.817008" lon="9.290214">
        <ele>1177.6</ele>
      </trkpt>
      <trkpt lat="46.816894" lon="9.290685">
        <ele>1179.5</ele>
      </trkpt>
      <trkpt lat="46.816783" lon="9.290995">
        <ele>1181.2</ele>
      </trkpt>
      <trkpt lat="46.816608" lon="9.291369">
        <ele>1184.2</ele>
      </trkpt>
      <trkpt lat="46.816651" lon="9.291661">
        <ele>1185.2</ele>
      </trkpt>
      <trkpt lat="46.816485" lon="9.291972">
        <ele>1187.5</ele>
      </trkpt>
      <trkpt lat="46.816379" lon="9.292375">
        <ele>1189.8</ele>
      </trkpt>
      <trkpt lat="46.816271" lon="9.292967">
        <ele>1191.2</ele>
      </trkpt>
      <trkpt lat="46.816072" lon="9.293463">
        <ele>1194.5</ele>
      </trkpt>
      <trkpt lat="46.815908" lon="9.293641">
        <ele>1196.2</ele>
      </trkpt>
      <trkpt lat="46.815776" lon="9.293947">
        <ele>1197.9</ele>
      </trkpt>
      <trkpt lat="46.815645" lon="9.294252">
        <ele>1199.8</ele>
      </trkpt>
      <trkpt lat="46.815411" lon="9.294618">
        <ele>1199.8</ele>
      </trkpt>
      <trkpt lat="46.815177" lon="9.294984">
        <ele>1199.5</ele>
      </trkpt>
      <trkpt lat="46.815111" lon="9.295268">
        <ele>1195.2</ele>
      </trkpt>
      <trkpt lat="46.815069" lon="9.295744">
        <ele>1187.3</ele>
      </trkpt>
      <trkpt lat="46.814973" lon="9.29605">
        <ele>1185.7</ele>
      </trkpt>
      <trkpt lat="46.814818" lon="9.296421">
        <ele>1178.9</ele>
      </trkpt>
      <trkpt lat="46.814664" lon="9.296793">
        <ele>1170.3</ele>
      </trkpt>
      <trkpt lat="46.814641" lon="9.2969">
        <ele>1169.2</ele>
      </trkpt>
      <trkpt lat="46.814595" lon="9.297115">
        <ele>1166.8</ele>
      </trkpt>
      <trkpt lat="46.814526" lon="9.297437">
        <ele>1161.4</ele>
      </trkpt>
      <trkpt lat="46.814426" lon="9.297737">
        <ele>1154.3</ele>
      </trkpt>
      <trkpt lat="46.814326" lon="9.298037">
        <ele>1148.5</ele>
      </trkpt>
      <trkpt lat="46.814253" lon="9.298367">
        <ele>1145.6</ele>
      </trkpt>
      <trkpt lat="46.81418" lon="9.298696">
        <ele>1141.5</ele>
      </trkpt>
      <trkpt lat="46.814033" lon="9.299233">
        <ele>1130.1</ele>
      </trkpt>
      <trkpt lat="46.813887" lon="9.299769">
        <ele>1122.6</ele>
      </trkpt>
      <trkpt lat="46.813882" lon="9.300152">
        <ele>1121.5</ele>
      </trkpt>
      <trkpt lat="46.813773" lon="9.300533">
        <ele>1119.2</ele>
      </trkpt>
      <trkpt lat="46.813799" lon="9.300649">
        <ele>1120.3</ele>
      </trkpt>
      <trkpt lat="46.81385" lon="9.300759">
        <ele>1120.0</ele>
      </trkpt>
      <trkpt lat="46.813929" lon="9.300811">
        <ele>1118.7</ele>
      </trkpt>
      <trkpt lat="46.813965" lon="9.30092">
        <ele>1117.9</ele>
      </trkpt>
      <trkpt lat="46.814078" lon="9.300975">
        <ele>1116.8</ele>
      </trkpt>
      <trkpt lat="46.814228" lon="9.301122">
        <ele>1116.9</ele>
      </trkpt>
      <trkpt lat="46.81427" lon="9.30124">
        <ele>1117.2</ele>
      </trkpt>
      <trkpt lat="46.814341" lon="9.301347">
        <ele>1117.2</ele>
      </trkpt>
      <trkpt lat="46.814422" lon="9.301407">
        <ele>1116.4</ele>
      </trkpt>
      <trkpt lat="46.814444" lon="9.301722">
        <ele>1113.2</ele>
      </trkpt>
      <trkpt lat="46.814456" lon="9.301969">
        <ele>1110.4</ele>
      </trkpt>
      <trkpt lat="46.814543" lon="9.301981">
        <ele>1109.0</ele>
      </trkpt>
      <trkpt lat="46.814524" lon="9.302347">
        <ele>1102.3</ele>
      </trkpt>
      <trkpt lat="46.814496" lon="9.302518">
        <ele>1099.3</ele>
      </trkpt>
      <trkpt lat="46.814613" lon="9.302454">
        <ele>1096.9</ele>
      </trkpt>
      <trkpt lat="46.814491" lon="9.302746">
        <ele>1095.0</ele>
      </trkpt>
      <trkpt lat="46.814375" lon="9.303208">
        <ele>1092.1</ele>
      </trkpt>
      <trkpt lat="46.814355" lon="9.303183">
        <ele>1091.2</ele>
      </trkpt>
      <trkpt lat="46.814328" lon="9.302839">
        <ele>1082.9</ele>
      </trkpt>
      <trkpt lat="46.814317" lon="9.302813">
        <ele>1082.3</ele>
      </trkpt>
      <trkpt lat="46.814242" lon="9.302643">
        <ele>1078.4</ele>
      </trkpt>
      <trkpt lat="46.814162" lon="9.302454">
        <ele>1073.5</ele>
      </trkpt>
      <trkpt lat="46.814155" lon="9.302354">
        <ele>1072.3</ele>
      </trkpt>
      <trkpt lat="46.814027" lon="9.302107">
        <ele>1066.7</ele>
      </trkpt>
      <trkpt lat="46.813933" lon="9.301882">
        <ele>1061.3</ele>
      </trkpt>
      <trkpt lat="46.81382" lon="9.301704">
        <ele>1058.2</ele>
      </trkpt>
      <trkpt lat="46.813677" lon="9.30161">
        <ele>1055.4</ele>
      </trkpt>
      <trkpt lat="46.813649" lon="9.30152">
        <ele>1054.9</ele>
      </trkpt>
      <trkpt lat="46.813651" lon="9.301462">
        <ele>1056.2</ele>
      </trkpt>
      <trkpt lat="46.813613" lon="9.301368">
        <ele>1056.8</ele>
      </trkpt>
      <trkpt lat="46.813375" lon="9.301225">
        <ele>1053.1</ele>
      </trkpt>
      <trkpt lat="46.813317" lon="9.30126">
        <ele>1052.3</ele>
      </trkpt>
      <trkpt lat="46.813247" lon="9.301247">
        <ele>1049.6</ele>
      </trkpt>
      <trkpt lat="46.813136" lon="9.301293">
        <ele>1044.7</ele>
      </trkpt>
      <trkpt lat="46.812858" lon="9.301254">
        <ele>1042.2</ele>
      </trkpt>
      <trkpt lat="46.812813" lon="9.301156">
        <ele>1040.8</ele>
      </trkpt>
      <trkpt lat="46.812796" lon="9.300813">
        <ele>1036.3</ele>
      </trkpt>
      <trkpt lat="46.812765" lon="9.300545">
        <ele>1032.7</ele>
      </trkpt>
      <trkpt lat="46.812722" lon="9.300141">
        <ele>1027.4</ele>
      </trkpt>
      <trkpt lat="46.812691" lon="9.299767">
        <ele>1021.6</ele>
      </trkpt>
      <trkpt lat="46.812676" lon="9.299493">
        <ele>1018.1</ele>
      </trkpt>
      <trkpt lat="46.812634" lon="9.299358">
        <ele>1015.0</ele>
      </trkpt>
      <trkpt lat="46.812596" lon="9.298965">
        <ele>1009.7</ele>
      </trkpt>
      <trkpt lat="46.812558" lon="9.298572">
        <ele>1004.1</ele>
      </trkpt>
      <trkpt lat="46.812518" lon="9.298081">
        <ele>997.4</ele>
      </trkpt>
      <trkpt lat="46.812477" lon="9.297734">
        <ele>993.1</ele>
      </trkpt>
      <trkpt lat="46.812451" lon="9.297446">
        <ele>988.8</ele>
      </trkpt>
      <trkpt lat="46.812376" lon="9.297382">
        <ele>985.8</ele>
      </trkpt>
      <trkpt lat="46.812254" lon="9.297436">
        <ele>983.2</ele>
      </trkpt>
      <trkpt lat="46.812253" lon="9.297434">
        <ele>983.2</ele>
      </trkpt>
      <trkpt lat="46.81225" lon="9.297435">
        <ele>983.0</ele>
      </trkpt>
      <trkpt lat="46.812254" lon="9.29748">
        <ele>982.7</ele>
      </trkpt>
      <trkpt lat="46.812266" lon="9.297694">
        <ele>981.2</ele>
      </trkpt>
      <trkpt lat="46.812272" lon="9.297815">
        <ele>980.7</ele>
      </trkpt>
      <trkpt lat="46.812274" lon="9.297883">
        <ele>980.6</ele>
      </trkpt>
      <trkpt lat="46.812261" lon="9.297926">
        <ele>980.4</ele>
      </trkpt>
      <trkpt lat="46.812229" lon="9.297956">
        <ele>980.2</ele>
      </trkpt>
      <trkpt lat="46.812187" lon="9.297969">
        <ele>979.9</ele>
      </trkpt>
      <trkpt lat="46.812138" lon="9.297965">
        <ele>979.7</ele>
      </trkpt>
      <trkpt lat="46.812097" lon="9.297937">
        <ele>979.3</ele>
      </trkpt>
      <trkpt lat="46.812017" lon="9.297855">
        <ele>978.6</ele>
      </trkpt>
      <trkpt lat="46.811929" lon="9.297781">
        <ele>977.5</ele>
      </trkpt>
      <trkpt lat="46.811879" lon="9.297749">
        <ele>976.9</ele>
      </trkpt>
      <trkpt lat="46.811838" lon="9.297742">
        <ele>976.6</ele>
      </trkpt>
      <trkpt lat="46.811787" lon="9.297746">
        <ele>976.2</ele>
      </trkpt>
      <trkpt lat="46.811737" lon="9.297772">
        <ele>975.7</ele>
      </trkpt>
      <trkpt lat="46.811689" lon="9.297832">
        <ele>974.8</ele>
      </trkpt>
      <trkpt lat="46.811653" lon="9.297912">
        <ele>974.1</ele>
      </trkpt>
      <trkpt lat="46.811564" lon="9.298209">
        <ele>971.5</ele>
      </trkpt>
      <trkpt lat="46.811509" lon="9.298374">
        <ele>970.2</ele>
      </trkpt>
      <trkpt lat="46.811468" lon="9.298476">
        <ele>969.4</ele>
      </trkpt>
      <trkpt lat="46.81142" lon="9.298538">
        <ele>968.8</ele>
      </trkpt>
      <trkpt lat="46.811368" lon="9.29859">
        <ele>968.2</ele>
      </trkpt>
      <trkpt lat="46.811283" lon="9.298662">
        <ele>967.4</ele>
      </trkpt>
      <trkpt lat="46.811183" lon="9.298731">
        <ele>966.9</ele>
      </trkpt>
      <trkpt lat="46.811043" lon="9.298815">
        <ele>966.7</ele>
      </trkpt>
      <trkpt lat="46.810931" lon="9.298883">
        <ele>966.4</ele>
      </trkpt>
      <trkpt lat="46.810823" lon="9.298953">
        <ele>966.1</ele>
      </trkpt>
      <trkpt lat="46.810753" lon="9.298994">
        <ele>966.0</ele>
      </trkpt>
      <trkpt lat="46.810686" lon="9.299021">
        <ele>965.9</ele>
      </trkpt>
      <trkpt lat="46.810606" lon="9.299031">
        <ele>965.8</ele>
      </trkpt>
      <trkpt lat="46.810527" lon="9.299017">
        <ele>965.7</ele>
      </trkpt>
      <trkpt lat="46.810435" lon="9.29899">
        <ele>965.5</ele>
      </trkpt>
      <trkpt lat="46.810351" lon="9.298964">
        <ele>965.6</ele>
      </trkpt>
      <trkpt lat="46.810244" lon="9.298923">
        <ele>965.4</ele>
      </trkpt>
      <trkpt lat="46.81014" lon="9.298856">
        <ele>965.3</ele>
      </trkpt>
      <trkpt lat="46.810042" lon="9.298769">
        <ele>965.1</ele>
      </trkpt>
      <trkpt lat="46.809958" lon="9.298665">
        <ele>964.9</ele>
      </trkpt>
      <trkpt lat="46.809896" lon="9.298567">
        <ele>964.9</ele>
      </trkpt>
      <trkpt lat="46.809835" lon="9.298445">
        <ele>964.7</ele>
      </trkpt>
      <trkpt lat="46.809798" lon="9.298337">
        <ele>964.6</ele>
      </trkpt>
      <trkpt lat="46.80975" lon="9.298142">
        <ele>964.5</ele>
      </trkpt>
      <trkpt lat="46.809669" lon="9.297844">
        <ele>964.2</ele>
      </trkpt>
      <trkpt lat="46.809587" lon="9.297544">
        <ele>963.9</ele>
      </trkpt>
      <trkpt lat="46.809542" lon="9.297411">
        <ele>963.8</ele>
      </trkpt>
      <trkpt lat="46.809475" lon="9.297219">
        <ele>963.6</ele>
      </trkpt>
      <trkpt lat="46.809434" lon="9.297124">
        <ele>963.6</ele>
      </trkpt>
      <trkpt lat="46.809368" lon="9.297006">
        <ele>963.4</ele>
      </trkpt>
      <trkpt lat="46.809317" lon="9.296916">
        <ele>963.2</ele>
      </trkpt>
      <trkpt lat="46.809277" lon="9.29684">
        <ele>962.7</ele>
      </trkpt>
      <trkpt lat="46.809233" lon="9.29673">
        <ele>962.1</ele>
      </trkpt>
      <trkpt lat="46.809207" lon="9.296626">
        <ele>961.5</ele>
      </trkpt>
      <trkpt lat="46.809191" lon="9.296511">
        <ele>960.7</ele>
      </trkpt>
      <trkpt lat="46.809182" lon="9.29629">
        <ele>958.8</ele>
      </trkpt>
      <trkpt lat="46.809167" lon="9.295958">
        <ele>955.8</ele>
      </trkpt>
      <trkpt lat="46.809155" lon="9.295723">
        <ele>953.7</ele>
      </trkpt>
      <trkpt lat="46.809162" lon="9.295588">
        <ele>952.4</ele>
      </trkpt>
      <trkpt lat="46.809176" lon="9.295422">
        <ele>950.8</ele>
      </trkpt>
      <trkpt lat="46.809196" lon="9.295231">
        <ele>948.9</ele>
      </trkpt>
      <trkpt lat="46.809208" lon="9.295103">
        <ele>947.8</ele>
      </trkpt>
      <trkpt lat="46.809244" lon="9.294888">
        <ele>945.8</ele>
      </trkpt>
      <trkpt lat="46.809284" lon="9.294727">
        <ele>944.1</ele>
      </trkpt>
      <trkpt lat="46.809338" lon="9.294487">
        <ele>941.6</ele>
      </trkpt>
      <trkpt lat="46.809377" lon="9.294305">
        <ele>939.7</ele>
      </trkpt>
      <trkpt lat="46.809404" lon="9.294175">
        <ele>938.5</ele>
      </trkpt>
      <trkpt lat="46.809438" lon="9.29405">
        <ele>937.2</ele>
      </trkpt>
      <trkpt lat="46.809475" lon="9.29398">
        <ele>936.5</ele>
      </trkpt>
      <trkpt lat="46.809535" lon="9.293895">
        <ele>935.3</ele>
      </trkpt>
      <trkpt lat="46.809588" lon="9.293845">
        <ele>934.4</ele>
      </trkpt>
      <trkpt lat="46.809637" lon="9.293791">
        <ele>933.8</ele>
      </trkpt>
      <trkpt lat="46.809654" lon="9.29374">
        <ele>933.2</ele>
      </trkpt>
      <trkpt lat="46.80966" lon="9.293656">
        <ele>932.5</ele>
      </trkpt>
      <trkpt lat="46.809651" lon="9.293584">
        <ele>932.0</ele>
      </trkpt>
      <trkpt lat="46.809604" lon="9.293467">
        <ele>930.6</ele>
      </trkpt>
      <trkpt lat="46.809563" lon="9.293376">
        <ele>929.4</ele>
      </trkpt>
      <trkpt lat="46.809534" lon="9.293306">
        <ele>928.5</ele>
      </trkpt>
      <trkpt lat="46.809508" lon="9.293193">
        <ele>927.2</ele>
      </trkpt>
      <trkpt lat="46.809483" lon="9.293027">
        <ele>925.7</ele>
      </trkpt>
      <trkpt lat="46.809464" lon="9.292938">
        <ele>924.8</ele>
      </trkpt>
      <trkpt lat="46.809434" lon="9.292854">
        <ele>924.0</ele>
      </trkpt>
      <trkpt lat="46.809398" lon="9.292799">
        <ele>923.3</ele>
      </trkpt>
      <trkpt lat="46.809252" lon="9.292655">
        <ele>921.1</ele>
      </trkpt>
      <trkpt lat="46.80902" lon="9.292407">
        <ele>917.1</ele>
      </trkpt>
      <trkpt lat="46.808836" lon="9.292204">
        <ele>914.0</ele>
      </trkpt>
      <trkpt lat="46.808733" lon="9.292068">
        <ele>912.2</ele>
      </trkpt>
      <trkpt lat="46.80868" lon="9.292003">
        <ele>911.3</ele>
      </trkpt>
      <trkpt lat="46.808582" lon="9.291896">
        <ele>909.7</ele>
      </trkpt>
      <trkpt lat="46.808483" lon="9.291813">
        <ele>908.3</ele>
      </trkpt>
      <trkpt lat="46.808387" lon="9.291725">
        <ele>906.7</ele>
      </trkpt>
      <trkpt lat="46.808347" lon="9.291677">
        <ele>906.1</ele>
      </trkpt>
      <trkpt lat="46.80827" lon="9.291531">
        <ele>904.3</ele>
      </trkpt>
      <trkpt lat="46.808179" lon="9.291336">
        <ele>902.1</ele>
      </trkpt>
      <trkpt lat="46.808065" lon="9.291086">
        <ele>899.5</ele>
      </trkpt>
      <trkpt lat="46.808036" lon="9.291033">
        <ele>898.8</ele>
      </trkpt>
      <trkpt lat="46.80801" lon="9.290996">
        <ele>898.4</ele>
      </trkpt>
      <trkpt lat="46.807964" lon="9.290944">
        <ele>897.6</ele>
      </trkpt>
      <trkpt lat="46.807906" lon="9.290865">
        <ele>896.6</ele>
      </trkpt>
      <trkpt lat="46.807863" lon="9.290799">
        <ele>895.7</ele>
      </trkpt>
      <trkpt lat="46.807776" lon="9.290638">
        <ele>893.8</ele>
      </trkpt>
      <trkpt lat="46.807721" lon="9.290556">
        <ele>892.7</ele>
      </trkpt>
      <trkpt lat="46.807672" lon="9.290496">
        <ele>892.0</ele>
      </trkpt>
      <trkpt lat="46.807612" lon="9.290437">
        <ele>891.0</ele>
      </trkpt>
      <trkpt lat="46.807568" lon="9.290404">
        <ele>890.4</ele>
      </trkpt>
      <trkpt lat="46.807517" lon="9.290379">
        <ele>889.8</ele>
      </trkpt>
      <trkpt lat="46.807422" lon="9.290349">
        <ele>889.1</ele>
      </trkpt>
      <trkpt lat="46.807325" lon="9.290333">
        <ele>888.7</ele>
      </trkpt>
      <trkpt lat="46.807246" lon="9.290317">
        <ele>888.3</ele>
      </trkpt>
      <trkpt lat="46.80719" lon="9.290296">
        <ele>888.2</ele>
      </trkpt>
      <trkpt lat="46.807125" lon="9.290257">
        <ele>887.9</ele>
      </trkpt>
      <trkpt lat="46.807054" lon="9.29019">
        <ele>887.7</ele>
      </trkpt>
      <trkpt lat="46.806999" lon="9.290138">
        <ele>887.6</ele>
      </trkpt>
      <trkpt lat="46.806945" lon="9.290075">
        <ele>887.3</ele>
      </trkpt>
      <trkpt lat="46.806888" lon="9.290005">
        <ele>887.3</ele>
      </trkpt>
      <trkpt lat="46.8068" lon="9.28994">
        <ele>886.9</ele>
      </trkpt>
      <trkpt lat="46.806738" lon="9.289904">
        <ele>886.7</ele>
      </trkpt>
      <trkpt lat="46.806702" lon="9.289895">
        <ele>886.7</ele>
      </trkpt>
      <trkpt lat="46.806644" lon="9.289893">
        <ele>886.5</ele>
      </trkpt>
      <trkpt lat="46.8066" lon="9.289903">
        <ele>886.6</ele>
      </trkpt>
      <trkpt lat="46.806513" lon="9.289949">
        <ele>886.4</ele>
      </trkpt>
      <trkpt lat="46.806425" lon="9.290006">
        <ele>886.4</ele>
      </trkpt>
      <trkpt lat="46.806372" lon="9.290045">
        <ele>886.5</ele>
      </trkpt>
      <trkpt lat="46.806295" lon="9.290101">
        <ele>886.5</ele>
      </trkpt>
      <trkpt lat="46.806255" lon="9.290125">
        <ele>886.5</ele>
      </trkpt>
      <trkpt lat="46.806177" lon="9.290149">
        <ele>886.5</ele>
      </trkpt>
      <trkpt lat="46.805988" lon="9.29019">
        <ele>886.4</ele>
      </trkpt>
      <trkpt lat="46.805866" lon="9.290213">
        <ele>886.3</ele>
      </trkpt>
      <trkpt lat="46.805729" lon="9.29024">
        <ele>886.5</ele>
      </trkpt>
      <trkpt lat="46.805557" lon="9.290263">
        <ele>886.5</ele>
      </trkpt>
      <trkpt lat="46.805484" lon="9.290266">
        <ele>886.4</ele>
      </trkpt>
      <trkpt lat="46.805446" lon="9.290269">
        <ele>886.4</ele>
      </trkpt>
      <trkpt lat="46.805404" lon="9.290272">
        <ele>886.4</ele>
      </trkpt>
      <trkpt lat="46.805352" lon="9.290277">
        <ele>886.3</ele>
      </trkpt>
      <trkpt lat="46.805302" lon="9.290298">
        <ele>886.3</ele>
      </trkpt>
      <trkpt lat="46.80525" lon="9.29035">
        <ele>886.5</ele>
      </trkpt>
      <trkpt lat="46.80519" lon="9.290433">
        <ele>886.4</ele>
      </trkpt>
      <trkpt lat="46.805129" lon="9.290502">
        <ele>886.4</ele>
      </trkpt>
      <trkpt lat="46.805076" lon="9.290556">
        <ele>886.5</ele>
      </trkpt>
      <trkpt lat="46.805029" lon="9.290586">
        <ele>886.4</ele>
      </trkpt>
      <trkpt lat="46.804953" lon="9.29061">
        <ele>886.3</ele>
      </trkpt>
      <trkpt lat="46.804883" lon="9.29061">
        <ele>886.4</ele>
      </trkpt>
      <trkpt lat="46.804859" lon="9.290607">
        <ele>886.4</ele>        
      </trkpt>
      <trkpt lat="46.804811" lon="9.290601">
        <ele>886.5</ele>
      </trkpt>
      <trkpt lat="46.804736" lon="9.29061">
        <ele>886.5</ele>
      </trkpt>
      <trkpt lat="46.804664" lon="9.290637">
        <ele>886.6</ele>
      </trkpt>
      <trkpt lat="46.804579" lon="9.290679">
        <ele>886.5</ele>
      </trkpt>
      <trkpt lat="46.804497" lon="9.290706">
        <ele>886.6</ele>
      </trkpt>
      <trkpt lat="46.804402" lon="9.290732">
        <ele>886.6</ele>
      </trkpt>
      <trkpt lat="46.804314" lon="9.290743">
        <ele>886.6</ele>
      </trkpt>
      <trkpt lat="46.804213" lon="9.290742">
        <ele>886.5</ele>
      </trkpt>
      <trkpt lat="46.80414" lon="9.290719">
        <ele>886.5</ele>
      </trkpt>
      <trkpt lat="46.804048" lon="9.290686">
        <ele>886.2</ele>
      </trkpt>
      <trkpt lat="46.80398" lon="9.290643">
        <ele>886.3</ele>
      </trkpt>
      <trkpt lat="46.803911" lon="9.290581">
        <ele>886.3</ele>
      </trkpt>
      <trkpt lat="46.803851" lon="9.290495">
        <ele>886.2</ele>
      </trkpt>
      <trkpt lat="46.803781" lon="9.290399">
        <ele>886.0</ele>
      </trkpt>
      <trkpt lat="46.803705" lon="9.290242">
        <ele>885.8</ele>
      </trkpt>
      <trkpt lat="46.803671" lon="9.290141">
        <ele>885.6</ele>
      </trkpt>
      <trkpt lat="46.803597" lon="9.29">
        <ele>885.4</ele>
      </trkpt>
      <trkpt lat="46.803472" lon="9.289818">
        <ele>885.1</ele>
      </trkpt>
      <trkpt lat="46.803328" lon="9.28963">
        <ele>884.7</ele>
      </trkpt>
      <trkpt lat="46.803251" lon="9.289506">
        <ele>884.3</ele>
      </trkpt>
      <trkpt lat="46.803181" lon="9.289433">
        <ele>884.0</ele>
      </trkpt>
      <trkpt lat="46.803101" lon="9.289373">
        <ele>883.8</ele>
      </trkpt>
      <trkpt lat="46.803011" lon="9.289331">
        <ele>883.7</ele>
      </trkpt>
      <trkpt lat="46.802884" lon="9.289276">
        <ele>883.3</ele>
      </trkpt>
      <trkpt lat="46.802841" lon="9.289241">
        <ele>882.9</ele>
      </trkpt>
      <trkpt lat="46.802791" lon="9.2892">
        <ele>883.0</ele>
      </trkpt>
      <trkpt lat="46.802732" lon="9.289107">
        <ele>883.3</ele>
      </trkpt>
      <trkpt lat="46.80266" lon="9.288994">
        <ele>884.2</ele>
      </trkpt>
      <trkpt lat="46.802599" lon="9.288892">
        <ele>884.9</ele>
      </trkpt>
      <trkpt lat="46.802545" lon="9.288801">
        <ele>885.7</ele>
      </trkpt>
      <trkpt lat="46.80246" lon="9.288665">
        <ele>886.8</ele>
      </trkpt>
      <trkpt lat="46.802379" lon="9.288502">
        <ele>887.9</ele>
      </trkpt>
      <trkpt lat="46.802346" lon="9.288382">
        <ele>888.6</ele>
      </trkpt>
      <trkpt lat="46.802322" lon="9.288281">
        <ele>888.9</ele>
      </trkpt>
      <trkpt lat="46.802297" lon="9.288116">
        <ele>889.1</ele>
      </trkpt>
      <trkpt lat="46.802271" lon="9.287968">
        <ele>889.3</ele>
      </trkpt>
      <trkpt lat="46.802246" lon="9.287821">
        <ele>889.3</ele>
      </trkpt>
      <trkpt lat="46.80221" lon="9.287631">
        <ele>889.5</ele>
      </trkpt>
      <trkpt lat="46.8022" lon="9.287542">
        <ele>889.7</ele>
      </trkpt>
      <trkpt lat="46.802201" lon="9.2874">
        <ele>889.8</ele>
      </trkpt>
      <trkpt lat="46.802198" lon="9.287261">
        <ele>889.8</ele>
      </trkpt>
      <trkpt lat="46.802194" lon="9.287058">
        <ele>889.8</ele>
      </trkpt>
      <trkpt lat="46.802175" lon="9.286872">
        <ele>890.0</ele>
      </trkpt>
      <trkpt lat="46.802146" lon="9.286587">
        <ele>890.1</ele>
      </trkpt>
      <trkpt lat="46.80213" lon="9.28642">
        <ele>890.4</ele>
      </trkpt>
      <trkpt lat="46.802134" lon="9.286302">
        <ele>890.5</ele>
      </trkpt>
      <trkpt lat="46.802132" lon="9.286177">
        <ele>890.5</ele>
      </trkpt>
      <trkpt lat="46.802125" lon="9.286071">
        <ele>890.5</ele>
      </trkpt>
      <trkpt lat="46.802109" lon="9.285993">
        <ele>890.5</ele>
      </trkpt>
      <trkpt lat="46.802081" lon="9.285931">
        <ele>890.7</ele>
      </trkpt>
      <trkpt lat="46.801998" lon="9.2858">
        <ele>890.9</ele>
      </trkpt>
      <trkpt lat="46.801886" lon="9.28567">
        <ele>890.9</ele>
      </trkpt>
      <trkpt lat="46.801728" lon="9.285503">
        <ele>890.8</ele>
      </trkpt>
      <trkpt lat="46.801569" lon="9.285292">
        <ele>889.3</ele>
      </trkpt>
      <trkpt lat="46.801511" lon="9.285222">
        <ele>888.7</ele>
      </trkpt>
      <trkpt lat="46.801466" lon="9.285168">
        <ele>888.1</ele>
      </trkpt>
      <trkpt lat="46.801371" lon="9.285099">
        <ele>887.5</ele>
      </trkpt>
      <trkpt lat="46.80119" lon="9.284971">
        <ele>886.2</ele>
      </trkpt>
      <trkpt lat="46.801063" lon="9.28487">
        <ele>885.0</ele>
      </trkpt>
      <trkpt lat="46.80097" lon="9.284792">
        <ele>884.3</ele>
      </trkpt>
      <trkpt lat="46.800915" lon="9.284739">
        <ele>883.7</ele>
      </trkpt>
      <trkpt lat="46.800885" lon="9.284704">
        <ele>883.4</ele>
      </trkpt>
      <trkpt lat="46.800844" lon="9.284633">
        <ele>882.8</ele>
      </trkpt>
      <trkpt lat="46.800819" lon="9.284557">
        <ele>882.1</ele>
      </trkpt>
      <trkpt lat="46.800775" lon="9.284366">
        <ele>880.3</ele>
      </trkpt>
      <trkpt lat="46.800757" lon="9.284253">
        <ele>879.5</ele>
      </trkpt>
      <trkpt lat="46.80075" lon="9.284185">
        <ele>878.6</ele>
      </trkpt>
      <trkpt lat="46.800754" lon="9.284091">
        <ele>877.6</ele>
      </trkpt>
      <trkpt lat="46.800766" lon="9.284025">
        <ele>877.0</ele>
      </trkpt>
      <trkpt lat="46.800793" lon="9.283916">
        <ele>875.7</ele>
      </trkpt>
      <trkpt lat="46.800858" lon="9.283742">
        <ele>873.8</ele>
      </trkpt>
      <trkpt lat="46.800883" lon="9.28367">
        <ele>873.0</ele>
      </trkpt>
      <trkpt lat="46.800957" lon="9.283369">
        <ele>870.2</ele>
      </trkpt>
      <trkpt lat="46.801023" lon="9.283146">
        <ele>867.6</ele>
      </trkpt>
      <trkpt lat="46.801043" lon="9.283072">
        <ele>867.0</ele>
      </trkpt>
      <trkpt lat="46.801066" lon="9.282991">
        <ele>865.9</ele>
      </trkpt>
      <trkpt lat="46.80108" lon="9.282924">
        <ele>865.3</ele>
      </trkpt>
      <trkpt lat="46.801075" lon="9.28285">
        <ele>864.5</ele>
      </trkpt>
      <trkpt lat="46.801047" lon="9.282768">
        <ele>863.5</ele>
      </trkpt>
      <trkpt lat="46.801017" lon="9.282709">
        <ele>862.8</ele>
      </trkpt>
      <trkpt lat="46.800945" lon="9.282634">
        <ele>861.7</ele>
      </trkpt>
      <trkpt lat="46.800857" lon="9.28255">
        <ele>860.2</ele>
      </trkpt>
      <trkpt lat="46.800817" lon="9.282498">
        <ele>859.5</ele>
      </trkpt>
      <trkpt lat="46.800791" lon="9.282464">
        <ele>859.1</ele>
      </trkpt>
      <trkpt lat="46.800721" lon="9.282374">
        <ele>857.8</ele>
      </trkpt>
      <trkpt lat="46.800661" lon="9.282291">
        <ele>856.8</ele>
      </trkpt>
      <trkpt lat="46.80059" lon="9.282178">
        <ele>855.2</ele>
      </trkpt>
      <trkpt lat="46.800516" lon="9.282027">
        <ele>853.5</ele>
      </trkpt>
      <trkpt lat="46.800459" lon="9.281886">
        <ele>852.0</ele>
      </trkpt>
      <trkpt lat="46.800384" lon="9.281698">
        <ele>849.9</ele>
      </trkpt>
      <trkpt lat="46.80036" lon="9.28161">
        <ele>849.0</ele>
      </trkpt>
      <trkpt lat="46.800292" lon="9.281298">
        <ele>846.2</ele>
      </trkpt>
      <trkpt lat="46.800267" lon="9.281154">
        <ele>844.8</ele>
      </trkpt>
      <trkpt lat="46.800241" lon="9.281014">
        <ele>843.7</ele>
      </trkpt>
      <trkpt lat="46.800218" lon="9.280858">
        <ele>842.1</ele>
      </trkpt>
      <trkpt lat="46.800213" lon="9.280725">
        <ele>841.0</ele>
      </trkpt>
      <trkpt lat="46.800221" lon="9.280601">
        <ele>839.8</ele>
      </trkpt>
      <trkpt lat="46.800222" lon="9.280485">
        <ele>838.7</ele>
      </trkpt>
      <trkpt lat="46.800212" lon="9.280412">
        <ele>838.1</ele>
      </trkpt>
      <trkpt lat="46.800199" lon="9.280343">
        <ele>837.4</ele>
      </trkpt>
      <trkpt lat="46.800162" lon="9.280174">
        <ele>835.7</ele>
      </trkpt>
      <trkpt lat="46.800131" lon="9.28007">
        <ele>834.8</ele>
      </trkpt>
      <trkpt lat="46.800074" lon="9.279937">
        <ele>833.2</ele>
      </trkpt>
      <trkpt lat="46.800029" lon="9.279856">
        <ele>832.3</ele>
      </trkpt>
      <trkpt lat="46.799999" lon="9.279805">
        <ele>831.7</ele>
      </trkpt>
      <trkpt lat="46.799956" lon="9.279697">
        <ele>830.5</ele>
      </trkpt>
      <trkpt lat="46.799925" lon="9.279566">
        <ele>829.2</ele>
      </trkpt>
      <trkpt lat="46.799911" lon="9.279471">
        <ele>828.3</ele>
      </trkpt>
      <trkpt lat="46.799893" lon="9.279324">
        <ele>827.0</ele>
      </trkpt>
      <trkpt lat="46.79985" lon="9.279162">
        <ele>825.4</ele>
      </trkpt>
      <trkpt lat="46.79981" lon="9.279036">
        <ele>824.2</ele>
      </trkpt>
      <trkpt lat="46.799768" lon="9.278923">
        <ele>823.1</ele>
      </trkpt>
      <trkpt lat="46.799694" lon="9.278638">
        <ele>820.3</ele>
      </trkpt>
      <trkpt lat="46.799668" lon="9.278455">
        <ele>818.6</ele>
      </trkpt>
      <trkpt lat="46.799646" lon="9.278362">
        <ele>817.8</ele>
      </trkpt>
      <trkpt lat="46.79962" lon="9.278268">
        <ele>816.9</ele>
      </trkpt>
      <trkpt lat="46.799572" lon="9.278176">
        <ele>816.0</ele>
      </trkpt>
      <trkpt lat="46.799526" lon="9.278089">
        <ele>814.9</ele>
      </trkpt>
      <trkpt lat="46.799492" lon="9.278005">
        <ele>814.3</ele>
      </trkpt>
      <trkpt lat="46.799471" lon="9.277905">
        <ele>813.7</ele>
      </trkpt>
      <trkpt lat="46.799467" lon="9.277816">
        <ele>813.0</ele>
      </trkpt>
      <trkpt lat="46.799473" lon="9.277727">
        <ele>812.4</ele>
      </trkpt>
      <trkpt lat="46.79948" lon="9.27766">
        <ele>812.1</ele>
      </trkpt>
      <trkpt lat="46.799468" lon="9.27759">
        <ele>811.8</ele>
      </trkpt>
      <trkpt lat="46.799443" lon="9.27755">
        <ele>811.6</ele>
      </trkpt>
      <trkpt lat="46.799422" lon="9.277532">
        <ele>811.3</ele>
      </trkpt>
      <trkpt lat="46.799398" lon="9.277526">
        <ele>811.2</ele>
      </trkpt>
      <trkpt lat="46.79937" lon="9.27754">
        <ele>810.9</ele>
      </trkpt>
      <trkpt lat="46.799347" lon="9.277429">
        <ele>810.6</ele>
      </trkpt>
      <trkpt lat="46.799319" lon="9.277364">
        <ele>810.0</ele>
      </trkpt>
      <trkpt lat="46.799242" lon="9.277238">
        <ele>809.7</ele>
      </trkpt>
      <trkpt lat="46.799156" lon="9.277086">
        <ele>809.1</ele>
      </trkpt>
      <trkpt lat="46.799094" lon="9.276947">
        <ele>808.6</ele>
      </trkpt>
      <trkpt lat="46.799067" lon="9.276856">
        <ele>808.5</ele>
      </trkpt>
      <trkpt lat="46.799058" lon="9.276803">
        <ele>808.5</ele>
      </trkpt>
      <trkpt lat="46.799052" lon="9.276724">
        <ele>808.3</ele>
      </trkpt>
      <trkpt lat="46.799051" lon="9.276596">
        <ele>808.0</ele>
      </trkpt>
      <trkpt lat="46.799045" lon="9.276517">
        <ele>807.7</ele>
      </trkpt>
      <trkpt lat="46.799029" lon="9.276425">
        <ele>807.4</ele>
      </trkpt>
      <trkpt lat="46.799012" lon="9.276365">
        <ele>807.5</ele>
      </trkpt>
      <trkpt lat="46.79899" lon="9.276321">
        <ele>807.4</ele>
      </trkpt>
      <trkpt lat="46.798954" lon="9.276279">
        <ele>807.2</ele>
      </trkpt>
      <trkpt lat="46.798888" lon="9.276217">
        <ele>807.4</ele>
      </trkpt>
      <trkpt lat="46.798834" lon="9.276169">
        <ele>807.5</ele>
      </trkpt>
      <trkpt lat="46.798802" lon="9.276135">
        <ele>807.5</ele>
      </trkpt>
      <trkpt lat="46.79877" lon="9.276087">
        <ele>807.6</ele>
      </trkpt>
      <trkpt lat="46.798729" lon="9.275987">
        <ele>807.4</ele>
      </trkpt>
      <trkpt lat="46.798692" lon="9.275862">
        <ele>807.3</ele>
      </trkpt>
      <trkpt lat="46.798687" lon="9.275845">
        <ele>807.3</ele>
      </trkpt>
      <trkpt lat="46.798675" lon="9.275801">
        <ele>806.9</ele>
      </trkpt>
      <trkpt lat="46.798663" lon="9.27576">
        <ele>806.4</ele>
      </trkpt>
      <trkpt lat="46.798632" lon="9.275681">
        <ele>805.6</ele>
      </trkpt>
      <trkpt lat="46.798594" lon="9.275591">
        <ele>804.9</ele>
      </trkpt>
      <trkpt lat="46.798551" lon="9.275508">
        <ele>804.2</ele>
      </trkpt>
      <trkpt lat="46.798464" lon="9.275362">
        <ele>802.8</ele>
      </trkpt>
      <trkpt lat="46.798431" lon="9.275293">
        <ele>802.4</ele>
      </trkpt>
      <trkpt lat="46.798393" lon="9.275197">
        <ele>801.7</ele>
      </trkpt>
      <trkpt lat="46.798356" lon="9.275078">
        <ele>801.0</ele>
      </trkpt>
      <trkpt lat="46.798275" lon="9.274823">
        <ele>799.5</ele>
      </trkpt>
      <trkpt lat="46.798234" lon="9.274693">
        <ele>799.1</ele>
      </trkpt>
      <trkpt lat="46.798152" lon="9.274405">
        <ele>798.1</ele>
      </trkpt>
      <trkpt lat="46.798112" lon="9.274276">
        <ele>797.9</ele>
      </trkpt>
      <trkpt lat="46.798092" lon="9.274225">
        <ele>797.7</ele>
      </trkpt>
      <trkpt lat="46.797928" lon="9.273822">
        <ele>797.0</ele>
      </trkpt>
      <trkpt lat="46.7978" lon="9.273501">
        <ele>796.4</ele>
      </trkpt>
      <trkpt lat="46.797686" lon="9.27321">
        <ele>796.1</ele>
      </trkpt>
      <trkpt lat="46.797569" lon="9.272924">
        <ele>795.4</ele>
      </trkpt>
      <trkpt lat="46.797543" lon="9.272908">
        <ele>795.3</ele>
      </trkpt>
      <trkpt lat="46.79753" lon="9.272894">
        <ele>795.1</ele>
      </trkpt>
      <trkpt lat="46.797456" lon="9.272796">
        <ele>794.7</ele>
      </trkpt>
      <trkpt lat="46.797339" lon="9.272636">
        <ele>793.9</ele>
      </trkpt>
      <trkpt lat="46.797318" lon="9.272604">
        <ele>793.7</ele>
      </trkpt>
      <trkpt lat="46.797296" lon="9.272574">
        <ele>793.4</ele>
      </trkpt>
      <trkpt lat="46.797269" lon="9.27253">
        <ele>792.9</ele>
      </trkpt>
      <trkpt lat="46.797122" lon="9.272335">
        <ele>790.5</ele>
      </trkpt>
      <trkpt lat="46.797" lon="9.272195">
        <ele>787.8</ele>
      </trkpt>
      <trkpt lat="46.796772" lon="9.271933">
        <ele>783.3</ele>
      </trkpt>
      <trkpt lat="46.796685" lon="9.27183">
        <ele>781.0</ele>
      </trkpt>
      <trkpt lat="46.796668" lon="9.271785">
        <ele>780.9</ele>
      </trkpt>
      <trkpt lat="46.796655" lon="9.271717">
        <ele>780.6</ele>
      </trkpt>
      <trkpt lat="46.796635" lon="9.271583">
        <ele>778.5</ele>
      </trkpt>
      <trkpt lat="46.796618" lon="9.271449">
        <ele>776.8</ele>
      </trkpt>
      <trkpt lat="46.7966" lon="9.271367">
        <ele>776.0</ele>
      </trkpt>
      <trkpt lat="46.796575" lon="9.271263">
        <ele>774.5</ele>
      </trkpt>
      <trkpt lat="46.796513" lon="9.271132">
        <ele>772.9</ele>
      </trkpt>
      <trkpt lat="46.796423" lon="9.270988">
        <ele>770.5</ele>
      </trkpt>
      <trkpt lat="46.796272" lon="9.270774">
        <ele>766.4</ele>
      </trkpt>
      <trkpt lat="46.796167" lon="9.270553">
        <ele>762.9</ele>
      </trkpt>
      <trkpt lat="46.796132" lon="9.270497">
        <ele>762.3</ele>
      </trkpt>
      <trkpt lat="46.796015" lon="9.270411">
        <ele>760.5</ele>
      </trkpt>
      <trkpt lat="46.795935" lon="9.270364">
        <ele>759.6</ele>
      </trkpt>
      <trkpt lat="46.795838" lon="9.270345">
        <ele>758.5</ele>
      </trkpt>
      <trkpt lat="46.795812" lon="9.270331">
        <ele>758.2</ele>
      </trkpt>
      <trkpt lat="46.795675" lon="9.270258">
        <ele>755.5</ele>
      </trkpt>
      <trkpt lat="46.795598" lon="9.270239">
        <ele>754.1</ele>
      </trkpt>
      <trkpt lat="46.795533" lon="9.270237">
        <ele>753.0</ele>
      </trkpt>
      <trkpt lat="46.795464" lon="9.270263">
        <ele>751.9</ele>
      </trkpt>
      <trkpt lat="46.795406" lon="9.270318">
        <ele>751.5</ele>
      </trkpt>
      <trkpt lat="46.79538" lon="9.270332">
        <ele>751.0</ele>
      </trkpt>
      <trkpt lat="46.795357" lon="9.270337">
        <ele>750.6</ele>
      </trkpt>
      <trkpt lat="46.79533" lon="9.270335">
        <ele>750.0</ele>
      </trkpt>
      <trkpt lat="46.795249" lon="9.270291">
        <ele>749.3</ele>
      </trkpt>
      <trkpt lat="46.795146" lon="9.270233">
        <ele>746.3</ele>
      </trkpt>
      <trkpt lat="46.795093" lon="9.270192">
        <ele>745.0</ele>
      </trkpt>
      <trkpt lat="46.795068" lon="9.270167">
        <ele>744.3</ele>
      </trkpt>
      <trkpt lat="46.795037" lon="9.270121">
        <ele>743.2</ele>
      </trkpt>
      <trkpt lat="46.795001" lon="9.270072">
        <ele>742.0</ele>
      </trkpt>
      <trkpt lat="46.794975" lon="9.270046">
        <ele>741.1</ele>
      </trkpt>
      <trkpt lat="46.794891" lon="9.270001">
        <ele>739.5</ele>
      </trkpt>
      <trkpt lat="46.7948" lon="9.269968">
        <ele>737.7</ele>
      </trkpt>
      <trkpt lat="46.794645" lon="9.269937">
        <ele>735.7</ele>
      </trkpt>
      <trkpt lat="46.794562" lon="9.26993">
        <ele>734.6</ele>
      </trkpt>
      <trkpt lat="46.794535" lon="9.269928">
        <ele>733.6</ele>
      </trkpt>
      <trkpt lat="46.794376" lon="9.269895">
        <ele>730.8</ele>
      </trkpt>
      <trkpt lat="46.794295" lon="9.269881">
        <ele>729.2</ele>
      </trkpt>
      <trkpt lat="46.794245" lon="9.269863">
        <ele>728.3</ele>
      </trkpt>
      <trkpt lat="46.794185" lon="9.269816">
        <ele>727.0</ele>
      </trkpt>
      <trkpt lat="46.794145" lon="9.269748">
        <ele>726.0</ele>
      </trkpt>
      <trkpt lat="46.794072" lon="9.269595">
        <ele>724.0</ele>
      </trkpt>
      <trkpt lat="46.793995" lon="9.269394">
        <ele>720.9</ele>
      </trkpt>
      <trkpt lat="46.793946" lon="9.26924">
        <ele>718.8</ele>
      </trkpt>
      <trkpt lat="46.793874" lon="9.269075">
        <ele>715.9</ele>
      </trkpt>
      <trkpt lat="46.793811" lon="9.268909">
        <ele>713.0</ele>
      </trkpt>
      <trkpt lat="46.793727" lon="9.268655">
        <ele>710.2</ele>
      </trkpt>
      <trkpt lat="46.793704" lon="9.268553">
        <ele>709.0</ele>
      </trkpt>
      <trkpt lat="46.793674" lon="9.268409">
        <ele>708.2</ele>
      </trkpt>
      <trkpt lat="46.793658" lon="9.268329">
        <ele>707.9</ele>
      </trkpt>
      <trkpt lat="46.793651" lon="9.268293">
        <ele>707.6</ele>
      </trkpt>
      <trkpt lat="46.793631" lon="9.268192">
        <ele>707.2</ele>
      </trkpt>
      <trkpt lat="46.793614" lon="9.268086">
        <ele>706.5</ele>
      </trkpt>
      <trkpt lat="46.793598" lon="9.26799">
        <ele>706.0</ele>
      </trkpt>
      <trkpt lat="46.793591" lon="9.267941">
        <ele>705.5</ele>
      </trkpt>
      <trkpt lat="46.793576" lon="9.267811">
        <ele>704.5</ele>
      </trkpt>
      <trkpt lat="46.793575" lon="9.267784">
        <ele>704.3</ele>
      </trkpt>
      <trkpt lat="46.793574" lon="9.267763">
        <ele>704.1</ele>
      </trkpt>
      <trkpt lat="46.793568" lon="9.267736">
        <ele>704.1</ele>
      </trkpt>
      <trkpt lat="46.793555" lon="9.267723">
        <ele>704.1</ele>
      </trkpt>
      <trkpt lat="46.79355" lon="9.267722">
        <ele>704.1</ele>
      </trkpt>
      <trkpt lat="46.793561" lon="9.267644">
        <ele>704.3</ele>
      </trkpt>
      <trkpt lat="46.793562" lon="9.267557">
        <ele>704.5</ele>
      </trkpt>
      <trkpt lat="46.793546" lon="9.267479">
        <ele>704.6</ele>
      </trkpt>
      <trkpt lat="46.793524" lon="9.267442">
        <ele>704.6</ele>
      </trkpt>
      <trkpt lat="46.793242" lon="9.267206">
        <ele>704.2</ele>
      </trkpt>
      <trkpt lat="46.793221" lon="9.267199">
        <ele>704.0</ele>
      </trkpt>
      <trkpt lat="46.793195" lon="9.267198">
        <ele>704.0</ele>
      </trkpt>
      <trkpt lat="46.793172" lon="9.267203">
        <ele>704.0</ele>
      </trkpt>
      <trkpt lat="46.793143" lon="9.267217">
        <ele>703.9</ele>
      </trkpt>
      <trkpt lat="46.793098" lon="9.267258">
        <ele>703.9</ele>
      </trkpt>
      <trkpt lat="46.793066" lon="9.267313">
        <ele>703.8</ele>
      </trkpt>
      <trkpt lat="46.793037" lon="9.267385">
        <ele>703.6</ele>
      </trkpt>
      <trkpt lat="46.793016" lon="9.267465">
        <ele>703.7</ele>
      </trkpt>
      <trkpt lat="46.792968" lon="9.267743">
        <ele>703.6</ele>
      </trkpt>
      <trkpt lat="46.79294" lon="9.268041">
        <ele>703.6</ele>
      </trkpt>
      <trkpt lat="46.792937" lon="9.268184">
        <ele>703.7</ele>
      </trkpt>
      <trkpt lat="46.792944" lon="9.268429">
        <ele>704.7</ele>
      </trkpt>
      <trkpt lat="46.792962" lon="9.268785">
        <ele>706.5</ele>
      </trkpt>
      <trkpt lat="46.792961" lon="9.268924">
        <ele>707.4</ele>
      </trkpt>
      <trkpt lat="46.79295" lon="9.269036">
        <ele>707.8</ele>
      </trkpt>
      <trkpt lat="46.792914" lon="9.26921">
        <ele>708.9</ele>
      </trkpt>
      <trkpt lat="46.792863" lon="9.269375">
        <ele>709.9</ele>
      </trkpt>
      <trkpt lat="46.792833" lon="9.269526">
        <ele>711.2</ele>
      </trkpt>
      <trkpt lat="46.792828" lon="9.269722">
        <ele>712.5</ele>
      </trkpt>
      <trkpt lat="46.792828" lon="9.269757">
        <ele>712.6</ele>
      </trkpt>
      <trkpt lat="46.792828" lon="9.269892">
        <ele>713.1</ele>
      </trkpt>
      <trkpt lat="46.792859" lon="9.269903">
        <ele>713.0</ele>
      </trkpt>
      <trkpt lat="46.792876" lon="9.26993">
        <ele>712.9</ele>
      </trkpt>
      <trkpt lat="46.792882" lon="9.269966">
        <ele>712.6</ele>
      </trkpt>
      <trkpt lat="46.792883" lon="9.270008">
        <ele>712.5</ele>
      </trkpt>
      <trkpt lat="46.792872" lon="9.270057">
        <ele>712.4</ele>
      </trkpt>
      <trkpt lat="46.792846" lon="9.270152">
        <ele>711.7</ele>
      </trkpt>
      <trkpt lat="46.792825" lon="9.270278">
        <ele>710.5</ele>
      </trkpt>
      <trkpt lat="46.792823" lon="9.270368">
        <ele>709.2</ele>
      </trkpt>
      <trkpt lat="46.792851" lon="9.270744">
        <ele>705.9</ele>
      </trkpt>
      <trkpt lat="46.792866" lon="9.271252">
        <ele>701.3</ele>
      </trkpt>
      <trkpt lat="46.792872" lon="9.271729">
        <ele>697.2</ele>
      </trkpt>
      <trkpt lat="46.79287" lon="9.272122">
        <ele>693.6</ele>
      </trkpt>
      <trkpt lat="46.792862" lon="9.272442">
        <ele>690.6</ele>
      </trkpt>
      <trkpt lat="46.792854" lon="9.272639">
        <ele>688.8</ele>
      </trkpt>
      <trkpt lat="46.792806" lon="9.272874">
        <ele>686.5</ele>
      </trkpt>
      <trkpt lat="46.79278" lon="9.272978">
        <ele>685.4</ele>
      </trkpt>
      <trkpt lat="46.792713" lon="9.273205">
        <ele>683.1</ele>
      </trkpt>
      <trkpt lat="46.792655" lon="9.273393">
        <ele>681.1</ele>
      </trkpt>
      <trkpt lat="46.792589" lon="9.273586">
        <ele>679.6</ele>
      </trkpt>
      <trkpt lat="46.792538" lon="9.273694">
        <ele>678.0</ele>
      </trkpt>
      <trkpt lat="46.79248" lon="9.273802">
        <ele>676.8</ele>
      </trkpt>
      <trkpt lat="46.792411" lon="9.273902">
        <ele>675.6</ele>
      </trkpt>
      <trkpt lat="46.792358" lon="9.273964">
        <ele>674.5</ele>
      </trkpt>
      <trkpt lat="46.7923" lon="9.274004">
        <ele>673.8</ele>
      </trkpt>
      <trkpt lat="46.792264" lon="9.274018">
        <ele>673.5</ele>
      </trkpt>
      <trkpt lat="46.792229" lon="9.274014">
        <ele>673.2</ele>
      </trkpt>
      <trkpt lat="46.792201" lon="9.274">
        <ele>673.0</ele>
      </trkpt>
      <trkpt lat="46.792177" lon="9.273964">
        <ele>672.7</ele>
      </trkpt>
      <trkpt lat="46.792128" lon="9.27385">
        <ele>671.6</ele>
      </trkpt>
      <trkpt lat="46.792062" lon="9.273693">
        <ele>670.1</ele>
      </trkpt>
      <trkpt lat="46.792016" lon="9.273602">
        <ele>669.3</ele>
      </trkpt>
      <trkpt lat="46.79199" lon="9.273601">
        <ele>669.3</ele>
      </trkpt>
      <trkpt lat="46.791655" lon="9.27386">
        <ele>669.2</ele>
      </trkpt>
      <trkpt lat="46.791324" lon="9.274114">
        <ele>669.1</ele>
      </trkpt>
      <trkpt lat="46.791314" lon="9.274127">
        <ele>669.2</ele>
      </trkpt>
      <trkpt lat="46.791281" lon="9.274154">
        <ele>669.1</ele>
      </trkpt>
      <trkpt lat="46.791314" lon="9.274127">
        <ele>669.2</ele>
      </trkpt>
      <trkpt lat="46.791437" lon="9.274435">
        <ele>668.6</ele>
      </trkpt>
      <trkpt lat="46.791537" lon="9.274688">
        <ele>668.6</ele>
      </trkpt>
      <trkpt lat="46.791573" lon="9.274773">
        <ele>668.8</ele>
      </trkpt>
      <trkpt lat="46.791763" lon="9.275323">
        <ele>668.4</ele>
      </trkpt>
      <trkpt lat="46.791931" lon="9.275785">
        <ele>668.0</ele>
      </trkpt>
      <trkpt lat="46.792029" lon="9.276061">
        <ele>668.3</ele>
      </trkpt>
      <trkpt lat="46.792102" lon="9.27623">
        <ele>668.6</ele>
      </trkpt>
      <trkpt lat="46.792172" lon="9.276382">
        <ele>668.8</ele>
      </trkpt>
      <trkpt lat="46.792353" lon="9.276694">
        <ele>668.5</ele>
      </trkpt>
      <trkpt lat="46.792534" lon="9.27698">
        <ele>667.8</ele>
      </trkpt>
      <trkpt lat="46.792659" lon="9.277198">
        <ele>668.1</ele>
      </trkpt>
      <trkpt lat="46.792861" lon="9.277523">
        <ele>667.8</ele>
      </trkpt>
      <trkpt lat="46.793017" lon="9.277762">
        <ele>667.4</ele>
      </trkpt>
      <trkpt lat="46.793166" lon="9.278006">
        <ele>666.7</ele>
      </trkpt>
      <trkpt lat="46.793227" lon="9.278088">
        <ele>666.7</ele>
      </trkpt>
      <trkpt lat="46.793297" lon="9.278191">
        <ele>666.5</ele>
      </trkpt>
      <trkpt lat="46.793412" lon="9.278315">
        <ele>665.9</ele>
      </trkpt>
      <trkpt lat="46.793537" lon="9.27846">
        <ele>666.0</ele>
      </trkpt>
      <trkpt lat="46.793634" lon="9.278551">
        <ele>666.5</ele>
      </trkpt>
      <trkpt lat="46.79374" lon="9.278655">
        <ele>665.9</ele>
      </trkpt>
      <trkpt lat="46.793967" lon="9.278855">
        <ele>665.3</ele>
      </trkpt>
      <trkpt lat="46.794045" lon="9.278923">
        <ele>664.2</ele>
      </trkpt>
      <trkpt lat="46.794127" lon="9.278989">
        <ele>664.3</ele>
      </trkpt>
      <trkpt lat="46.794194" lon="9.279052">
        <ele>663.8</ele>
      </trkpt>
      <trkpt lat="46.794287" lon="9.279135">
        <ele>663.8</ele>
      </trkpt>
      <trkpt lat="46.794376" lon="9.279209">
        <ele>664.1</ele>
      </trkpt>
      <trkpt lat="46.794431" lon="9.279265">
        <ele>664.2</ele>
      </trkpt>
      <trkpt lat="46.79449" lon="9.279307">
        <ele>664.1</ele>
      </trkpt>
      <trkpt lat="46.794601" lon="9.279409">
        <ele>663.6</ele>
      </trkpt>
      <trkpt lat="46.794744" lon="9.279531">
        <ele>664.7</ele>
      </trkpt>
      <trkpt lat="46.794846" lon="9.279618">
        <ele>664.8</ele>
      </trkpt>
      <trkpt lat="46.795105" lon="9.279792">
        <ele>664.3</ele>
      </trkpt>
      <trkpt lat="46.795186" lon="9.279855">
        <ele>664.1</ele>
      </trkpt>
      <trkpt lat="46.795258" lon="9.279906">
        <ele>663.6</ele>
      </trkpt>
      <trkpt lat="46.795317" lon="9.279956">
        <ele>663.9</ele>
      </trkpt>
      <trkpt lat="46.795383" lon="9.280015">
        <ele>663.5</ele>
      </trkpt>
      <trkpt lat="46.795441" lon="9.280065">
        <ele>663.2</ele>
      </trkpt>
      <trkpt lat="46.795509" lon="9.280118">
        <ele>661.8</ele>
      </trkpt>
      <trkpt lat="46.795552" lon="9.280146">
        <ele>661.3</ele>
      </trkpt>
      <trkpt lat="46.795631" lon="9.28024">
        <ele>660.4</ele>
      </trkpt>
      <trkpt lat="46.795707" lon="9.280325">
        <ele>659.8</ele>
      </trkpt>
      <trkpt lat="46.795727" lon="9.28034">
        <ele>659.2</ele>
      </trkpt>
      <trkpt lat="46.795747" lon="9.280353">
        <ele>659.1</ele>
      </trkpt>
      <trkpt lat="46.795772" lon="9.280369">
        <ele>658.7</ele>
      </trkpt>
      <trkpt lat="46.795794" lon="9.280387">
        <ele>657.8</ele>
      </trkpt>
      <trkpt lat="46.795817" lon="9.28042">
        <ele>656.9</ele>
      </trkpt>
      <trkpt lat="46.795852" lon="9.280493">
        <ele>657.2</ele>
      </trkpt>
      <trkpt lat="46.795868" lon="9.280529">
        <ele>657.3</ele>
      </trkpt>
      <trkpt lat="46.795879" lon="9.280578">
        <ele>657.8</ele>
      </trkpt>
      <trkpt lat="46.795893" lon="9.280604">
        <ele>657.5</ele>
      </trkpt>
      <trkpt lat="46.79593" lon="9.280681">
        <ele>657.1</ele>
      </trkpt>
      <trkpt lat="46.795973" lon="9.28079">
        <ele>657.2</ele>
      </trkpt>
      <trkpt lat="46.796" lon="9.28087">
        <ele>657.7</ele>
      </trkpt>
      <trkpt lat="46.796024" lon="9.28091">
        <ele>657.2</ele>
      </trkpt>
      <trkpt lat="46.79603" lon="9.280963">
        <ele>657.9</ele>
      </trkpt>
      <trkpt lat="46.796071" lon="9.281063">
        <ele>657.2</ele>
      </trkpt>
      <trkpt lat="46.796089" lon="9.281155">
        <ele>658.0</ele>
      </trkpt>
      <trkpt lat="46.796143" lon="9.281284">
        <ele>656.8</ele>
      </trkpt>
      <trkpt lat="46.796183" lon="9.281412">
        <ele>657.3</ele>
      </trkpt>
      <trkpt lat="46.796206" lon="9.281507">
        <ele>658.0</ele>
      </trkpt>
      <trkpt lat="46.79623" lon="9.281539">
        <ele>656.9</ele>
      </trkpt>
      <trkpt lat="46.796266" lon="9.281633">
        <ele>656.3</ele>
      </trkpt>
      <trkpt lat="46.796286" lon="9.28173">
        <ele>657.0</ele>
      </trkpt>
      <trkpt lat="46.796308" lon="9.28184">
        <ele>657.9</ele>
      </trkpt>
      <trkpt lat="46.796333" lon="9.281913">
        <ele>657.7</ele>
      </trkpt>
      <trkpt lat="46.796371" lon="9.282002">
        <ele>658.4</ele>
      </trkpt>
      <trkpt lat="46.796412" lon="9.282126">
        <ele>659.9</ele>
      </trkpt>
      <trkpt lat="46.796447" lon="9.282256">
        <ele>660.1</ele>
      </trkpt>
      <trkpt lat="46.796478" lon="9.28234">
        <ele>659.4</ele>
      </trkpt>
      <trkpt lat="46.79652" lon="9.282421">
        <ele>657.5</ele>
      </trkpt>
      <trkpt lat="46.796538" lon="9.282456">
        <ele>657.0</ele>
      </trkpt>
      <trkpt lat="46.796552" lon="9.28253">
        <ele>656.8</ele>
      </trkpt>
      <trkpt lat="46.796578" lon="9.282667">
        <ele>656.6</ele>
      </trkpt>
      <trkpt lat="46.796586" lon="9.282753">
        <ele>656.5</ele>
      </trkpt>
      <trkpt lat="46.796585" lon="9.282817">
        <ele>656.7</ele>
      </trkpt>
      <trkpt lat="46.796577" lon="9.282979">
        <ele>656.8</ele>
      </trkpt>
      <trkpt lat="46.796566" lon="9.283027">
        <ele>656.9</ele>
      </trkpt>
      <trkpt lat="46.796495" lon="9.283329">
        <ele>657.7</ele>
      </trkpt>
      <trkpt lat="46.796456" lon="9.283448">
        <ele>657.5</ele>
      </trkpt>
      <trkpt lat="46.796437" lon="9.283555">
        <ele>657.3</ele>
      </trkpt>
      <trkpt lat="46.796405" lon="9.283637">
        <ele>657.4</ele>
      </trkpt>
      <trkpt lat="46.796383" lon="9.283694">
        <ele>657.5</ele>
      </trkpt>
      <trkpt lat="46.796378" lon="9.283717">
        <ele>657.6</ele>
      </trkpt>
      <trkpt lat="46.79638" lon="9.283747">
        <ele>657.5</ele>
      </trkpt>
      <trkpt lat="46.79639" lon="9.283797">
        <ele>656.0</ele>
      </trkpt>
      <trkpt lat="46.79639" lon="9.283837">
        <ele>654.9</ele>
      </trkpt>
      <trkpt lat="46.796377" lon="9.283881">
        <ele>654.6</ele>
      </trkpt>
      <trkpt lat="46.796345" lon="9.283951">
        <ele>654.4</ele>
      </trkpt>
      <trkpt lat="46.796323" lon="9.284011">
        <ele>654.9</ele>
      </trkpt>
      <trkpt lat="46.796302" lon="9.284084">
        <ele>654.3</ele>
      </trkpt>
      <trkpt lat="46.796275" lon="9.284207">
        <ele>654.0</ele>
      </trkpt>
      <trkpt lat="46.796245" lon="9.284308">
        <ele>654.5</ele>
      </trkpt>
      <trkpt lat="46.796205" lon="9.284429">
        <ele>654.5</ele>
      </trkpt>
      <trkpt lat="46.796148" lon="9.28457">
        <ele>654.7</ele>
      </trkpt>
      <trkpt lat="46.795925" lon="9.285043">
        <ele>655.9</ele>
      </trkpt>
      <trkpt lat="46.795897" lon="9.285102">
        <ele>656.1</ele>
      </trkpt>
      <trkpt lat="46.795772" lon="9.285393">
        <ele>656.7</ele>
      </trkpt>
      <trkpt lat="46.795647" lon="9.285683">
        <ele>656.9</ele>
      </trkpt>
      <trkpt lat="46.795626" lon="9.285732">
        <ele>657.1</ele>
      </trkpt>
      <trkpt lat="46.795495" lon="9.286067">
        <ele>658.0</ele>
      </trkpt>
      <trkpt lat="46.795419" lon="9.28634">
        <ele>658.2</ele>
      </trkpt>
      <trkpt lat="46.795342" lon="9.286704">
        <ele>658.6</ele>
      </trkpt>
      <trkpt lat="46.795307" lon="9.287012">
        <ele>659.0</ele>
      </trkpt>
      <trkpt lat="46.795285" lon="9.2872">
        <ele>659.1</ele>
      </trkpt>
      <trkpt lat="46.795282" lon="9.287246">
        <ele>659.2</ele>
      </trkpt>
      <trkpt lat="46.795274" lon="9.287366">
        <ele>659.3</ele>
      </trkpt>
      <trkpt lat="46.795262" lon="9.287405">
        <ele>660.1</ele>
      </trkpt>
      <trkpt lat="46.795222" lon="9.287477">
        <ele>662.1</ele>
      </trkpt>
      <trkpt lat="46.795181" lon="9.287546">
        <ele>663.0</ele>
      </trkpt>
      <trkpt lat="46.795197" lon="9.288159">
        <ele>663.1</ele>
      </trkpt>
      <trkpt lat="46.795215" lon="9.288201">
        <ele>662.6</ele>
      </trkpt>
      <trkpt lat="46.795222" lon="9.288188">
        <ele>662.7</ele>
      </trkpt>
      <trkpt lat="46.795243" lon="9.288132">
        <ele>661.8</ele>
      </trkpt>
      <trkpt lat="46.795257" lon="9.288135">
        <ele>661.5</ele>
      </trkpt>
      <trkpt lat="46.795267" lon="9.288165">
        <ele>661.0</ele>
        <name>Au</name>
      </trkpt>
      <trkpt lat="46.795281" lon="9.288197">
        <ele>660.3</ele>
      </trkpt>
      <trkpt lat="46.795306" lon="9.288216">
        <ele>659.2</ele>
      </trkpt>
      <trkpt lat="46.795333" lon="9.288233">
        <ele>658.3</ele>
      </trkpt>
      <trkpt lat="46.795347" lon="9.288259">
        <ele>658.0</ele>
      </trkpt>
      <trkpt lat="46.795343" lon="9.288278">
        <ele>658.1</ele>
      </trkpt>
      <trkpt lat="46.795335" lon="9.288299">
        <ele>658.3</ele>
      </trkpt>
      <trkpt lat="46.795326" lon="9.288334">
        <ele>658.1</ele>
      </trkpt>
      <trkpt lat="46.795324" lon="9.288338">
        <ele>658.1</ele>
      </trkpt>
      <trkpt lat="46.795149" lon="9.288342">
        <ele>658.6</ele>
      </trkpt>
      <trkpt lat="46.795107" lon="9.28834">
        <ele>659.1</ele>
      </trkpt>
      <trkpt lat="46.795009" lon="9.288329">
        <ele>660.3</ele>
      </trkpt>
      <trkpt lat="46.794938" lon="9.288287">
        <ele>662.3</ele>
      </trkpt>
      <trkpt lat="46.794877" lon="9.288249">
        <ele>663.3</ele>
      </trkpt>
      <trkpt lat="46.79482" lon="9.288244">
        <ele>664.1</ele>
      </trkpt>
      <trkpt lat="46.794704" lon="9.288277">
        <ele>666.2</ele>
      </trkpt>
      <trkpt lat="46.794585" lon="9.288328">
        <ele>668.5</ele>
      </trkpt>
      <trkpt lat="46.794471" lon="9.288407">
        <ele>669.0</ele>
      </trkpt>
      <trkpt lat="46.794436" lon="9.288439">
        <ele>669.6</ele>
      </trkpt>
      <trkpt lat="46.794379" lon="9.288523">
        <ele>670.9</ele>
      </trkpt>
      <trkpt lat="46.794335" lon="9.288602">
        <ele>672.0</ele>
      </trkpt>
      <trkpt lat="46.79431" lon="9.288665">
        <ele>672.8</ele>
      </trkpt>
      <trkpt lat="46.794303" lon="9.288686">
        <ele>673.0</ele>
      </trkpt>
      <trkpt lat="46.794283" lon="9.288751">
        <ele>673.7</ele>
      </trkpt>
      <trkpt lat="46.794321" lon="9.288856">
        <ele>675.4</ele>
      </trkpt>
      <trkpt lat="46.794351" lon="9.288952">
        <ele>677.4</ele>
      </trkpt>
      <trkpt lat="46.794356" lon="9.288991">
        <ele>677.9</ele>
      </trkpt>
      <trkpt lat="46.794368" lon="9.289075">
        <ele>678.6</ele>
      </trkpt>
      <trkpt lat="46.794394" lon="9.28922">
        <ele>679.5</ele>
      </trkpt>
      <trkpt lat="46.794424" lon="9.289372">
        <ele>680.2</ele>
      </trkpt>
      <trkpt lat="46.794475" lon="9.289588">
        <ele>679.8</ele>
      </trkpt>
      <trkpt lat="46.794523" lon="9.289785">
        <ele>679.7</ele>
      </trkpt>
      <trkpt lat="46.794532" lon="9.289856">
        <ele>679.8</ele>
      </trkpt>
      <trkpt lat="46.794537" lon="9.289968">
        <ele>680.0</ele>
      </trkpt>
      <trkpt lat="46.79453" lon="9.290145">
        <ele>681.0</ele>
      </trkpt>
      <trkpt lat="46.794519" lon="9.29034">
        <ele>681.8</ele>
      </trkpt>
      <trkpt lat="46.794516" lon="9.290485">
        <ele>682.3</ele>
      </trkpt>
      <trkpt lat="46.794513" lon="9.290566">
        <ele>682.6</ele>
      </trkpt>
      <trkpt lat="46.794497" lon="9.290604">
        <ele>682.8</ele>
      </trkpt>
      <trkpt lat="46.79447" lon="9.290637">
        <ele>682.9</ele>
      </trkpt>
      <trkpt lat="46.794441" lon="9.290643">
        <ele>683.3</ele>
      </trkpt>
      <trkpt lat="46.794418" lon="9.290627">
        <ele>683.6</ele>
      </trkpt>
      <trkpt lat="46.794406" lon="9.290768">
        <ele>683.5</ele>
      </trkpt>
      <trkpt lat="46.794385" lon="9.290965">
        <ele>682.2</ele>
      </trkpt>
      <trkpt lat="46.794383" lon="9.291177">
        <ele>681.8</ele>
      </trkpt>
      <trkpt lat="46.7944" lon="9.291383">
        <ele>681.8</ele>
      </trkpt>
      <trkpt lat="46.794411" lon="9.291573">
        <ele>682.0</ele>
      </trkpt>
      <trkpt lat="46.794402" lon="9.29164">
        <ele>682.3</ele>
      </trkpt>
      <trkpt lat="46.794368" lon="9.291812">
        <ele>682.1</ele>
      </trkpt>
      <trkpt lat="46.794311" lon="9.292101">
        <ele>681.9</ele>
      </trkpt>
      <trkpt lat="46.794273" lon="9.292316">
        <ele>682.0</ele>
      </trkpt>
      <trkpt lat="46.794239" lon="9.292429">
        <ele>682.0</ele>
      </trkpt>
      <trkpt lat="46.79419" lon="9.292553">
        <ele>681.9</ele>
      </trkpt>
      <trkpt lat="46.794156" lon="9.292642">
        <ele>682.0</ele>
      </trkpt>
      <trkpt lat="46.794119" lon="9.292811">
        <ele>682.1</ele>
      </trkpt>
      <trkpt lat="46.794053" lon="9.293116">
        <ele>681.9</ele>
      </trkpt>
      <trkpt lat="46.794006" lon="9.293242">
        <ele>682.3</ele>
      </trkpt>
      <trkpt lat="46.793956" lon="9.293336">
        <ele>682.1</ele>
      </trkpt>
      <trkpt lat="46.79394" lon="9.293392">
        <ele>682.0</ele>
      </trkpt>
      <trkpt lat="46.793933" lon="9.293469">
        <ele>681.9</ele>
      </trkpt>
      <trkpt lat="46.793941" lon="9.293585">
        <ele>682.0</ele>
      </trkpt>
      <trkpt lat="46.793936" lon="9.293637">
        <ele>682.0</ele>
      </trkpt>
      <trkpt lat="46.793909" lon="9.293712">
        <ele>682.1</ele>
      </trkpt>
      <trkpt lat="46.793888" lon="9.293769">
        <ele>681.9</ele>
      </trkpt>
      <trkpt lat="46.793763" lon="9.294205">
        <ele>681.8</ele>
      </trkpt>
      <trkpt lat="46.793725" lon="9.294353">
        <ele>681.6</ele>
      </trkpt>
      <trkpt lat="46.793681" lon="9.294581">
        <ele>679.7</ele>
      </trkpt>
      <trkpt lat="46.793655" lon="9.294758">
        <ele>678.5</ele>
      </trkpt>
      <trkpt lat="46.793637" lon="9.294933">
        <ele>677.0</ele>
      </trkpt>
      <trkpt lat="46.793627" lon="9.295088">
        <ele>676.1</ele>
      </trkpt>
      <trkpt lat="46.793625" lon="9.295232">
        <ele>675.2</ele>
      </trkpt>
      <trkpt lat="46.793629" lon="9.295342">
        <ele>674.9</ele>
      </trkpt>
      <trkpt lat="46.793631" lon="9.295424">
        <ele>674.7</ele>
      </trkpt>
      <trkpt lat="46.793629" lon="9.295467">
        <ele>674.6</ele>
      </trkpt>
      <trkpt lat="46.793627" lon="9.295506">
        <ele>674.5</ele>
      </trkpt>
      <trkpt lat="46.793578" lon="9.295545">
        <ele>676.4</ele>
      </trkpt>
      <trkpt lat="46.793499" lon="9.295616">
        <ele>678.5</ele>
      </trkpt>
      <trkpt lat="46.793457" lon="9.295651">
        <ele>678.8</ele>
      </trkpt>
      <trkpt lat="46.793423" lon="9.295637">
        <ele>680.5</ele>
      </trkpt>
      <trkpt lat="46.793397" lon="9.295646">
        <ele>681.0</ele>
      </trkpt>
      <trkpt lat="46.793357" lon="9.29568">
        <ele>682.1</ele>
      </trkpt>
      <trkpt lat="46.793309" lon="9.295746">
        <ele>683.3</ele>
      </trkpt>
      <trkpt lat="46.793222" lon="9.295943">
        <ele>683.8</ele>
      </trkpt>
      <trkpt lat="46.793145" lon="9.296102">
        <ele>685.4</ele>
      </trkpt>
      <trkpt lat="46.793061" lon="9.296215">
        <ele>687.4</ele>
      </trkpt>
      <trkpt lat="46.792979" lon="9.296335">
        <ele>688.4</ele>
      </trkpt>
      <trkpt lat="46.792887" lon="9.296495">
        <ele>690.6</ele>
      </trkpt>
      <trkpt lat="46.79283" lon="9.296583">
        <ele>691.8</ele>
      </trkpt>
      <trkpt lat="46.792742" lon="9.296656">
        <ele>693.0</ele>
      </trkpt>
      <trkpt lat="46.792654" lon="9.296754">
        <ele>694.3</ele>
      </trkpt>
      <trkpt lat="46.79256" lon="9.296823">
        <ele>695.6</ele>
      </trkpt>
      <trkpt lat="46.792474" lon="9.296863">
        <ele>696.8</ele>
      </trkpt>
      <trkpt lat="46.792372" lon="9.296902">
        <ele>698.2</ele>
      </trkpt>
      <trkpt lat="46.792239" lon="9.296965">
        <ele>700.3</ele>
      </trkpt>
      <trkpt lat="46.792173" lon="9.29701">
        <ele>701.1</ele>
      </trkpt>
      <trkpt lat="46.792117" lon="9.297071">
        <ele>702.0</ele>
      </trkpt>
      <trkpt lat="46.792062" lon="9.297171">
        <ele>703.0</ele>
      </trkpt>
      <trkpt lat="46.792009" lon="9.297262">
        <ele>704.4</ele>
      </trkpt>
      <trkpt lat="46.791913" lon="9.297369">
        <ele>705.9</ele>
      </trkpt>
      <trkpt lat="46.79189" lon="9.297403">
        <ele>706.4</ele>
      </trkpt>
      <trkpt lat="46.791875" lon="9.297475">
        <ele>707.0</ele>
      </trkpt>
      <trkpt lat="46.79183" lon="9.297704">
        <ele>709.4</ele>
      </trkpt>
      <trkpt lat="46.791791" lon="9.2979">
        <ele>711.3</ele>
      </trkpt>
      <trkpt lat="46.791779" lon="9.298057">
        <ele>713.1</ele>
      </trkpt>
      <trkpt lat="46.791781" lon="9.298164">
        <ele>714.6</ele>
      </trkpt>
      <trkpt lat="46.791783" lon="9.298245">
        <ele>715.6</ele>
      </trkpt>
      <trkpt lat="46.791798" lon="9.298306">
        <ele>716.5</ele>
      </trkpt>
      <trkpt lat="46.791843" lon="9.298357">
        <ele>715.8</ele>
      </trkpt>
      <trkpt lat="46.791898" lon="9.298423">
        <ele>716.3</ele>
      </trkpt>
      <trkpt lat="46.791911" lon="9.298459">
        <ele>716.7</ele>
      </trkpt>
      <trkpt lat="46.791914" lon="9.298495">
        <ele>716.8</ele>
      </trkpt>
      <trkpt lat="46.791907" lon="9.298533">
        <ele>717.2</ele>
      </trkpt>
      <trkpt lat="46.791882" lon="9.298578">
        <ele>717.5</ele>
      </trkpt>
      <trkpt lat="46.791842" lon="9.298629">
        <ele>717.9</ele>
      </trkpt>
      <trkpt lat="46.791818" lon="9.298674">
        <ele>718.1</ele>
      </trkpt>
      <trkpt lat="46.79181" lon="9.298728">
        <ele>718.5</ele>
      </trkpt>
      <trkpt lat="46.791814" lon="9.298845">
        <ele>718.9</ele>
      </trkpt>
      <trkpt lat="46.791831" lon="9.298985">
        <ele>719.8</ele>
      </trkpt>
      <trkpt lat="46.791856" lon="9.299111">
        <ele>720.6</ele>
      </trkpt>
      <trkpt lat="46.791884" lon="9.29922">
        <ele>721.7</ele>
      </trkpt>
      <trkpt lat="46.79192" lon="9.299353">
        <ele>722.8</ele>
      </trkpt>
      <trkpt lat="46.791961" lon="9.299531">
        <ele>723.0</ele>
      </trkpt>
      <trkpt lat="46.792012" lon="9.299811">
        <ele>725.5</ele>
      </trkpt>
      <trkpt lat="46.792023" lon="9.299849">
        <ele>726.0</ele>
      </trkpt>
      <trkpt lat="46.792042" lon="9.299936">
        <ele>726.1</ele>
      </trkpt>
      <trkpt lat="46.792061" lon="9.29999">
        <ele>726.6</ele>
      </trkpt>
      <trkpt lat="46.792093" lon="9.300081">
        <ele>726.8</ele>
      </trkpt>
      <trkpt lat="46.792133" lon="9.300171">
        <ele>727.3</ele>
      </trkpt>
      <trkpt lat="46.792174" lon="9.300256">
        <ele>728.2</ele>
      </trkpt>
      <trkpt lat="46.792204" lon="9.300357">
        <ele>728.9</ele>
      </trkpt>
      <trkpt lat="46.792224" lon="9.300468">
        <ele>729.6</ele>
      </trkpt>
      <trkpt lat="46.792261" lon="9.30054">
        <ele>729.9</ele>
      </trkpt>
      <trkpt lat="46.792312" lon="9.30062">
        <ele>730.3</ele>
      </trkpt>
      <trkpt lat="46.792368" lon="9.30069">
        <ele>731.3</ele>
      </trkpt>
      <trkpt lat="46.792422" lon="9.300793">
        <ele>732.0</ele>
      </trkpt>
      <trkpt lat="46.792433" lon="9.30084">
        <ele>733.2</ele>
      </trkpt>
      <trkpt lat="46.792452" lon="9.300865">
        <ele>733.0</ele>
      </trkpt>
      <trkpt lat="46.792487" lon="9.300891">
        <ele>732.7</ele>
      </trkpt>
      <trkpt lat="46.79254" lon="9.300967">
        <ele>732.9</ele>
      </trkpt>
      <trkpt lat="46.792608" lon="9.301048">
        <ele>735.1</ele>
      </trkpt>
      <trkpt lat="46.792647" lon="9.301077">
        <ele>735.9</ele>
      </trkpt>
      <trkpt lat="46.792685" lon="9.301067">
        <ele>735.6</ele>
      </trkpt>
      <trkpt lat="46.79272" lon="9.301068">
        <ele>735.5</ele>
      </trkpt>
      <trkpt lat="46.792754" lon="9.301087">
        <ele>734.8</ele>
      </trkpt>
      <trkpt lat="46.792842" lon="9.30112">
        <ele>735.9</ele>
      </trkpt>
      <trkpt lat="46.792903" lon="9.301151">
        <ele>736.2</ele>
      </trkpt>
      <trkpt lat="46.79295" lon="9.301196">
        <ele>736.3</ele>
      </trkpt>
      <trkpt lat="46.792993" lon="9.301261">
        <ele>736.4</ele>
      </trkpt>
      <trkpt lat="46.79305" lon="9.301298">
        <ele>735.6</ele>
      </trkpt>
      <trkpt lat="46.793101" lon="9.301327">
        <ele>735.5</ele>
      </trkpt>
      <trkpt lat="46.793142" lon="9.301358">
        <ele>734.1</ele>
      </trkpt>
      <trkpt lat="46.793187" lon="9.301412">
        <ele>734.0</ele>
      </trkpt>
      <trkpt lat="46.793229" lon="9.301439">
        <ele>733.5</ele>
      </trkpt>
      <trkpt lat="46.793313" lon="9.301466">
        <ele>732.5</ele>
      </trkpt>
      <trkpt lat="46.793396" lon="9.301502">
        <ele>731.5</ele>
      </trkpt>
      <trkpt lat="46.793527" lon="9.301608">
        <ele>730.2</ele>
      </trkpt>
      <trkpt lat="46.793652" lon="9.301703">
        <ele>727.8</ele>
      </trkpt>
      <trkpt lat="46.793732" lon="9.301781">
        <ele>727.3</ele>
      </trkpt>
      <trkpt lat="46.793759" lon="9.301813">
        <ele>726.9</ele>
      </trkpt>
      <trkpt lat="46.793792" lon="9.301852">
        <ele>726.5</ele>
      </trkpt>
      <trkpt lat="46.793844" lon="9.301898">
        <ele>725.2</ele>
      </trkpt>
      <trkpt lat="46.793873" lon="9.301914">
        <ele>725.0</ele>
      </trkpt>
      <trkpt lat="46.79391" lon="9.301917">
        <ele>724.9</ele>
      </trkpt>
      <trkpt lat="46.793936" lon="9.301918">
        <ele>724.5</ele>
      </trkpt>
      <trkpt lat="46.793983" lon="9.301946">
        <ele>723.9</ele>
      </trkpt>
      <trkpt lat="46.79405" lon="9.301991">
        <ele>722.9</ele>
      </trkpt>
      <trkpt lat="46.794118" lon="9.302074">
        <ele>722.7</ele>
      </trkpt>
      <trkpt lat="46.794209" lon="9.302192">
        <ele>721.5</ele>
      </trkpt>
      <trkpt lat="46.79435" lon="9.302329">
        <ele>721.2</ele>
      </trkpt>
      <trkpt lat="46.794469" lon="9.302435">
        <ele>719.9</ele>
      </trkpt>
      <trkpt lat="46.794574" lon="9.302506">
        <ele>718.3</ele>
      </trkpt>
      <trkpt lat="46.794738" lon="9.302575">
        <ele>716.4</ele>
      </trkpt>
      <trkpt lat="46.794856" lon="9.302647">
        <ele>716.4</ele>
      </trkpt>
      <trkpt lat="46.794948" lon="9.302708">
        <ele>715.5</ele>
      </trkpt>
      <trkpt lat="46.794975" lon="9.302719">
        <ele>714.9</ele>
      </trkpt>
      <trkpt lat="46.794993" lon="9.302718">
        <ele>714.3</ele>
      </trkpt>
      <trkpt lat="46.795014" lon="9.302743">
        <ele>714.0</ele>
      </trkpt>
      <trkpt lat="46.795071" lon="9.302801">
        <ele>713.0</ele>
      </trkpt>
      <trkpt lat="46.795093" lon="9.302804">
        <ele>713.0</ele>
      </trkpt>
      <trkpt lat="46.795154" lon="9.302743">
        <ele>712.7</ele>
      </trkpt>
      <trkpt lat="46.79521" lon="9.302683">
        <ele>711.6</ele>
      </trkpt>
      <trkpt lat="46.795244" lon="9.302619">
        <ele>710.9</ele>
      </trkpt>
      <trkpt lat="46.795263" lon="9.302531">
        <ele>710.4</ele>
      </trkpt>
      <trkpt lat="46.795264" lon="9.302448">
        <ele>709.8</ele>
      </trkpt>
      <trkpt lat="46.795256" lon="9.302375">
        <ele>709.5</ele>
      </trkpt>
      <trkpt lat="46.795247" lon="9.302312">
        <ele>708.9</ele>
      </trkpt>
      <trkpt lat="46.795254" lon="9.302234">
        <ele>707.4</ele>
      </trkpt>
      <trkpt lat="46.795269" lon="9.302186">
        <ele>707.4</ele>
      </trkpt>
      <trkpt lat="46.795291" lon="9.302164">
        <ele>707.0</ele>
      </trkpt>
      <trkpt lat="46.79533" lon="9.30216">
        <ele>706.9</ele>
      </trkpt>
      <trkpt lat="46.79537" lon="9.302185">
        <ele>706.5</ele>
      </trkpt>
      <trkpt lat="46.795435" lon="9.30227">
        <ele>704.8</ele>
      </trkpt>
      <trkpt lat="46.795483" lon="9.302321">
        <ele>703.6</ele>
      </trkpt>
      <trkpt lat="46.795524" lon="9.302343">
        <ele>703.6</ele>
      </trkpt>
      <trkpt lat="46.795608" lon="9.302426">
        <ele>701.8</ele>
      </trkpt>
      <trkpt lat="46.795645" lon="9.302459">
        <ele>701.7</ele>
      </trkpt>
      <trkpt lat="46.795667" lon="9.302496">
        <ele>701.9</ele>
      </trkpt>
      <trkpt lat="46.795676" lon="9.302562">
        <ele>700.6</ele>
      </trkpt>
      <trkpt lat="46.795673" lon="9.302656">
        <ele>700.0</ele>
      </trkpt>
      <trkpt lat="46.795687" lon="9.302727">
        <ele>700.1</ele>
      </trkpt>
      <trkpt lat="46.795712" lon="9.302753">
        <ele>700.3</ele>
      </trkpt>
      <trkpt lat="46.79576" lon="9.302771">
        <ele>698.9</ele>
      </trkpt>
      <trkpt lat="46.795792" lon="9.302768">
        <ele>698.1</ele>
      </trkpt>
      <trkpt lat="46.795819" lon="9.302747">
        <ele>698.3</ele>
      </trkpt>
      <trkpt lat="46.795848" lon="9.30269">
        <ele>697.9</ele>
      </trkpt>
      <trkpt lat="46.795863" lon="9.302622">
        <ele>696.8</ele>
      </trkpt>
      <trkpt lat="46.795876" lon="9.302549">
        <ele>695.7</ele>
      </trkpt>
      <trkpt lat="46.795954" lon="9.302406">
        <ele>694.8</ele>
      </trkpt>
      <trkpt lat="46.795989" lon="9.302358">
        <ele>694.2</ele>
      </trkpt>
      <trkpt lat="46.796032" lon="9.302338">
        <ele>693.2</ele>
      </trkpt>
      <trkpt lat="46.796142" lon="9.302318">
        <ele>691.9</ele>
      </trkpt>
      <trkpt lat="46.796189" lon="9.302298">
        <ele>691.4</ele>
      </trkpt>
      <trkpt lat="46.796224" lon="9.302291">
        <ele>691.2</ele>
      </trkpt>
      <trkpt lat="46.796251" lon="9.302296">
        <ele>691.3</ele>
      </trkpt>
      <trkpt lat="46.796321" lon="9.302322">
        <ele>690.3</ele>
      </trkpt>
      <trkpt lat="46.796399" lon="9.302345">
        <ele>688.9</ele>
      </trkpt>
      <trkpt lat="46.796455" lon="9.302346">
        <ele>688.5</ele>
      </trkpt>
      <trkpt lat="46.79656" lon="9.302336">
        <ele>687.1</ele>
      </trkpt>
      <trkpt lat="46.796621" lon="9.302328">
        <ele>686.5</ele>
      </trkpt>
      <trkpt lat="46.79656" lon="9.302258">
        <ele>684.3</ele>
      </trkpt>
      <trkpt lat="46.796483" lon="9.30216">
        <ele>682.2</ele>
      </trkpt>
      <trkpt lat="46.796407" lon="9.302072">
        <ele>680.5</ele>
      </trkpt>
      <trkpt lat="46.796488" lon="9.302074">
        <ele>678.1</ele>
      </trkpt>
      <trkpt lat="46.796553" lon="9.302083">
        <ele>675.9</ele>
      </trkpt>
      <trkpt lat="46.796621" lon="9.30209">
        <ele>674.5</ele>
      </trkpt>
      <trkpt lat="46.796675" lon="9.3021">
        <ele>672.8</ele>
      </trkpt>
      <trkpt lat="46.796725" lon="9.302126">
        <ele>670.8</ele>
      </trkpt>
      <trkpt lat="46.796793" lon="9.30218">
        <ele>670.6</ele>
      </trkpt>
      <trkpt lat="46.796886" lon="9.302244">
        <ele>669.2</ele>
      </trkpt>
      <trkpt lat="46.796987" lon="9.302285">
        <ele>665.7</ele>
      </trkpt>
      <trkpt lat="46.797036" lon="9.302301">
        <ele>664.7</ele>
      </trkpt>
      <trkpt lat="46.797075" lon="9.302313">
        <ele>664.0</ele>
      </trkpt>
      <trkpt lat="46.797118" lon="9.302363">
        <ele>663.7</ele>
      </trkpt>
      <trkpt lat="46.797164" lon="9.302384">
        <ele>662.6</ele>
      </trkpt>
      <trkpt lat="46.797231" lon="9.302416">
        <ele>661.5</ele>
      </trkpt>
      <trkpt lat="46.797253" lon="9.30241">
        <ele>660.8</ele>
      </trkpt>
      <trkpt lat="46.79728" lon="9.302353">
        <ele>659.0</ele>
      </trkpt>
      <trkpt lat="46.797311" lon="9.302298">
        <ele>659.1</ele>
      </trkpt>
      <trkpt lat="46.797359" lon="9.302272">
        <ele>659.7</ele>
      </trkpt>
      <trkpt lat="46.797452" lon="9.302249">
        <ele>658.2</ele>
      </trkpt>
      <trkpt lat="46.797582" lon="9.30222">
        <ele>656.5</ele>
      </trkpt>
      <trkpt lat="46.797607" lon="9.302221">
        <ele>656.9</ele>
      </trkpt>
      <trkpt lat="46.797699" lon="9.302228">
        <ele>657.2</ele>
      </trkpt>
      <trkpt lat="46.797749" lon="9.302225">
        <ele>656.1</ele>
      </trkpt>
      <trkpt lat="46.797822" lon="9.302201">
        <ele>654.5</ele>
      </trkpt>
      <trkpt lat="46.79792" lon="9.30218">
        <ele>653.6</ele>
      </trkpt>
      <trkpt lat="46.798028" lon="9.302161">
        <ele>652.7</ele>
      </trkpt>
      <trkpt lat="46.798135" lon="9.302157">
        <ele>651.9</ele>
      </trkpt>
      <trkpt lat="46.798211" lon="9.302151">
        <ele>651.5</ele>
      </trkpt>
      <trkpt lat="46.798398" lon="9.302149">
        <ele>652.5</ele>
      </trkpt>
      <trkpt lat="46.798517" lon="9.302142">
        <ele>651.7</ele>
      </trkpt>
      <trkpt lat="46.798591" lon="9.302128">
        <ele>651.2</ele>
      </trkpt>
      <trkpt lat="46.798686" lon="9.302097">
        <ele>650.4</ele>
      </trkpt>
      <trkpt lat="46.798759" lon="9.302064">
        <ele>649.9</ele>
      </trkpt>
      <trkpt lat="46.79883" lon="9.302008">
        <ele>647.5</ele>
      </trkpt>
      <trkpt lat="46.798887" lon="9.301995">
        <ele>647.1</ele>
      </trkpt>
      <trkpt lat="46.798941" lon="9.301995">
        <ele>648.4</ele>
      </trkpt>
      <trkpt lat="46.798977" lon="9.301986">
        <ele>648.5</ele>
      </trkpt>
      <trkpt lat="46.799009" lon="9.301979">
        <ele>648.9</ele>
      </trkpt>
      <trkpt lat="46.7991" lon="9.301961">
        <ele>650.1</ele>
      </trkpt>
      <trkpt lat="46.799158" lon="9.301927">
        <ele>648.3</ele>
      </trkpt>
      <trkpt lat="46.799198" lon="9.301901">
        <ele>647.9</ele>
      </trkpt>
      <trkpt lat="46.799292" lon="9.301882">
        <ele>647.9</ele>
      </trkpt>
      <trkpt lat="46.799376" lon="9.301889">
        <ele>649.7</ele>
      </trkpt>
      <trkpt lat="46.799445" lon="9.301891">
        <ele>650.6</ele>
      </trkpt>
      <trkpt lat="46.799511" lon="9.301868">
        <ele>650.3</ele>
      </trkpt>
      <trkpt lat="46.799572" lon="9.301803">
        <ele>648.3</ele>
      </trkpt>
      <trkpt lat="46.799633" lon="9.301759">
        <ele>647.2</ele>
      </trkpt>
      <trkpt lat="46.79969" lon="9.301719">
        <ele>646.3</ele>
      </trkpt>
      <trkpt lat="46.799782" lon="9.301693">
        <ele>644.9</ele>
      </trkpt>
      <trkpt lat="46.799877" lon="9.301692">
        <ele>644.8</ele>
      </trkpt>
      <trkpt lat="46.799944" lon="9.301684">
        <ele>646.3</ele>
      </trkpt>
      <trkpt lat="46.800009" lon="9.301674">
        <ele>647.6</ele>
      </trkpt>
      <trkpt lat="46.800074" lon="9.301661">
        <ele>648.5</ele>
      </trkpt>
      <trkpt lat="46.800125" lon="9.301636">
        <ele>649.0</ele>
      </trkpt>
      <trkpt lat="46.800202" lon="9.301588">
        <ele>648.9</ele>
      </trkpt>
      <trkpt lat="46.800255" lon="9.301552">
        <ele>648.9</ele>
      </trkpt>
      <trkpt lat="46.800315" lon="9.301523">
        <ele>649.1</ele>
      </trkpt>
      <trkpt lat="46.800396" lon="9.301505">
        <ele>650.4</ele>
      </trkpt>
      <trkpt lat="46.800461" lon="9.301486">
        <ele>650.9</ele>
      </trkpt>
      <trkpt lat="46.800526" lon="9.301476">
        <ele>651.6</ele>
      </trkpt>
      <trkpt lat="46.800552" lon="9.301468">
        <ele>652.3</ele>
      </trkpt>
      <trkpt lat="46.800594" lon="9.301436">
        <ele>652.8</ele>
      </trkpt>
      <trkpt lat="46.80071" lon="9.301388">
        <ele>654.4</ele>
      </trkpt>
      <trkpt lat="46.800859" lon="9.301324">
        <ele>657.2</ele>
      </trkpt>
      <trkpt lat="46.800945" lon="9.301289">
        <ele>659.7</ele>
      </trkpt>
      <trkpt lat="46.800966" lon="9.301277">
        <ele>660.1</ele>
      </trkpt>
      <trkpt lat="46.800987" lon="9.301265">
        <ele>660.7</ele>
      </trkpt>
      <trkpt lat="46.801048" lon="9.301244">
        <ele>660.7</ele>
      </trkpt>
      <trkpt lat="46.801106" lon="9.301223">
        <ele>660.3</ele>
      </trkpt>
      <trkpt lat="46.801154" lon="9.301187">
        <ele>660.2</ele>
      </trkpt>
      <trkpt lat="46.801196" lon="9.301162">
        <ele>659.7</ele>
      </trkpt>
      <trkpt lat="46.801225" lon="9.301129">
        <ele>659.2</ele>
      </trkpt>
      <trkpt lat="46.801244" lon="9.301105">
        <ele>658.4</ele>
      </trkpt>
      <trkpt lat="46.801269" lon="9.301097">
        <ele>658.2</ele>
      </trkpt>
      <trkpt lat="46.801328" lon="9.301086">
        <ele>657.4</ele>
      </trkpt>
      <trkpt lat="46.801397" lon="9.30107">
        <ele>656.7</ele>
      </trkpt>
      <trkpt lat="46.801442" lon="9.301044">
        <ele>656.4</ele>
      </trkpt>
      <trkpt lat="46.801465" lon="9.301037">
        <ele>656.6</ele>
      </trkpt>
      <trkpt lat="46.801487" lon="9.30105">
        <ele>656.7</ele>
      </trkpt>
      <trkpt lat="46.801515" lon="9.301106">
        <ele>656.1</ele>
      </trkpt>
      <trkpt lat="46.801535" lon="9.301127">
        <ele>655.4</ele>
      </trkpt>
      <trkpt lat="46.80156" lon="9.30113">
        <ele>655.1</ele>
      </trkpt>
      <trkpt lat="46.801584" lon="9.301116">
        <ele>656.0</ele>
      </trkpt>
      <trkpt lat="46.801619" lon="9.301067">
        <ele>655.9</ele>
      </trkpt>
      <trkpt lat="46.801642" lon="9.301041">
        <ele>655.8</ele>
      </trkpt>
      <trkpt lat="46.801657" lon="9.301033">
        <ele>655.8</ele>
      </trkpt>
      <trkpt lat="46.80168" lon="9.301055">
        <ele>656.7</ele>
      </trkpt>
      <trkpt lat="46.801702" lon="9.301074">
        <ele>657.0</ele>
      </trkpt>
      <trkpt lat="46.801737" lon="9.301078">
        <ele>657.3</ele>
      </trkpt>
      <trkpt lat="46.801776" lon="9.301043">
        <ele>656.2</ele>
      </trkpt>
      <trkpt lat="46.80182" lon="9.301007">
        <ele>654.5</ele>
      </trkpt>
      <trkpt lat="46.801873" lon="9.301013">
        <ele>654.1</ele>
      </trkpt>
      <trkpt lat="46.801925" lon="9.301015">
        <ele>653.3</ele>
      </trkpt>
      <trkpt lat="46.801978" lon="9.301008">
        <ele>651.3</ele>
      </trkpt>
      <trkpt lat="46.802034" lon="9.301008">
        <ele>651.2</ele>
      </trkpt>
      <trkpt lat="46.802073" lon="9.301016">
        <ele>651.3</ele>
      </trkpt>
      <trkpt lat="46.802115" lon="9.30103">
        <ele>650.6</ele>
      </trkpt>
      <trkpt lat="46.802155" lon="9.301029">
        <ele>651.0</ele>
      </trkpt>
      <trkpt lat="46.802183" lon="9.301013">
        <ele>650.7</ele>
      </trkpt>
      <trkpt lat="46.802209" lon="9.300987">
        <ele>650.2</ele>
      </trkpt>
      <trkpt lat="46.802228" lon="9.300973">
        <ele>650.0</ele>
      </trkpt>
      <trkpt lat="46.802262" lon="9.300974">
        <ele>650.8</ele>
      </trkpt>
      <trkpt lat="46.802298" lon="9.300982">
        <ele>650.7</ele>
      </trkpt>
      <trkpt lat="46.802345" lon="9.301006">
        <ele>650.9</ele>
      </trkpt>
      <trkpt lat="46.80242" lon="9.301013">
        <ele>651.1</ele>
      </trkpt>
      <trkpt lat="46.802477" lon="9.301026">
        <ele>652.0</ele>
      </trkpt>
      <trkpt lat="46.802537" lon="9.301019">
        <ele>651.8</ele>
      </trkpt>
      <trkpt lat="46.802587" lon="9.301015">
        <ele>651.2</ele>
      </trkpt>
      <trkpt lat="46.802671" lon="9.301041">
        <ele>651.2</ele>
      </trkpt>
      <trkpt lat="46.802745" lon="9.301054">
        <ele>651.7</ele>
      </trkpt>
      <trkpt lat="46.802782" lon="9.301036">
        <ele>651.4</ele>
      </trkpt>
      <trkpt lat="46.802827" lon="9.301048">
        <ele>652.7</ele>
      </trkpt>
      <trkpt lat="46.80287" lon="9.301039">
        <ele>652.8</ele>
      </trkpt>
      <trkpt lat="46.802912" lon="9.301013">
        <ele>652.2</ele>
      </trkpt>
      <trkpt lat="46.802953" lon="9.300986">
        <ele>651.3</ele>
      </trkpt>
      <trkpt lat="46.802996" lon="9.300993">
        <ele>651.7</ele>
      </trkpt>
      <trkpt lat="46.803029" lon="9.300986">
        <ele>651.1</ele>
      </trkpt>
      <trkpt lat="46.803073" lon="9.300979">
        <ele>651.2</ele>
      </trkpt>
      <trkpt lat="46.803114" lon="9.300987">
        <ele>651.2</ele>
      </trkpt>
      <trkpt lat="46.803155" lon="9.301036">
        <ele>652.8</ele>
      </trkpt>
      <trkpt lat="46.803182" lon="9.301048">
        <ele>653.3</ele>
      </trkpt>
      <trkpt lat="46.803262" lon="9.301049">
        <ele>652.2</ele>
      </trkpt>
      <trkpt lat="46.80335" lon="9.301076">
        <ele>651.2</ele>
      </trkpt>
      <trkpt lat="46.803397" lon="9.301104">
        <ele>651.8</ele>
      </trkpt>
      <trkpt lat="46.803435" lon="9.301161">
        <ele>652.5</ele>
      </trkpt>
      <trkpt lat="46.803484" lon="9.30122">
        <ele>653.3</ele>
      </trkpt>
      <trkpt lat="46.803555" lon="9.301248">
        <ele>654.1</ele>
      </trkpt>
      <trkpt lat="46.8036" lon="9.301269">
        <ele>654.9</ele>
      </trkpt>
      <trkpt lat="46.803691" lon="9.301284">
        <ele>657.0</ele>
      </trkpt>
      <trkpt lat="46.803769" lon="9.301278">
        <ele>658.7</ele>
      </trkpt>
      <trkpt lat="46.803806" lon="9.301272">
        <ele>659.3</ele>
      </trkpt>
      <trkpt lat="46.803865" lon="9.301281">
        <ele>659.6</ele>
      </trkpt>
      <trkpt lat="46.803906" lon="9.301279">
        <ele>658.8</ele>
      </trkpt>
      <trkpt lat="46.803945" lon="9.301289">
        <ele>657.9</ele>
      </trkpt>
      <trkpt lat="46.804007" lon="9.301352">
        <ele>655.8</ele>
      </trkpt>
      <trkpt lat="46.804067" lon="9.301399">
        <ele>653.6</ele>
      </trkpt>
      <trkpt lat="46.804146" lon="9.301444">
        <ele>650.8</ele>
      </trkpt>
      <trkpt lat="46.804209" lon="9.301484">
        <ele>649.6</ele>
      </trkpt>
      <trkpt lat="46.804252" lon="9.30153">
        <ele>649.4</ele>
      </trkpt>
      <trkpt lat="46.804298" lon="9.301601">
        <ele>649.3</ele>
      </trkpt>
      <trkpt lat="46.804375" lon="9.301668">
        <ele>649.0</ele>
      </trkpt>
      <trkpt lat="46.80441" lon="9.30172">
        <ele>648.7</ele>
      </trkpt>
      <trkpt lat="46.804467" lon="9.301852">
        <ele>648.7</ele>
      </trkpt>
      <trkpt lat="46.804531" lon="9.301993">
        <ele>648.9</ele>
      </trkpt>
      <trkpt lat="46.804563" lon="9.302037">
        <ele>648.9</ele>
      </trkpt>
      <trkpt lat="46.804599" lon="9.302094">
        <ele>649.1</ele>
      </trkpt>
      <trkpt lat="46.804626" lon="9.302159">
        <ele>649.1</ele>
      </trkpt>
      <trkpt lat="46.804672" lon="9.302315">
        <ele>649.2</ele>
      </trkpt>
      <trkpt lat="46.80471" lon="9.302417">
        <ele>649.4</ele>
      </trkpt>
      <trkpt lat="46.804737" lon="9.302478">
        <ele>649.5</ele>
      </trkpt>
      <trkpt lat="46.804765" lon="9.302519">
        <ele>649.4</ele>
      </trkpt>
      <trkpt lat="46.804791" lon="9.302553">
        <ele>649.4</ele>
      </trkpt>
      <trkpt lat="46.804824" lon="9.302613">
        <ele>649.4</ele>
      </trkpt>
      <trkpt lat="46.804872" lon="9.302693">
        <ele>649.1</ele>
      </trkpt>
      <trkpt lat="46.804914" lon="9.302739">
        <ele>648.9</ele>
      </trkpt>
      <trkpt lat="46.804978" lon="9.302795">
        <ele>648.5</ele>
      </trkpt>
      <trkpt lat="46.805035" lon="9.302837">
        <ele>648.2</ele>
      </trkpt>
      <trkpt lat="46.805096" lon="9.302893">
        <ele>647.8</ele>
      </trkpt>
      <trkpt lat="46.805158" lon="9.302924">
        <ele>647.6</ele>
      </trkpt>
      <trkpt lat="46.805215" lon="9.302966">
        <ele>647.4</ele>
      </trkpt>
      <trkpt lat="46.80525" lon="9.303014">
        <ele>647.0</ele>
      </trkpt>
      <trkpt lat="46.805292" lon="9.303066">
        <ele>646.7</ele>
      </trkpt>
      <trkpt lat="46.805315" lon="9.30311">
        <ele>646.5</ele>
      </trkpt>
      <trkpt lat="46.805334" lon="9.303175">
        <ele>647.2</ele>
      </trkpt>
      <trkpt lat="46.805337" lon="9.303236">
        <ele>648.3</ele>
      </trkpt>
      <trkpt lat="46.805344" lon="9.303291">
        <ele>649.1</ele>
      </trkpt>
      <trkpt lat="46.805361" lon="9.303358">
        <ele>649.9</ele>
      </trkpt>
      <trkpt lat="46.805379" lon="9.303411">
        <ele>649.6</ele>
      </trkpt>
      <trkpt lat="46.805385" lon="9.303461">
        <ele>649.9</ele>
      </trkpt>
      <trkpt lat="46.805389" lon="9.303531">
        <ele>649.7</ele>
      </trkpt>
      <trkpt lat="46.805398" lon="9.303578">
        <ele>650.6</ele>
      </trkpt>
      <trkpt lat="46.805421" lon="9.303662">
        <ele>650.1</ele>
      </trkpt>
      <trkpt lat="46.805454" lon="9.303791">
        <ele>651.2</ele>
      </trkpt>
      <trkpt lat="46.805477" lon="9.30391">
        <ele>653.9</ele>
      </trkpt>
      <trkpt lat="46.805502" lon="9.304035">
        <ele>653.7</ele>
      </trkpt>
      <trkpt lat="46.80553" lon="9.304161">
        <ele>653.2</ele>
      </trkpt>
      <trkpt lat="46.805586" lon="9.304391">
        <ele>652.2</ele>
      </trkpt>
      <trkpt lat="46.8056" lon="9.304426">
        <ele>652.2</ele>
      </trkpt>
      <trkpt lat="46.805619" lon="9.304469">
        <ele>652.8</ele>
      </trkpt>
      <trkpt lat="46.805648" lon="9.304512">
        <ele>654.4</ele>
      </trkpt>
      <trkpt lat="46.805676" lon="9.304537">
        <ele>654.5</ele>
      </trkpt>
      <trkpt lat="46.805688" lon="9.304557">
        <ele>654.5</ele>
      </trkpt>
      <trkpt lat="46.805698" lon="9.304584">
        <ele>654.5</ele>
      </trkpt>
      <trkpt lat="46.805706" lon="9.304664">
        <ele>655.6</ele>
      </trkpt>
      <trkpt lat="46.805715" lon="9.304708">
        <ele>655.9</ele>
      </trkpt>
      <trkpt lat="46.805724" lon="9.304734">
        <ele>656.1</ele>
      </trkpt>
      <trkpt lat="46.805741" lon="9.30477">
        <ele>656.2</ele>
      </trkpt>
      <trkpt lat="46.805755" lon="9.304786">
        <ele>656.2</ele>
      </trkpt>
      <trkpt lat="46.805765" lon="9.304805">
        <ele>656.2</ele>
      </trkpt>
      <trkpt lat="46.805768" lon="9.304827">
        <ele>656.3</ele>
      </trkpt>
      <trkpt lat="46.805786" lon="9.305114">
        <ele>656.3</ele>
      </trkpt>
      <trkpt lat="46.805801" lon="9.305312">
        <ele>655.9</ele>
      </trkpt>
      <trkpt lat="46.805815" lon="9.305422">
        <ele>655.2</ele>
      </trkpt>
      <trkpt lat="46.80583" lon="9.305577">
        <ele>656.3</ele>
      </trkpt>
      <trkpt lat="46.805874" lon="9.305798">
        <ele>655.2</ele>
      </trkpt>
      <trkpt lat="46.805931" lon="9.306033">
        <ele>655.0</ele>
      </trkpt>
      <trkpt lat="46.805986" lon="9.306231">
        <ele>650.9</ele>
      </trkpt>
      <trkpt lat="46.806035" lon="9.306364">
        <ele>647.0</ele>
      </trkpt>
      <trkpt lat="46.80608" lon="9.306451">
        <ele>645.4</ele>
      </trkpt>
      <trkpt lat="46.806156" lon="9.306554">
        <ele>643.7</ele>
      </trkpt>
      <trkpt lat="46.80623" lon="9.306642">
        <ele>642.2</ele>
      </trkpt>
      <trkpt lat="46.806273" lon="9.306701">
        <ele>641.5</ele>
      </trkpt>
      <trkpt lat="46.806349" lon="9.306825">
        <ele>637.7</ele>
      </trkpt>
      <trkpt lat="46.806463" lon="9.307053">
        <ele>636.9</ele>
      </trkpt>
      <trkpt lat="46.806546" lon="9.307205">
        <ele>636.8</ele>
      </trkpt>
      <trkpt lat="46.806622" lon="9.30732">
        <ele>638.3</ele>
      </trkpt>
      <trkpt lat="46.806721" lon="9.307446">
        <ele>637.8</ele>
      </trkpt>
      <trkpt lat="46.806829" lon="9.307605">
        <ele>637.5</ele>
      </trkpt>
      <trkpt lat="46.806925" lon="9.30776">
        <ele>636.1</ele>
      </trkpt>
      <trkpt lat="46.807032" lon="9.307962">
        <ele>635.2</ele>
      </trkpt>
      <trkpt lat="46.807107" lon="9.308105">
        <ele>636.0</ele>
      </trkpt>
      <trkpt lat="46.807151" lon="9.308222">
        <ele>636.3</ele>
      </trkpt>
      <trkpt lat="46.807176" lon="9.30835">
        <ele>638.3</ele>
      </trkpt>
      <trkpt lat="46.807198" lon="9.308507">
        <ele>638.4</ele>
      </trkpt>
      <trkpt lat="46.807219" lon="9.308705">
        <ele>638.1</ele>
      </trkpt>
      <trkpt lat="46.807227" lon="9.308782">
        <ele>637.8</ele>
      </trkpt>
      <trkpt lat="46.807251" lon="9.309105">
        <ele>637.7</ele>
      </trkpt>
      <trkpt lat="46.807259" lon="9.309161">
        <ele>637.5</ele>
      </trkpt>
      <trkpt lat="46.80727" lon="9.309191">
        <ele>637.4</ele>
      </trkpt>
      <trkpt lat="46.807304" lon="9.309287">
        <ele>635.5</ele>
      </trkpt>
      <trkpt lat="46.807313" lon="9.309564">
        <ele>635.4</ele>
      </trkpt>
      <trkpt lat="46.807315" lon="9.309605">
        <ele>635.3</ele>
      </trkpt>
      <trkpt lat="46.807328" lon="9.309825">
        <ele>635.3</ele>
      </trkpt>
      <trkpt lat="46.807335" lon="9.310022">
        <ele>635.5</ele>
      </trkpt>
      <trkpt lat="46.807335" lon="9.31003">
        <ele>635.5</ele>
      </trkpt>
      <trkpt lat="46.807331" lon="9.31009">
        <ele>635.5</ele>
      </trkpt>
      <trkpt lat="46.807247" lon="9.310098">
        <ele>635.5</ele>
      </trkpt>
      <trkpt lat="46.807218" lon="9.310105">
        <ele>635.5</ele>
      </trkpt>
      <trkpt lat="46.807208" lon="9.310113">
        <ele>635.4</ele>
      </trkpt>
      <trkpt lat="46.807199" lon="9.310131">
        <ele>635.4</ele>
      </trkpt>
      <trkpt lat="46.807199" lon="9.310166">
        <ele>635.5</ele>
      </trkpt>
      <trkpt lat="46.807233" lon="9.310688">
        <ele>635.2</ele>
      </trkpt>
      <trkpt lat="46.807251" lon="9.310915">
        <ele>635.1</ele>
      </trkpt>
      <trkpt lat="46.807256" lon="9.311003">
        <ele>635.2</ele>
      </trkpt>
      <trkpt lat="46.807256" lon="9.311071">
        <ele>635.4</ele>
      </trkpt>
      <trkpt lat="46.807251" lon="9.311129">
        <ele>635.4</ele>
      </trkpt>
      <trkpt lat="46.807244" lon="9.311172">
        <ele>635.3</ele>
      </trkpt>
      <trkpt lat="46.807278" lon="9.311265">
        <ele>635.3</ele>
      </trkpt>
      <trkpt lat="46.807285" lon="9.31132">
        <ele>635.3</ele>
      </trkpt>
      <trkpt lat="46.807296" lon="9.311397">
        <ele>635.3</ele>
      </trkpt>
      <trkpt lat="46.807303" lon="9.311491">
        <ele>635.3</ele>
      </trkpt>
      <trkpt lat="46.807317" lon="9.311566">
        <ele>635.5</ele>
      </trkpt>
      <trkpt lat="46.807346" lon="9.311596">
        <ele>635.4</ele>
      </trkpt>
      <trkpt lat="46.807373" lon="9.31161">
        <ele>635.5</ele>
      </trkpt>
      <trkpt lat="46.807401" lon="9.311613">
        <ele>635.4</ele>
      </trkpt>
      <trkpt lat="46.807432" lon="9.311614">
        <ele>635.4</ele>
      </trkpt>
      <trkpt lat="46.807509" lon="9.311627">
        <ele>635.5</ele>
      </trkpt>
      <trkpt lat="46.807556" lon="9.311625">
        <ele>635.4</ele>
      </trkpt>
      <trkpt lat="46.807605" lon="9.311608">
        <ele>634.5</ele>
      </trkpt>
      <trkpt lat="46.807647" lon="9.31157">
        <ele>633.8</ele>
      </trkpt>
      <trkpt lat="46.807699" lon="9.311493">
        <ele>632.8</ele>
      </trkpt>
      <trkpt lat="46.807755" lon="9.311424">
        <ele>632.2</ele>
      </trkpt>
      <trkpt lat="46.807806" lon="9.311382">
        <ele>631.8</ele>
      </trkpt>
      <trkpt lat="46.807848" lon="9.311362">
        <ele>631.5</ele>
      </trkpt>
      <trkpt lat="46.807902" lon="9.311359">
        <ele>630.9</ele>
      </trkpt>
      <trkpt lat="46.80795" lon="9.311365">
        <ele>630.4</ele>
      </trkpt>
      <trkpt lat="46.807997" lon="9.311393">
        <ele>630.3</ele>
      </trkpt>
      <trkpt lat="46.808035" lon="9.311447">
        <ele>630.0</ele>
      </trkpt>
      <trkpt lat="46.808041" lon="9.311548">
        <ele>630.0</ele>
      </trkpt>
      <trkpt lat="46.808015" lon="9.311715">
        <ele>629.7</ele>
      </trkpt>
      <trkpt lat="46.807994" lon="9.311915">
        <ele>629.8</ele>
      </trkpt>
      <trkpt lat="46.807971" lon="9.312214">
        <ele>630.0</ele>
      </trkpt>
      <trkpt lat="46.807932" lon="9.312521">
        <ele>630.1</ele>
      </trkpt>
      <trkpt lat="46.807894" lon="9.312661">
        <ele>629.4</ele>
      </trkpt>
      <trkpt lat="46.807835" lon="9.312748">
        <ele>628.4</ele>
      </trkpt>
      <trkpt lat="46.807771" lon="9.312802">
        <ele>628.5</ele>
      </trkpt>
      <trkpt lat="46.807684" lon="9.312852">
        <ele>628.5</ele>
      </trkpt>
      <trkpt lat="46.807552" lon="9.312875">
        <ele>628.6</ele>
      </trkpt>
      <trkpt lat="46.807506" lon="9.312896">
        <ele>628.6</ele>
      </trkpt>
      <trkpt lat="46.807413" lon="9.312971">
        <ele>628.4</ele>
      </trkpt>
      <trkpt lat="46.807308" lon="9.313119">
        <ele>628.5</ele>
      </trkpt>
      <trkpt lat="46.807164" lon="9.313312">
        <ele>628.5</ele>
      </trkpt>
      <trkpt lat="46.807089" lon="9.313466">
        <ele>628.4</ele>
      </trkpt>
      <trkpt lat="46.807078" lon="9.313492">
        <ele>628.4</ele>
      </trkpt>
      <trkpt lat="46.807031" lon="9.313641">
        <ele>628.4</ele>
      </trkpt>
      <trkpt lat="46.806995" lon="9.31372">
        <ele>628.6</ele>
      </trkpt>
      <trkpt lat="46.806972" lon="9.313832">
        <ele>628.3</ele>
      </trkpt>
      <trkpt lat="46.806921" lon="9.313993">
        <ele>628.3</ele>
      </trkpt>
      <trkpt lat="46.806867" lon="9.314154">
        <ele>628.4</ele>
      </trkpt>
      <trkpt lat="46.806827" lon="9.314251">
        <ele>628.4</ele>
      </trkpt>
      <trkpt lat="46.806795" lon="9.314308">
        <ele>628.4</ele>
      </trkpt>
      <trkpt lat="46.806753" lon="9.314356">
        <ele>628.6</ele>
      </trkpt>
      <trkpt lat="46.806712" lon="9.314386">
        <ele>629.0</ele>
      </trkpt>
      <trkpt lat="46.806665" lon="9.314407">
        <ele>629.5</ele>
      </trkpt>
      <trkpt lat="46.806615" lon="9.314455">
        <ele>629.6</ele>
      </trkpt>
      <trkpt lat="46.806614" lon="9.314455">
        <ele>629.6</ele>
      </trkpt>
      <trkpt lat="46.806538" lon="9.314521">
        <ele>628.3</ele>
      </trkpt>
      <trkpt lat="46.80652" lon="9.314537">
        <ele>628.0</ele>
      </trkpt>
      <trkpt lat="46.806442" lon="9.314601">
        <ele>627.1</ele>
      </trkpt>
      <trkpt lat="46.806339" lon="9.3147">
        <ele>628.4</ele>
      </trkpt>
      <trkpt lat="46.806265" lon="9.31479">
        <ele>628.5</ele>
      </trkpt>
      <trkpt lat="46.806196" lon="9.314906">
        <ele>627.7</ele>
      </trkpt>
      <trkpt lat="46.806146" lon="9.314972">
        <ele>627.5</ele>
      </trkpt>
      <trkpt lat="46.806097" lon="9.315041">
        <ele>627.7</ele>
      </trkpt>
      <trkpt lat="46.806023" lon="9.315181">
        <ele>627.4</ele>
      </trkpt>
      <trkpt lat="46.805961" lon="9.31531">
        <ele>627.4</ele>
      </trkpt>
      <trkpt lat="46.805907" lon="9.315441">
        <ele>627.4</ele>
      </trkpt>
      <trkpt lat="46.805848" lon="9.315603">
        <ele>627.2</ele>
      </trkpt>
      <trkpt lat="46.805797" lon="9.31576">
        <ele>627.3</ele>
      </trkpt>
      <trkpt lat="46.805739" lon="9.316027">
        <ele>627.1</ele>
      </trkpt>
      <trkpt lat="46.805698" lon="9.316341">
        <ele>627.0</ele>
      </trkpt>
      <trkpt lat="46.805666" lon="9.316679">
        <ele>626.9</ele>
      </trkpt>
      <trkpt lat="46.805652" lon="9.317007">
        <ele>626.8</ele>
      </trkpt>
      <trkpt lat="46.805655" lon="9.317348">
        <ele>626.7</ele>
      </trkpt>
      <trkpt lat="46.805676" lon="9.317857">
        <ele>626.6</ele>
      </trkpt>
      <trkpt lat="46.805693" lon="9.318224">
        <ele>626.2</ele>
      </trkpt>
      <trkpt lat="46.805708" lon="9.318453">
        <ele>626.4</ele>
      </trkpt>
      <trkpt lat="46.805743" lon="9.318788">
        <ele>626.4</ele>
      </trkpt>
      <trkpt lat="46.80579" lon="9.319079">
        <ele>626.3</ele>
      </trkpt>
      <trkpt lat="46.805842" lon="9.319381">
        <ele>626.0</ele>
      </trkpt>
      <trkpt lat="46.80589" lon="9.319707">
        <ele>625.8</ele>
      </trkpt>
      <trkpt lat="46.805921" lon="9.319885">
        <ele>626.1</ele>
      </trkpt>
      <trkpt lat="46.805953" lon="9.320075">
        <ele>625.8</ele>
      </trkpt>
      <trkpt lat="46.805968" lon="9.320147">
        <ele>625.5</ele>
      </trkpt>
      <trkpt lat="46.805974" lon="9.320192">
        <ele>625.9</ele>
      </trkpt>
      <trkpt lat="46.805967" lon="9.320336">
        <ele>627.4</ele>
      </trkpt>
      <trkpt lat="46.80599" lon="9.320473">
        <ele>627.4</ele>
      </trkpt>
      <trkpt lat="46.806" lon="9.320563">
        <ele>627.5</ele>
      </trkpt>
      <trkpt lat="46.806014" lon="9.320672">
        <ele>627.4</ele>
      </trkpt>
      <trkpt lat="46.806032" lon="9.320786">
        <ele>627.1</ele>
      </trkpt>
      <trkpt lat="46.806042" lon="9.320915">
        <ele>627.0</ele>
      </trkpt>
      <trkpt lat="46.806046" lon="9.320966">
        <ele>626.8</ele>
      </trkpt>
      <trkpt lat="46.806049" lon="9.321028">
        <ele>627.2</ele>
      </trkpt>
      <trkpt lat="46.806058" lon="9.321104">
        <ele>627.2</ele>
      </trkpt>
      <trkpt lat="46.806072" lon="9.321134">
        <ele>627.3</ele>
      </trkpt>
      <trkpt lat="46.806107" lon="9.321185">
        <ele>626.8</ele>
      </trkpt>
      <trkpt lat="46.806145" lon="9.321227">
        <ele>627.4</ele>
      </trkpt>
      <trkpt lat="46.806143" lon="9.321243">
        <ele>628.0</ele>
      </trkpt>
      <trkpt lat="46.806123" lon="9.321262">
        <ele>630.0</ele>
      </trkpt>
      <trkpt lat="46.806092" lon="9.321261">
        <ele>630.7</ele>
      </trkpt>
      <trkpt lat="46.806077" lon="9.321271">
        <ele>631.3</ele>
      </trkpt>
      <trkpt lat="46.806092" lon="9.321313">
        <ele>633.2</ele>
      </trkpt>
      <trkpt lat="46.806104" lon="9.321332">
        <ele>633.6</ele>
      </trkpt>
      <trkpt lat="46.806108" lon="9.32136">
        <ele>634.8</ele>
      </trkpt>
      <trkpt lat="46.806122" lon="9.32138">
        <ele>635.9</ele>
      </trkpt>
      <trkpt lat="46.806143" lon="9.321395">
        <ele>636.8</ele>
      </trkpt>
      <trkpt lat="46.806151" lon="9.321408">
        <ele>637.4</ele>
      </trkpt>
      <trkpt lat="46.806149" lon="9.321427">
        <ele>638.5</ele>
      </trkpt>
      <trkpt lat="46.806134" lon="9.321436">
        <ele>639.2</ele>
      </trkpt>
      <trkpt lat="46.806106" lon="9.321437">
        <ele>639.5</ele>
      </trkpt>
      <trkpt lat="46.806079" lon="9.32145">
        <ele>641.1</ele>
      </trkpt>
      <trkpt lat="46.806086" lon="9.321461">
        <ele>641.7</ele>
      </trkpt>
      <trkpt lat="46.806112" lon="9.321474">
        <ele>642.1</ele>
      </trkpt>
      <trkpt lat="46.806139" lon="9.321512">
        <ele>643.8</ele>
      </trkpt>
      <trkpt lat="46.80615" lon="9.321539">
        <ele>644.7</ele>
      </trkpt>
      <trkpt lat="46.806139" lon="9.321564">
        <ele>647.9</ele>
      </trkpt>
      <trkpt lat="46.806097" lon="9.321555">
        <ele>648.7</ele>
      </trkpt>
      <trkpt lat="46.80606" lon="9.321555">
        <ele>649.6</ele>
      </trkpt>
      <trkpt lat="46.805998" lon="9.32159">
        <ele>651.5</ele>
      </trkpt>
      <trkpt lat="46.805955" lon="9.321605">
        <ele>652.9</ele>
      </trkpt>
      <trkpt lat="46.805907" lon="9.321603">
        <ele>654.9</ele>
      </trkpt>
      <trkpt lat="46.805861" lon="9.321592">
        <ele>655.7</ele>
      </trkpt>
      <trkpt lat="46.805804" lon="9.321593">
        <ele>657.6</ele>
      </trkpt>
      <trkpt lat="46.805793" lon="9.321602">
        <ele>658.7</ele>
      </trkpt>
      <trkpt lat="46.805807" lon="9.321619">
        <ele>659.1</ele>
      </trkpt>
      <trkpt lat="46.805834" lon="9.321644">
        <ele>659.7</ele>
      </trkpt>
      <trkpt lat="46.805881" lon="9.321691">
        <ele>660.5</ele>
      </trkpt>
      <trkpt lat="46.805945" lon="9.32174">
        <ele>661.6</ele>
      </trkpt>
      <trkpt lat="46.806" lon="9.321772">
        <ele>662.8</ele>
      </trkpt>
      <trkpt lat="46.806051" lon="9.32179">
        <ele>661.3</ele>
      </trkpt>
      <trkpt lat="46.80606" lon="9.321823">
        <ele>661.0</ele>
      </trkpt>
      <trkpt lat="46.806011" lon="9.321815">
        <ele>662.2</ele>
      </trkpt>
      <trkpt lat="46.805979" lon="9.321808">
        <ele>663.1</ele>
      </trkpt>
      <trkpt lat="46.806011" lon="9.321815">
        <ele>662.2</ele>
      </trkpt>
      <trkpt lat="46.80606" lon="9.321823">
        <ele>661.0</ele>
      </trkpt>
      <trkpt lat="46.806136" lon="9.321842">
        <ele>659.4</ele>
      </trkpt>
      <trkpt lat="46.80621" lon="9.321827">
        <ele>659.1</ele>
      </trkpt>
      <trkpt lat="46.806238" lon="9.321821">
        <ele>658.8</ele>
      </trkpt>
      <trkpt lat="46.806256" lon="9.32181">
        <ele>658.6</ele>
      </trkpt>
      <trkpt lat="46.806286" lon="9.321825">
        <ele>657.6</ele>
      </trkpt>
      <trkpt lat="46.806347" lon="9.321823">
        <ele>655.9</ele>
      </trkpt>
      <trkpt lat="46.80643" lon="9.321834">
        <ele>652.8</ele>
      </trkpt>
      <trkpt lat="46.806482" lon="9.32185">
        <ele>650.4</ele>
      </trkpt>
      <trkpt lat="46.806545" lon="9.321861">
        <ele>647.3</ele>
      </trkpt>
      <trkpt lat="46.806624" lon="9.321879">
        <ele>644.0</ele>
      </trkpt>
      <trkpt lat="46.806669" lon="9.321885">
        <ele>642.6</ele>
      </trkpt>
      <trkpt lat="46.806789" lon="9.321891">
        <ele>640.8</ele>
      </trkpt>
      <trkpt lat="46.806853" lon="9.321883">
        <ele>640.2</ele>
      </trkpt>
      <trkpt lat="46.806862" lon="9.321892">
        <ele>640.2</ele>
      </trkpt>
      <trkpt lat="46.806866" lon="9.321913">
        <ele>640.0</ele>
      </trkpt>
      <trkpt lat="46.80684" lon="9.321945">
        <ele>640.1</ele>
      </trkpt>
      <trkpt lat="46.80678" lon="9.322003">
        <ele>640.0</ele>
      </trkpt>
      <trkpt lat="46.806678" lon="9.32207">
        <ele>638.9</ele>
      </trkpt>
      <trkpt lat="46.806641" lon="9.322105">
        <ele>637.3</ele>
      </trkpt>
      <trkpt lat="46.806576" lon="9.322189">
        <ele>633.1</ele>
      </trkpt>
      <trkpt lat="46.806537" lon="9.322212">
        <ele>632.2</ele>
      </trkpt>
      <trkpt lat="46.806455" lon="9.322246">
        <ele>630.3</ele>
      </trkpt>
      <trkpt lat="46.806426" lon="9.322261">
        <ele>629.4</ele>
      </trkpt>
      <trkpt lat="46.806393" lon="9.322307">
        <ele>627.3</ele>
      </trkpt>
      <trkpt lat="46.806377" lon="9.322349">
        <ele>626.4</ele>
      </trkpt>
      <trkpt lat="46.806362" lon="9.322373">
        <ele>626.0</ele>
      </trkpt>
      <trkpt lat="46.806333" lon="9.322421">
        <ele>625.2</ele>
      </trkpt>
      <trkpt lat="46.806303" lon="9.322437">
        <ele>625.2</ele>
      </trkpt>
      <trkpt lat="46.80626" lon="9.322484">
        <ele>625.0</ele>
      </trkpt>
      <trkpt lat="46.806242" lon="9.32253">
        <ele>624.6</ele>
      </trkpt>
      <trkpt lat="46.806221" lon="9.322621">
        <ele>622.2</ele>
      </trkpt>
      <trkpt lat="46.806191" lon="9.322669">
        <ele>621.9</ele>
      </trkpt>
      <trkpt lat="46.806148" lon="9.322693">
        <ele>621.8</ele>
      </trkpt>
      <trkpt lat="46.806113" lon="9.322712">
        <ele>621.8</ele>
      </trkpt>
      <trkpt lat="46.806098" lon="9.322739">
        <ele>621.9</ele>
      </trkpt>
      <trkpt lat="46.806066" lon="9.322773">
        <ele>622.0</ele>
      </trkpt>
      <trkpt lat="46.80603" lon="9.322784">
        <ele>621.9</ele>
      </trkpt>
      <trkpt lat="46.805995" lon="9.322783">
        <ele>621.9</ele>
      </trkpt>
      <trkpt lat="46.805961" lon="9.322795">
        <ele>622.0</ele>
      </trkpt>
      <trkpt lat="46.805921" lon="9.322827">
        <ele>621.8</ele>
      </trkpt>
      <trkpt lat="46.805906" lon="9.322854">
        <ele>621.8</ele>
      </trkpt>
      <trkpt lat="46.805883" lon="9.322908">
        <ele>621.7</ele>
      </trkpt>
      <trkpt lat="46.80587" lon="9.32296">
        <ele>621.7</ele>
      </trkpt>
      <trkpt lat="46.805867" lon="9.323006">
        <ele>621.7</ele>
      </trkpt>
      <trkpt lat="46.805867" lon="9.323095">
        <ele>621.9</ele>
      </trkpt>
      <trkpt lat="46.805861" lon="9.323133">
        <ele>621.9</ele>
      </trkpt>
      <trkpt lat="46.80585" lon="9.323178">
        <ele>621.9</ele>
      </trkpt>
      <trkpt lat="46.805812" lon="9.323347">
        <ele>621.9</ele>
      </trkpt>
      <trkpt lat="46.805802" lon="9.323418">
        <ele>621.8</ele>
      </trkpt>
      <trkpt lat="46.805787" lon="9.323466">
        <ele>621.8</ele>
      </trkpt>
      <trkpt lat="46.805742" lon="9.323724">
        <ele>622.4</ele>
      </trkpt>
      <trkpt lat="46.805722" lon="9.323788">
        <ele>622.2</ele>
      </trkpt>
      <trkpt lat="46.805694" lon="9.323827">
        <ele>622.4</ele>
      </trkpt>
      <trkpt lat="46.805614" lon="9.323898">
        <ele>622.4</ele>
      </trkpt>
      <trkpt lat="46.805586" lon="9.323916">
        <ele>622.2</ele>
      </trkpt>
      <trkpt lat="46.805572" lon="9.323931">
        <ele>622.0</ele>
      </trkpt>
      <trkpt lat="46.805562" lon="9.323952">
        <ele>622.1</ele>
      </trkpt>
      <trkpt lat="46.805557" lon="9.323984">
        <ele>622.0</ele>
      </trkpt>
      <trkpt lat="46.805549" lon="9.324015">
        <ele>622.1</ele>
      </trkpt>
      <trkpt lat="46.805533" lon="9.324038">
        <ele>621.9</ele>
      </trkpt>
      <trkpt lat="46.805496" lon="9.324071">
        <ele>621.8</ele>
      </trkpt>
      <trkpt lat="46.805474" lon="9.324094">
        <ele>621.5</ele>
      </trkpt>
      <trkpt lat="46.805458" lon="9.324139">
        <ele>621.7</ele>
      </trkpt>
      <trkpt lat="46.805451" lon="9.324186">
        <ele>621.7</ele>
      </trkpt>
      <trkpt lat="46.805453" lon="9.324247">
        <ele>621.2</ele>
      </trkpt>
      <trkpt lat="46.805452" lon="9.324285">
        <ele>621.0</ele>
      </trkpt>
      <trkpt lat="46.80544" lon="9.324309">
        <ele>621.0</ele>
      </trkpt>
      <trkpt lat="46.805403" lon="9.324364">
        <ele>620.9</ele>
      </trkpt>
      <trkpt lat="46.805324" lon="9.324473">
        <ele>620.8</ele>
      </trkpt>
      <trkpt lat="46.805275" lon="9.324543">
        <ele>620.4</ele>
      </trkpt>
      <trkpt lat="46.80527" lon="9.324549">
        <ele>620.3</ele>
      </trkpt>
      <trkpt lat="46.805236" lon="9.324563">
        <ele>620.4</ele>
      </trkpt>
      <trkpt lat="46.805229" lon="9.324565">
        <ele>620.4</ele>
      </trkpt>
      <trkpt lat="46.805236" lon="9.324955">
        <ele>620.8</ele>
      </trkpt>
      <trkpt lat="46.805244" lon="9.325344">
        <ele>621.3</ele>
      </trkpt>
      <trkpt lat="46.805252" lon="9.325344">
        <ele>621.3</ele>
      </trkpt>
      <trkpt lat="46.805283" lon="9.325341">
        <ele>621.3</ele>
      </trkpt>
      <trkpt lat="46.805303" lon="9.325345">
        <ele>621.8</ele>
      </trkpt>
      <trkpt lat="46.805339" lon="9.325345">
        <ele>622.4</ele>
      </trkpt>
      <trkpt lat="46.805392" lon="9.325344">
        <ele>623.0</ele>
      </trkpt>
      <trkpt lat="46.805408" lon="9.325338">
        <ele>623.1</ele>
      </trkpt>
      <trkpt lat="46.805422" lon="9.325346">
        <ele>623.7</ele>
      </trkpt>
      <trkpt lat="46.805428" lon="9.325355">
        <ele>623.9</ele>
      </trkpt>
      <trkpt lat="46.805426" lon="9.325368">
        <ele>624.2</ele>
      </trkpt>
      <trkpt lat="46.80541" lon="9.325401">
        <ele>624.6</ele>
      </trkpt>
      <trkpt lat="46.805406" lon="9.325419">
        <ele>624.9</ele>
      </trkpt>
      <trkpt lat="46.805408" lon="9.325427">
        <ele>625.0</ele>
      </trkpt>
      <trkpt lat="46.805413" lon="9.325428">
        <ele>625.1</ele>
      </trkpt>
      <trkpt lat="46.805436" lon="9.325419">
        <ele>626.0</ele>
      </trkpt>
      <trkpt lat="46.805448" lon="9.325412">
        <ele>626.2</ele>
      </trkpt>
      <trkpt lat="46.805455" lon="9.325416">
        <ele>626.7</ele>
      </trkpt>
      <trkpt lat="46.805454" lon="9.32543">
        <ele>627.2</ele>
      </trkpt>
      <trkpt lat="46.805358" lon="9.325651">
        <ele>630.8</ele>
      </trkpt>
      <trkpt lat="46.805324" lon="9.325737">
        <ele>632.9</ele>
      </trkpt>
      <trkpt lat="46.805319" lon="9.325757">
        <ele>632.9</ele>
      </trkpt>
      <trkpt lat="46.805322" lon="9.325774">
        <ele>632.9</ele>
      </trkpt>
      <trkpt lat="46.805327" lon="9.325787">
        <ele>632.9</ele>
      </trkpt>
      <trkpt lat="46.805338" lon="9.32579">
        <ele>633.1</ele>
      </trkpt>
      <trkpt lat="46.805351" lon="9.325783">
        <ele>633.4</ele>
      </trkpt>
      <trkpt lat="46.805373" lon="9.325755">
        <ele>633.8</ele>
      </trkpt>
      <trkpt lat="46.805407" lon="9.325734">
        <ele>635.1</ele>
      </trkpt>
      <trkpt lat="46.805441" lon="9.325697">
        <ele>635.9</ele>
      </trkpt>
      <trkpt lat="46.805493" lon="9.325647">
        <ele>637.6</ele>
      </trkpt>
      <trkpt lat="46.805507" lon="9.325644">
        <ele>638.4</ele>
      </trkpt>
      <trkpt lat="46.805511" lon="9.325662">
        <ele>638.9</ele>
      </trkpt>
      <trkpt lat="46.805516" lon="9.325734">
        <ele>640.4</ele>
      </trkpt>
      <trkpt lat="46.80552" lon="9.325857">
        <ele>640.7</ele>
      </trkpt>
      <trkpt lat="46.805476" lon="9.326013">
        <ele>640.7</ele>
      </trkpt>
      <trkpt lat="46.805479" lon="9.326067">
        <ele>640.5</ele>
      </trkpt>
      <trkpt lat="46.805497" lon="9.326083">
        <ele>640.6</ele>
      </trkpt>
      <trkpt lat="46.805531" lon="9.32607">
        <ele>641.0</ele>
      </trkpt>
      <trkpt lat="46.805562" lon="9.326051">
        <ele>641.5</ele>
      </trkpt>
      <trkpt lat="46.805595" lon="9.326012">
        <ele>642.6</ele>
      </trkpt>
      <trkpt lat="46.805622" lon="9.325971">
        <ele>643.5</ele>
      </trkpt>
      <trkpt lat="46.805655" lon="9.325954">
        <ele>644.0</ele>
      </trkpt>
      <trkpt lat="46.805703" lon="9.325922">
        <ele>644.0</ele>
      </trkpt>
      <trkpt lat="46.805736" lon="9.325878">
        <ele>644.0</ele>
      </trkpt>
      <trkpt lat="46.80577" lon="9.325797">
        <ele>643.5</ele>
      </trkpt>
      <trkpt lat="46.805834" lon="9.325661">
        <ele>644.5</ele>
      </trkpt>
      <trkpt lat="46.805885" lon="9.325624">
        <ele>645.5</ele>
      </trkpt>
      <trkpt lat="46.805909" lon="9.325638">
        <ele>646.7</ele>
      </trkpt>
      <trkpt lat="46.805938" lon="9.325675">
        <ele>648.4</ele>
      </trkpt>
      <trkpt lat="46.805975" lon="9.325756">
        <ele>650.8</ele>
      </trkpt>
      <trkpt lat="46.806003" lon="9.325865">
        <ele>652.0</ele>
      </trkpt>
      <trkpt lat="46.80607" lon="9.325995">
        <ele>656.0</ele>
      </trkpt>
      <trkpt lat="46.806127" lon="9.326105">
        <ele>659.5</ele>
      </trkpt>
      <trkpt lat="46.806157" lon="9.326174">
        <ele>662.0</ele>
      </trkpt>
      <trkpt lat="46.80617" lon="9.326169">
        <ele>663.2</ele>
      </trkpt>
      <trkpt lat="46.806161" lon="9.326102">
        <ele>662.3</ele>
      </trkpt>
      <trkpt lat="46.806165" lon="9.32602">
        <ele>662.9</ele>
      </trkpt>
      <trkpt lat="46.806178" lon="9.325892">
        <ele>665.1</ele>
      </trkpt>
      <trkpt lat="46.806195" lon="9.325802">
        <ele>667.4</ele>
      </trkpt>
      <trkpt lat="46.806219" lon="9.325764">
        <ele>669.1</ele>
      </trkpt>
      <trkpt lat="46.80625" lon="9.325749">
        <ele>670.5</ele>
      </trkpt>
      <trkpt lat="46.806292" lon="9.325733">
        <ele>670.8</ele>
      </trkpt>
      <trkpt lat="46.806335" lon="9.325702">
        <ele>671.0</ele>
      </trkpt>
      <trkpt lat="46.806392" lon="9.325669">
        <ele>671.8</ele>
      </trkpt>
      <trkpt lat="46.806443" lon="9.325646">
        <ele>672.9</ele>
      </trkpt>
      <trkpt lat="46.806476" lon="9.325615">
        <ele>673.4</ele>
      </trkpt>
      <trkpt lat="46.806536" lon="9.325583">
        <ele>674.9</ele>
      </trkpt>
      <trkpt lat="46.806603" lon="9.325551">
        <ele>678.0</ele>
      </trkpt>
      <trkpt lat="46.806675" lon="9.325514">
        <ele>681.5</ele>
      </trkpt>
      <trkpt lat="46.806726" lon="9.325462">
        <ele>683.8</ele>
      </trkpt>
      <trkpt lat="46.806772" lon="9.325393">
        <ele>685.0</ele>
      </trkpt>
      <trkpt lat="46.806799" lon="9.32535">
        <ele>686.1</ele>
      </trkpt>
      <trkpt lat="46.806838" lon="9.325337">
        <ele>687.0</ele>
      </trkpt>
      <trkpt lat="46.806924" lon="9.325306">
        <ele>689.1</ele>
      </trkpt>
      <trkpt lat="46.807002" lon="9.325303">
        <ele>689.9</ele>
      </trkpt>
      <trkpt lat="46.807047" lon="9.325345">
        <ele>690.6</ele>
      </trkpt>
      <trkpt lat="46.8071" lon="9.325432">
        <ele>692.6</ele>
      </trkpt>
      <trkpt lat="46.807161" lon="9.325485">
        <ele>694.7</ele>
      </trkpt>
      <trkpt lat="46.807186" lon="9.325486">
        <ele>695.1</ele>
      </trkpt>
      <trkpt lat="46.807204" lon="9.32543">
        <ele>695.5</ele>
      </trkpt>
      <trkpt lat="46.807234" lon="9.325361">
        <ele>696.4</ele>
      </trkpt>
      <trkpt lat="46.807265" lon="9.325326">
        <ele>698.1</ele>
      </trkpt>
      <trkpt lat="46.807304" lon="9.32536">
        <ele>699.1</ele>
      </trkpt>
      <trkpt lat="46.807345" lon="9.325423">
        <ele>701.7</ele>
      </trkpt>
      <trkpt lat="46.807374" lon="9.325529">
        <ele>704.0</ele>
      </trkpt>
      <trkpt lat="46.807395" lon="9.325557">
        <ele>704.9</ele>
      </trkpt>
      <trkpt lat="46.807414" lon="9.325614">
        <ele>706.7</ele>
      </trkpt>
      <trkpt lat="46.807417" lon="9.325686">
        <ele>707.2</ele>
      </trkpt>
      <trkpt lat="46.807494" lon="9.325861">
        <ele>712.8</ele>
      </trkpt>
      <trkpt lat="46.807552" lon="9.325965">
        <ele>716.6</ele>
      </trkpt>
      <trkpt lat="46.807586" lon="9.325986">
        <ele>718.2</ele>
      </trkpt>
      <trkpt lat="46.807617" lon="9.326042">
        <ele>720.6</ele>
      </trkpt>
      <trkpt lat="46.807617" lon="9.326113">
        <ele>721.8</ele>
      </trkpt>
      <trkpt lat="46.80763" lon="9.326171">
        <ele>723.1</ele>
      </trkpt>
      <trkpt lat="46.807678" lon="9.326182">
        <ele>725.9</ele>
      </trkpt>
      <trkpt lat="46.807717" lon="9.326226">
        <ele>728.2</ele>
      </trkpt>
      <trkpt lat="46.807723" lon="9.326204">
        <ele>728.3</ele>
      </trkpt>
      <trkpt lat="46.807739" lon="9.326037">
        <ele>730.6</ele>
      </trkpt>
      <trkpt lat="46.807747" lon="9.325948">
        <ele>732.2</ele>
      </trkpt>
      <trkpt lat="46.80776" lon="9.325944">
        <ele>732.9</ele>
      </trkpt>
      <trkpt lat="46.807838" lon="9.326155">
        <ele>739.0</ele>
      </trkpt>
      <trkpt lat="46.807906" lon="9.326347">
        <ele>743.2</ele>
      </trkpt>
      <trkpt lat="46.807929" lon="9.326434">
        <ele>745.1</ele>
      </trkpt>
      <trkpt lat="46.807966" lon="9.326569">
        <ele>748.0</ele>
      </trkpt>
      <trkpt lat="46.80801" lon="9.326697">
        <ele>751.4</ele>
      </trkpt>
      <trkpt lat="46.808038" lon="9.326831">
        <ele>755.2</ele>
      </trkpt>
      <trkpt lat="46.808052" lon="9.326943">
        <ele>758.1</ele>
      </trkpt>
      <trkpt lat="46.808064" lon="9.327001">
        <ele>759.6</ele>
      </trkpt>
      <trkpt lat="46.808103" lon="9.327096">
        <ele>762.4</ele>
      </trkpt>
      <trkpt lat="46.808148" lon="9.327176">
        <ele>765.0</ele>
      </trkpt>
      <trkpt lat="46.808188" lon="9.32723">
        <ele>767.5</ele>
      </trkpt>
      <trkpt lat="46.808238" lon="9.327278">
        <ele>770.4</ele>
      </trkpt>
      <trkpt lat="46.808277" lon="9.327317">
        <ele>772.9</ele>
      </trkpt>
      <trkpt lat="46.808293" lon="9.327382">
        <ele>774.9</ele>
      </trkpt>
      <trkpt lat="46.808315" lon="9.327446">
        <ele>776.8</ele>
      </trkpt>
      <trkpt lat="46.808367" lon="9.327505">
        <ele>779.5</ele>
      </trkpt>
      <trkpt lat="46.80843" lon="9.327601">
        <ele>783.3</ele>
      </trkpt>
      <trkpt lat="46.808459" lon="9.327691">
        <ele>786.3</ele>
      </trkpt>
      <trkpt lat="46.808459" lon="9.327739">
        <ele>787.7</ele>
      </trkpt>
      <trkpt lat="46.808454" lon="9.32781">
        <ele>789.2</ele>
      </trkpt>
      <trkpt lat="46.80847" lon="9.327871">
        <ele>790.5</ele>
      </trkpt>
      <trkpt lat="46.808511" lon="9.327881">
        <ele>793.3</ele>
      </trkpt>
      <trkpt lat="46.808521" lon="9.327923">
        <ele>794.6</ele>
      </trkpt>
      <trkpt lat="46.808553" lon="9.327988">
        <ele>796.7</ele>
      </trkpt>
      <trkpt lat="46.808591" lon="9.328052">
        <ele>797.9</ele>
      </trkpt>
      <trkpt lat="46.808623" lon="9.328069">
        <ele>798.6</ele>
      </trkpt>
      <trkpt lat="46.808646" lon="9.328074">
        <ele>798.7</ele>
      </trkpt>
      <trkpt lat="46.808683" lon="9.328083">
        <ele>798.8</ele>
      </trkpt>
      <trkpt lat="46.808729" lon="9.328073">
        <ele>798.7</ele>
      </trkpt>
      <trkpt lat="46.808813" lon="9.328046">
        <ele>798.6</ele>
      </trkpt>
      <trkpt lat="46.808848" lon="9.32802">
        <ele>798.3</ele>
      </trkpt>
      <trkpt lat="46.808867" lon="9.327993">
        <ele>798.2</ele>
      </trkpt>
      <trkpt lat="46.808893" lon="9.327961">
        <ele>798.4</ele>
      </trkpt>
      <trkpt lat="46.808944" lon="9.327951">
        <ele>798.4</ele>
      </trkpt>
      <trkpt lat="46.80899" lon="9.327927">
        <ele>798.9</ele>
      </trkpt>
      <trkpt lat="46.809002" lon="9.327905">
        <ele>799.1</ele>
      </trkpt>
      <trkpt lat="46.809031" lon="9.327856">
        <ele>799.4</ele>
      </trkpt>
      <trkpt lat="46.809076" lon="9.327821">
        <ele>799.7</ele>
      </trkpt>
      <trkpt lat="46.80914" lon="9.327817">
        <ele>800.3</ele>
      </trkpt>
      <trkpt lat="46.809241" lon="9.327847">
        <ele>801.4</ele>
      </trkpt>
      <trkpt lat="46.809375" lon="9.327923">
        <ele>802.9</ele>
      </trkpt>
      <trkpt lat="46.809504" lon="9.328004">
        <ele>804.2</ele>
      </trkpt>
      <trkpt lat="46.809598" lon="9.328084">
        <ele>805.3</ele>
      </trkpt>
      <trkpt lat="46.809667" lon="9.328141">
        <ele>806.2</ele>
      </trkpt>
      <trkpt lat="46.809779" lon="9.328199">
        <ele>807.5</ele>
      </trkpt>
      <trkpt lat="46.809928" lon="9.328261">
        <ele>809.2</ele>
      </trkpt>
      <trkpt lat="46.810041" lon="9.328297">
        <ele>810.5</ele>
      </trkpt>
      <trkpt lat="46.8101" lon="9.328325">
        <ele>811.3</ele>
      </trkpt>
      <trkpt lat="46.810143" lon="9.328351">
        <ele>811.7</ele>
      </trkpt>
      <trkpt lat="46.810204" lon="9.328394">
        <ele>812.3</ele>
      </trkpt>
      <trkpt lat="46.810249" lon="9.328432">
        <ele>812.9</ele>
      </trkpt>
      <trkpt lat="46.810301" lon="9.328485">
        <ele>813.7</ele>
      </trkpt>
      <trkpt lat="46.810443" lon="9.328652">
        <ele>815.8</ele>
      </trkpt>
      <trkpt lat="46.810473" lon="9.328686">
        <ele>816.2</ele>
      </trkpt>
      <trkpt lat="46.810539" lon="9.328761">
        <ele>817.3</ele>
      </trkpt>
      <trkpt lat="46.810593" lon="9.328784">
        <ele>817.9</ele>
      </trkpt>
      <trkpt lat="46.810644" lon="9.328786">
        <ele>818.7</ele>
      </trkpt>
      <trkpt lat="46.810678" lon="9.328771">
        <ele>819.1</ele>
      </trkpt>
      <trkpt lat="46.810709" lon="9.32873">
        <ele>819.5</ele>
      </trkpt>
      <trkpt lat="46.810768" lon="9.328638">
        <ele>820.5</ele>
      </trkpt>
      <trkpt lat="46.810825" lon="9.328551">
        <ele>821.5</ele>
      </trkpt>
      <trkpt lat="46.810879" lon="9.32849">
        <ele>822.3</ele>
      </trkpt>
      <trkpt lat="46.810938" lon="9.328436">
        <ele>823.1</ele>
      </trkpt>
      <trkpt lat="46.810993" lon="9.328415">
        <ele>823.7</ele>
      </trkpt>
      <trkpt lat="46.811062" lon="9.328403">
        <ele>824.5</ele>
      </trkpt>
      <trkpt lat="46.81118" lon="9.328395">
        <ele>825.9</ele>
      </trkpt>
      <trkpt lat="46.811235" lon="9.328389">
        <ele>826.5</ele>
      </trkpt>
      <trkpt lat="46.811303" lon="9.328393">
        <ele>827.4</ele>
      </trkpt>
      <trkpt lat="46.811386" lon="9.328408">
        <ele>828.2</ele>
      </trkpt>
      <trkpt lat="46.811506" lon="9.328465">
        <ele>829.9</ele>
      </trkpt>
      <trkpt lat="46.811664" lon="9.328571">
        <ele>831.9</ele>
      </trkpt>
      <trkpt lat="46.811816" lon="9.32867">
        <ele>833.5</ele>
      </trkpt>
      <trkpt lat="46.811942" lon="9.328745">
        <ele>835.4</ele>
      </trkpt>
      <trkpt lat="46.812074" lon="9.328804">
        <ele>836.8</ele>
      </trkpt>
      <trkpt lat="46.812255" lon="9.328863">
        <ele>839.2</ele>
      </trkpt>
      <trkpt lat="46.81238" lon="9.32889">
        <ele>840.5</ele>
      </trkpt>
      <trkpt lat="46.81253" lon="9.328893">
        <ele>842.3</ele>
      </trkpt>
      <trkpt lat="46.812718" lon="9.328909">
        <ele>844.3</ele>
      </trkpt>
      <trkpt lat="46.812873" lon="9.328921">
        <ele>846.4</ele>
      </trkpt>
      <trkpt lat="46.813062" lon="9.328957">
        <ele>848.2</ele>
      </trkpt>
      <trkpt lat="46.813144" lon="9.328972">
        <ele>849.2</ele>
      </trkpt>
      <trkpt lat="46.813219" lon="9.328994">
        <ele>849.8</ele>
      </trkpt>
      <trkpt lat="46.813284" lon="9.329023">
        <ele>850.5</ele>
      </trkpt>
      <trkpt lat="46.813326" lon="9.329051">
        <ele>850.9</ele>
      </trkpt>
      <trkpt lat="46.813362" lon="9.32907">
        <ele>851.4</ele>
      </trkpt>
      <trkpt lat="46.813394" lon="9.329097">
        <ele>851.5</ele>
      </trkpt>
      <trkpt lat="46.813437" lon="9.329143">
        <ele>852.0</ele>
      </trkpt>
      <trkpt lat="46.813648" lon="9.329399">
        <ele>855.3</ele>
      </trkpt>
      <trkpt lat="46.813757" lon="9.329509">
        <ele>856.9</ele>
      </trkpt>
      <trkpt lat="46.813808" lon="9.329541">
        <ele>857.5</ele>
      </trkpt>
      <trkpt lat="46.813849" lon="9.329563">
        <ele>857.9</ele>
      </trkpt>
      <trkpt lat="46.813907" lon="9.329573">
        <ele>858.5</ele>
      </trkpt>
      <trkpt lat="46.813968" lon="9.329558">
        <ele>859.1</ele>
      </trkpt>
      <trkpt lat="46.81402" lon="9.329535">
        <ele>859.8</ele>
      </trkpt>
      <trkpt lat="46.814088" lon="9.329487">
        <ele>860.7</ele>
      </trkpt>
      <trkpt lat="46.814136" lon="9.329454">
        <ele>861.2</ele>
      </trkpt>
      <trkpt lat="46.814181" lon="9.329424">
        <ele>861.9</ele>
      </trkpt>
      <trkpt lat="46.814209" lon="9.329415">
        <ele>862.3</ele>
      </trkpt>
      <trkpt lat="46.814258" lon="9.329407">
        <ele>863.0</ele>
      </trkpt>
      <trkpt lat="46.814291" lon="9.329407">
        <ele>863.5</ele>
      </trkpt>
      <trkpt lat="46.814347" lon="9.32944">
        <ele>864.3</ele>
      </trkpt>
      <trkpt lat="46.814397" lon="9.329489">
        <ele>865.0</ele>
      </trkpt>
      <trkpt lat="46.81445" lon="9.329544">
        <ele>865.7</ele>
      </trkpt>
      <trkpt lat="46.814448" lon="9.32959">
        <ele>865.7</ele>
      </trkpt>
      <trkpt lat="46.814454" lon="9.32964">
        <ele>865.7</ele>
      </trkpt>
      <trkpt lat="46.814483" lon="9.329709">
        <ele>865.7</ele>
      </trkpt>
      <trkpt lat="46.814522" lon="9.329799">
        <ele>865.3</ele>
      </trkpt>
      <trkpt lat="46.814579" lon="9.329931">
        <ele>864.9</ele>
      </trkpt>
      <trkpt lat="46.814648" lon="9.330124">
        <ele>863.2</ele>
      </trkpt>
      <trkpt lat="46.814674" lon="9.330177">
        <ele>863.0</ele>
      </trkpt>
      <trkpt lat="46.814723" lon="9.330253">
        <ele>863.0</ele>
      </trkpt>
      <trkpt lat="46.814789" lon="9.33034">
        <ele>862.9</ele>
      </trkpt>
      <trkpt lat="46.814857" lon="9.330399">
        <ele>863.4</ele>
      </trkpt>
      <trkpt lat="46.814944" lon="9.330464">
        <ele>863.0</ele>
      </trkpt>
      <trkpt lat="46.815013" lon="9.33049">
        <ele>861.7</ele>
      </trkpt>
      <trkpt lat="46.815145" lon="9.33051">
        <ele>860.2</ele>
      </trkpt>
      <trkpt lat="46.815289" lon="9.330544">
        <ele>858.6</ele>
      </trkpt>
      <trkpt lat="46.81541" lon="9.330618">
        <ele>856.6</ele>
      </trkpt>
      <trkpt lat="46.815559" lon="9.330748">
        <ele>855.4</ele>
      </trkpt>
      <trkpt lat="46.815666" lon="9.330866">
        <ele>855.5</ele>
      </trkpt>
      <trkpt lat="46.815712" lon="9.330925">
        <ele>855.3</ele>
      </trkpt>
      <trkpt lat="46.815786" lon="9.331006">
        <ele>856.2</ele>
      </trkpt>
      <trkpt lat="46.815909" lon="9.331144">
        <ele>857.2</ele>
      </trkpt>
      <trkpt lat="46.815952" lon="9.331194">
        <ele>857.6</ele>
      </trkpt>
      <trkpt lat="46.816015" lon="9.331256">
        <ele>858.5</ele>
      </trkpt>
      <trkpt lat="46.816076" lon="9.331315">
        <ele>859.3</ele>
      </trkpt>
      <trkpt lat="46.816077" lon="9.331312">
        <ele>859.3</ele>
      </trkpt>
      <trkpt lat="46.816078" lon="9.331297">
        <ele>859.4</ele>
      </trkpt>
      <trkpt lat="46.816077" lon="9.331312">
        <ele>859.3</ele>
      </trkpt>
      <trkpt lat="46.816076" lon="9.331315">
        <ele>859.3</ele>
      </trkpt>
      <trkpt lat="46.816139" lon="9.331365">
        <ele>859.0</ele>
      </trkpt>
      <trkpt lat="46.816176" lon="9.331387">
        <ele>858.4</ele>
      </trkpt>
      <trkpt lat="46.816218" lon="9.331403">
        <ele>858.0</ele>
      </trkpt>
      <trkpt lat="46.816246" lon="9.33141">
        <ele>857.6</ele>
      </trkpt>
      <trkpt lat="46.816289" lon="9.331413">
        <ele>857.6</ele>
      </trkpt>
      <trkpt lat="46.816383" lon="9.331425">
        <ele>855.6</ele>
      </trkpt>
      <trkpt lat="46.816417" lon="9.331425">
        <ele>854.2</ele>
      </trkpt>
      <trkpt lat="46.816446" lon="9.331424">
        <ele>854.1</ele>
      </trkpt>
      <trkpt lat="46.81649" lon="9.331429">
        <ele>854.0</ele>
      </trkpt>
      <trkpt lat="46.81655" lon="9.331462">
        <ele>853.3</ele>
      </trkpt>
      <trkpt lat="46.816581" lon="9.331485">
        <ele>852.8</ele>
      </trkpt>
      <trkpt lat="46.816662" lon="9.331565">
        <ele>850.6</ele>
      </trkpt>
      <trkpt lat="46.816756" lon="9.331663">
        <ele>848.2</ele>
      </trkpt>
      <trkpt lat="46.816833" lon="9.331742">
        <ele>846.5</ele>
      </trkpt>
      <trkpt lat="46.816894" lon="9.331801">
        <ele>845.8</ele>
      </trkpt>
      <trkpt lat="46.816995" lon="9.331902">
        <ele>843.3</ele>
      </trkpt>
      <trkpt lat="46.817053" lon="9.331958">
        <ele>842.3</ele>
      </trkpt>
      <trkpt lat="46.817099" lon="9.331997">
        <ele>841.9</ele>
      </trkpt>
      <trkpt lat="46.817144" lon="9.332016">
        <ele>841.1</ele>
      </trkpt>
      <trkpt lat="46.817203" lon="9.332038">
        <ele>840.1</ele>
      </trkpt>
      <trkpt lat="46.817256" lon="9.332069">
        <ele>839.3</ele>
      </trkpt>
      <trkpt lat="46.817307" lon="9.332098">
        <ele>838.6</ele>
      </trkpt>
      <trkpt lat="46.817374" lon="9.332146">
        <ele>838.0</ele>
      </trkpt>
      <trkpt lat="46.817453" lon="9.332204">
        <ele>836.7</ele>
      </trkpt>
      <trkpt lat="46.817497" lon="9.332235">
        <ele>836.1</ele>
      </trkpt>
      <trkpt lat="46.817541" lon="9.332254">
        <ele>835.4</ele>
      </trkpt>
      <trkpt lat="46.8176" lon="9.332294">
        <ele>834.7</ele>
      </trkpt>
      <trkpt lat="46.81766" lon="9.332326">
        <ele>833.8</ele>
      </trkpt>
      <trkpt lat="46.817726" lon="9.332354">
        <ele>832.4</ele>
      </trkpt>
      <trkpt lat="46.817813" lon="9.332387">
        <ele>830.8</ele>
      </trkpt>
      <trkpt lat="46.817901" lon="9.332409">
        <ele>829.2</ele>
      </trkpt>
      <trkpt lat="46.818003" lon="9.332426">
        <ele>828.0</ele>
      </trkpt>
      <trkpt lat="46.818052" lon="9.332444">
        <ele>827.1</ele>
      </trkpt>
      <trkpt lat="46.818104" lon="9.332459">
        <ele>826.7</ele>
      </trkpt>
      <trkpt lat="46.81818" lon="9.332497">
        <ele>826.2</ele>
      </trkpt>
      <trkpt lat="46.818317" lon="9.332565">
        <ele>825.3</ele>
      </trkpt>
      <trkpt lat="46.81842" lon="9.332625">
        <ele>825.1</ele>
      </trkpt>
      <trkpt lat="46.818586" lon="9.332706">
        <ele>825.4</ele>
      </trkpt>
      <trkpt lat="46.818708" lon="9.332753">
        <ele>825.6</ele>
      </trkpt>
      <trkpt lat="46.818841" lon="9.332794">
        <ele>825.4</ele>
      </trkpt>
      <trkpt lat="46.818982" lon="9.332798">
        <ele>824.9</ele>
      </trkpt>
      <trkpt lat="46.819046" lon="9.332801">
        <ele>824.2</ele>
      </trkpt>
      <trkpt lat="46.819103" lon="9.332808">
        <ele>823.2</ele>
      </trkpt>
      <trkpt lat="46.819165" lon="9.332832">
        <ele>822.4</ele>
      </trkpt>
      <trkpt lat="46.819206" lon="9.332831">
        <ele>821.8</ele>
      </trkpt>
      <trkpt lat="46.819271" lon="9.332808">
        <ele>821.0</ele>
      </trkpt>
      <trkpt lat="46.819342" lon="9.332794">
        <ele>819.8</ele>
      </trkpt>
      <trkpt lat="46.819443" lon="9.332779">
        <ele>818.6</ele>
      </trkpt>
      <trkpt lat="46.819544" lon="9.332787">
        <ele>817.3</ele>
      </trkpt>
      <trkpt lat="46.819588" lon="9.332802">
        <ele>816.7</ele>
      </trkpt>
      <trkpt lat="46.819654" lon="9.332819">
        <ele>815.5</ele>
      </trkpt>
      <trkpt lat="46.819734" lon="9.33284">
        <ele>814.1</ele>
      </trkpt>
      <trkpt lat="46.819837" lon="9.332865">
        <ele>812.2</ele>
      </trkpt>
      <trkpt lat="46.819916" lon="9.332882">
        <ele>810.6</ele>
      </trkpt>
      <trkpt lat="46.820026" lon="9.332899">
        <ele>808.7</ele>
      </trkpt>
      <trkpt lat="46.820101" lon="9.332905">
        <ele>807.1</ele>
      </trkpt>
      <trkpt lat="46.820209" lon="9.332925">
        <ele>805.7</ele>
      </trkpt>
      <trkpt lat="46.820297" lon="9.332956">
        <ele>804.6</ele>
      </trkpt>
      <trkpt lat="46.820387" lon="9.332995">
        <ele>803.7</ele>
      </trkpt>
      <trkpt lat="46.82048" lon="9.333019">
        <ele>802.9</ele>
      </trkpt>
      <trkpt lat="46.820557" lon="9.33303">
        <ele>802.7</ele>
      </trkpt>
      <trkpt lat="46.820618" lon="9.333028">
        <ele>802.7</ele>
      </trkpt>
      <trkpt lat="46.820637" lon="9.333028">
        <ele>802.6</ele>
      </trkpt>
      <trkpt lat="46.820663" lon="9.333012">
        <ele>802.6</ele>
      </trkpt>
      <trkpt lat="46.820673" lon="9.333022">
        <ele>802.4</ele>
      </trkpt>
      <trkpt lat="46.820702" lon="9.333036">
        <ele>801.8</ele>
      </trkpt>
      <trkpt lat="46.820801" lon="9.333088">
        <ele>799.6</ele>
      </trkpt>
      <trkpt lat="46.820862" lon="9.333131">
        <ele>797.2</ele>
      </trkpt>
      <trkpt lat="46.820961" lon="9.333197">
        <ele>794.0</ele>
      </trkpt>
      <trkpt lat="46.821088" lon="9.333226">
        <ele>790.3</ele>
      </trkpt>
      <trkpt lat="46.821164" lon="9.333254">
        <ele>788.8</ele>
      </trkpt>
      <trkpt lat="46.821242" lon="9.333295">
        <ele>786.2</ele>
      </trkpt>
      <trkpt lat="46.821309" lon="9.333355">
        <ele>784.7</ele>
      </trkpt>
      <trkpt lat="46.821386" lon="9.33346">
        <ele>782.2</ele>
      </trkpt>
      <trkpt lat="46.821423" lon="9.333512">
        <ele>781.0</ele>
      </trkpt>
      <trkpt lat="46.821474" lon="9.333567">
        <ele>779.8</ele>
      </trkpt>
      <trkpt lat="46.82151" lon="9.333609">
        <ele>778.9</ele>
      </trkpt>
      <trkpt lat="46.82152" lon="9.333612">
        <ele>778.7</ele>
      </trkpt>
      <trkpt lat="46.821522" lon="9.333613">
        <ele>778.6</ele>
      </trkpt>
      <trkpt lat="46.821542" lon="9.333615">
        <ele>778.4</ele>
      </trkpt>
      <trkpt lat="46.821551" lon="9.333652">
        <ele>778.2</ele>
      </trkpt>
      <trkpt lat="46.821561" lon="9.333681">
        <ele>778.0</ele>
      </trkpt>
      <trkpt lat="46.821584" lon="9.333721">
        <ele>778.0</ele>
      </trkpt>
      <trkpt lat="46.821657" lon="9.333844">
        <ele>777.7</ele>
      </trkpt>
      <trkpt lat="46.821734" lon="9.33398">
        <ele>777.4</ele>
      </trkpt>
      <trkpt lat="46.821759" lon="9.334016">
        <ele>777.5</ele>
      </trkpt>
      <trkpt lat="46.821774" lon="9.334032">
        <ele>777.5</ele>
      </trkpt>
      <trkpt lat="46.821813" lon="9.334069">
        <ele>777.9</ele>
      </trkpt>
      <trkpt lat="46.821872" lon="9.334101">
        <ele>778.4</ele>
      </trkpt>
      <trkpt lat="46.821961" lon="9.33414">
        <ele>779.1</ele>
      </trkpt>
      <trkpt lat="46.821973" lon="9.334173">
        <ele>779.9</ele>
      </trkpt>
      <trkpt lat="46.822002" lon="9.334239">
        <ele>781.6</ele>
      </trkpt>
      <trkpt lat="46.822013" lon="9.334256">
        <ele>782.1</ele>
      </trkpt>
      <trkpt lat="46.822008" lon="9.334298">
        <ele>782.8</ele>
      </trkpt>
      <trkpt lat="46.821981" lon="9.334338">
        <ele>783.9</ele>
      </trkpt>
      <trkpt lat="46.821926" lon="9.334406">
        <ele>785.2</ele>
      </trkpt>
      <trkpt lat="46.821873" lon="9.334499">
        <ele>788.3</ele>
      </trkpt>
      <trkpt lat="46.821869" lon="9.334538">
        <ele>789.3</ele>
      </trkpt>
      <trkpt lat="46.821818" lon="9.334611">
        <ele>791.8</ele>
      </trkpt>
      <trkpt lat="46.821737" lon="9.334676">
        <ele>792.9</ele>
      </trkpt>
      <trkpt lat="46.821737" lon="9.334677">
        <ele>792.9</ele>
      </trkpt>
      <trkpt lat="46.821716" lon="9.334694">
        <ele>793.2</ele>
      </trkpt>
      <trkpt lat="46.821661" lon="9.334732">
        <ele>793.9</ele>
      </trkpt>
      <trkpt lat="46.82157" lon="9.334778">
        <ele>795.2</ele>
      </trkpt>
      <trkpt lat="46.821469" lon="9.334828">
        <ele>796.2</ele>
      </trkpt>
      <trkpt lat="46.82141" lon="9.334889">
        <ele>796.1</ele>
      </trkpt>
      <trkpt lat="46.821372" lon="9.334975">
        <ele>796.5</ele>
      </trkpt>
      <trkpt lat="46.821306" lon="9.335145">
        <ele>798.8</ele>
      </trkpt>
      <trkpt lat="46.821232" lon="9.335281">
        <ele>801.9</ele>
      </trkpt>
      <trkpt lat="46.821192" lon="9.335456">
        <ele>804.9</ele>
      </trkpt>
      <trkpt lat="46.821173" lon="9.335614">
        <ele>807.2</ele>
      </trkpt>
      <trkpt lat="46.821184" lon="9.335745">
        <ele>809.0</ele>
      </trkpt>
      <trkpt lat="46.821198" lon="9.335913">
        <ele>811.5</ele>
      </trkpt>
      <trkpt lat="46.821206" lon="9.336059">
        <ele>814.2</ele>
      </trkpt>
      <trkpt lat="46.821176" lon="9.336138">
        <ele>815.4</ele>
      </trkpt>
      <trkpt lat="46.821141" lon="9.336168">
        <ele>816.2</ele>
      </trkpt>
      <trkpt lat="46.821061" lon="9.336166">
        <ele>817.7</ele>
      </trkpt>
      <trkpt lat="46.820989" lon="9.336132">
        <ele>818.2</ele>
      </trkpt>
      <trkpt lat="46.820903" lon="9.336128">
        <ele>818.4</ele>
      </trkpt>
      <trkpt lat="46.820797" lon="9.336156">
        <ele>820.3</ele>
      </trkpt>
      <trkpt lat="46.820688" lon="9.336101">
        <ele>820.5</ele>
      </trkpt>
      <trkpt lat="46.820505" lon="9.336025">
        <ele>821.9</ele>
      </trkpt>
      <trkpt lat="46.820395" lon="9.335919">
        <ele>822.9</ele>
      </trkpt>
      <trkpt lat="46.820301" lon="9.335816">
        <ele>824.8</ele>
      </trkpt>
      <trkpt lat="46.820171" lon="9.335731">
        <ele>827.2</ele>
      </trkpt>
      <trkpt lat="46.820082" lon="9.335682">
        <ele>829.7</ele>
      </trkpt>
      <trkpt lat="46.81996" lon="9.335619">
        <ele>830.6</ele>
      </trkpt>
      <trkpt lat="46.819882" lon="9.335607">
        <ele>834.0</ele>
      </trkpt>
      <trkpt lat="46.819835" lon="9.335638">
        <ele>834.7</ele>
      </trkpt>
      <trkpt lat="46.81979" lon="9.335606">
        <ele>835.2</ele>
      </trkpt>
      <trkpt lat="46.819752" lon="9.335586">
        <ele>835.5</ele>
      </trkpt>
      <trkpt lat="46.819744" lon="9.335586">
        <ele>835.5</ele>
      </trkpt>
      <trkpt lat="46.819798" lon="9.336032">
        <ele>844.90903</ele>
      </trkpt>
      <trkpt lat="46.819122" lon="9.336853">
        <ele>846.52541</ele>
      </trkpt>
      <trkpt lat="46.818476" lon="9.33847">
        <ele>849.89756</ele>
      </trkpt>
      <trkpt lat="46.81831" lon="9.340356">
        <ele>851.0</ele>
      </trkpt>
      <trkpt lat="46.818321" lon="9.340385">
        <ele>851.1</ele>
      </trkpt>
      <trkpt lat="46.818354" lon="9.340481">
        <ele>851.6</ele>
      </trkpt>
      <trkpt lat="46.818387" lon="9.340597">
        <ele>852.3</ele>
      </trkpt>
      <trkpt lat="46.81843" lon="9.340762">
        <ele>853.7</ele>
      </trkpt>
      <trkpt lat="46.818443" lon="9.340809">
        <ele>853.8</ele>
      </trkpt>
      <trkpt lat="46.818465" lon="9.340868">
        <ele>854.2</ele>
      </trkpt>
      <trkpt lat="46.818519" lon="9.341012">
        <ele>854.9</ele>
      </trkpt>
      <trkpt lat="46.818574" lon="9.341135">
        <ele>855.0</ele>
      </trkpt>
      <trkpt lat="46.818622" lon="9.341276">
        <ele>855.3</ele>
      </trkpt>
      <trkpt lat="46.81871" lon="9.34154">
        <ele>855.1</ele>
      </trkpt>
      <trkpt lat="46.818754" lon="9.341673">
        <ele>854.9</ele>
      </trkpt>
      <trkpt lat="46.818777" lon="9.341742">
        <ele>854.7</ele>
      </trkpt>
      <trkpt lat="46.818795" lon="9.341806">
        <ele>854.4</ele>
      </trkpt>
      <trkpt lat="46.818813" lon="9.341874">
        <ele>854.5</ele>
      </trkpt>
      <trkpt lat="46.818824" lon="9.341943">
        <ele>854.4</ele>
      </trkpt>
      <trkpt lat="46.818843" lon="9.342087">
        <ele>854.4</ele>
      </trkpt>
      <trkpt lat="46.818856" lon="9.342244">
        <ele>854.5</ele>
      </trkpt>
      <trkpt lat="46.818867" lon="9.342312">
        <ele>854.7</ele>
      </trkpt>
      <trkpt lat="46.818878" lon="9.34236">
        <ele>855.0</ele>
      </trkpt>
      <trkpt lat="46.818898" lon="9.342421">
        <ele>855.0</ele>
      </trkpt>
      <trkpt lat="46.81892" lon="9.342475">
        <ele>855.0</ele>
      </trkpt>
      <trkpt lat="46.81893" lon="9.342519">
        <ele>854.9</ele>
      </trkpt>
      <trkpt lat="46.818943" lon="9.342565">
        <ele>855.1</ele>
      </trkpt>
      <trkpt lat="46.818955" lon="9.342591">
        <ele>855.4</ele>
      </trkpt>
      <trkpt lat="46.818977" lon="9.34262">
        <ele>855.0</ele>
      </trkpt>
      <trkpt lat="46.819002" lon="9.342636">
        <ele>855.5</ele>
      </trkpt>
      <trkpt lat="46.819089" lon="9.342698">
        <ele>854.3</ele>
      </trkpt>
      <trkpt lat="46.81913" lon="9.342729">
        <ele>853.7</ele>
      </trkpt>
      <trkpt lat="46.819157" lon="9.342753">
        <ele>853.3</ele>
      </trkpt>
      <trkpt lat="46.819203" lon="9.342801">
        <ele>853.3</ele>
      </trkpt>
      <trkpt lat="46.819233" lon="9.34285">
        <ele>853.1</ele>
      </trkpt>
      <trkpt lat="46.819341" lon="9.343034">
        <ele>852.0</ele>
      </trkpt>
      <trkpt lat="46.819385" lon="9.343114">
        <ele>851.7</ele>
      </trkpt>
      <trkpt lat="46.819421" lon="9.343183">
        <ele>851.4</ele>
      </trkpt>
      <trkpt lat="46.819443" lon="9.343241">
        <ele>851.1</ele>
      </trkpt>
      <trkpt lat="46.819467" lon="9.343322">
        <ele>851.1</ele>
      </trkpt>
      <trkpt lat="46.819488" lon="9.343396">
        <ele>851.3</ele>
      </trkpt>
      <trkpt lat="46.819523" lon="9.343554">
        <ele>851.0</ele>
      </trkpt>
      <trkpt lat="46.819532" lon="9.343622">
        <ele>851.2</ele>
      </trkpt>
      <trkpt lat="46.819539" lon="9.343674">
        <ele>851.0</ele>
      </trkpt>
      <trkpt lat="46.81954" lon="9.343688">
        <ele>851.0</ele>
      </trkpt>
      <trkpt lat="46.819551" lon="9.343782">
        <ele>851.1</ele>
      </trkpt>
      <trkpt lat="46.819555" lon="9.343848">
        <ele>851.1</ele>
      </trkpt>
      <trkpt lat="46.819573" lon="9.344107">
        <ele>851.4</ele>
      </trkpt>
      <trkpt lat="46.819588" lon="9.344205">
        <ele>851.5</ele>
      </trkpt>
      <trkpt lat="46.819597" lon="9.344274">
        <ele>851.6</ele>
      </trkpt>
      <trkpt lat="46.819603" lon="9.34433">
        <ele>851.4</ele>
      </trkpt>
      <trkpt lat="46.819606" lon="9.344384">
        <ele>851.1</ele>
      </trkpt>
      <trkpt lat="46.819618" lon="9.344551">
        <ele>850.8</ele>
      </trkpt>
      <trkpt lat="46.819627" lon="9.344668">
        <ele>850.3</ele>
      </trkpt>
      <trkpt lat="46.81964" lon="9.344725">
        <ele>850.0</ele>
      </trkpt>
      <trkpt lat="46.819659" lon="9.344778">
        <ele>849.7</ele>
      </trkpt>
      <trkpt lat="46.819707" lon="9.344881">
        <ele>849.1</ele>
      </trkpt>
      <trkpt lat="46.819731" lon="9.344944">
        <ele>848.7</ele>
      </trkpt>
      <trkpt lat="46.819744" lon="9.345003">
        <ele>848.5</ele>
      </trkpt>
      <trkpt lat="46.819749" lon="9.345047">
        <ele>848.3</ele>
      </trkpt>
      <trkpt lat="46.81975" lon="9.3451">
        <ele>848.2</ele>
      </trkpt>
      <trkpt lat="46.819742" lon="9.345166">
        <ele>847.9</ele>
      </trkpt>
      <trkpt lat="46.819734" lon="9.345223">
        <ele>847.8</ele>
      </trkpt>
      <trkpt lat="46.819695" lon="9.345367">
        <ele>847.9</ele>
      </trkpt>
      <trkpt lat="46.819675" lon="9.345497">
        <ele>848.2</ele>
      </trkpt>
      <trkpt lat="46.819674" lon="9.345596">
        <ele>848.3</ele>
      </trkpt>
      <trkpt lat="46.819681" lon="9.345698">
        <ele>848.5</ele>
      </trkpt>
      <trkpt lat="46.81969" lon="9.345777">
        <ele>848.5</ele>
      </trkpt>
      <trkpt lat="46.819716" lon="9.345914">
        <ele>848.6</ele>
      </trkpt>
      <trkpt lat="46.819733" lon="9.346025">
        <ele>848.9</ele>
      </trkpt>
      <trkpt lat="46.819754" lon="9.346237">
        <ele>848.9</ele>
      </trkpt>
      <trkpt lat="46.819768" lon="9.346327">
        <ele>848.7</ele>
      </trkpt>
      <trkpt lat="46.81979" lon="9.346457">
        <ele>848.8</ele>
      </trkpt>
      <trkpt lat="46.819835" lon="9.346708">
        <ele>848.8</ele>
      </trkpt>
      <trkpt lat="46.819852" lon="9.346833">
        <ele>848.5</ele>
      </trkpt>
      <trkpt lat="46.819863" lon="9.347023">
        <ele>848.3</ele>
      </trkpt>
      <trkpt lat="46.81987" lon="9.347156">
        <ele>848.2</ele>
      </trkpt>
      <trkpt lat="46.819884" lon="9.347349">
        <ele>847.9</ele>
      </trkpt>
      <trkpt lat="46.819883" lon="9.347432">
        <ele>847.4</ele>
      </trkpt>
      <trkpt lat="46.819867" lon="9.347628">
        <ele>846.6</ele>
      </trkpt>
      <trkpt lat="46.819865" lon="9.347728">
        <ele>845.9</ele>
      </trkpt>
      <trkpt lat="46.81987" lon="9.347954">
        <ele>844.5</ele>
      </trkpt>
      <trkpt lat="46.819877" lon="9.348087">
        <ele>844.1</ele>
      </trkpt>
      <trkpt lat="46.819876" lon="9.348121">
        <ele>844.1</ele>
      </trkpt>
      <trkpt lat="46.819876" lon="9.348215">
        <ele>844.0</ele>
      </trkpt>
      <trkpt lat="46.819875" lon="9.348306">
        <ele>843.7</ele>
      </trkpt>
      <trkpt lat="46.819889" lon="9.348497">
        <ele>843.1</ele>
      </trkpt>
      <trkpt lat="46.819898" lon="9.348629">
        <ele>842.8</ele>
      </trkpt>
      <trkpt lat="46.819909" lon="9.348727">
        <ele>842.4</ele>
      </trkpt>
      <trkpt lat="46.819924" lon="9.34878">
        <ele>842.3</ele>
      </trkpt>
      <trkpt lat="46.819943" lon="9.348829">
        <ele>842.0</ele>
      </trkpt>
      <trkpt lat="46.819962" lon="9.348867">
        <ele>841.8</ele>
      </trkpt>
      <trkpt lat="46.819988" lon="9.34889">
        <ele>841.6</ele>
      </trkpt>
      <trkpt lat="46.820016" lon="9.348901">
        <ele>841.1</ele>
      </trkpt>
      <trkpt lat="46.820047" lon="9.348892">
        <ele>840.9</ele>
      </trkpt>
      <trkpt lat="46.820181" lon="9.348833">
        <ele>839.3</ele>
      </trkpt>
      <trkpt lat="46.820218" lon="9.34882">
        <ele>838.7</ele>
      </trkpt>
      <trkpt lat="46.820257" lon="9.348817">
        <ele>838.4</ele>
      </trkpt>
      <trkpt lat="46.820334" lon="9.348831">
        <ele>837.6</ele>
      </trkpt>
      <trkpt lat="46.820391" lon="9.348855">
        <ele>836.8</ele>
      </trkpt>
      <trkpt lat="46.820424" lon="9.348875">
        <ele>836.5</ele>
      </trkpt>
      <trkpt lat="46.820455" lon="9.348904">
        <ele>836.2</ele>
      </trkpt>
      <trkpt lat="46.820475" lon="9.348929">
        <ele>835.9</ele>
      </trkpt>
      <trkpt lat="46.820492" lon="9.348958">
        <ele>835.8</ele>
      </trkpt>
      <trkpt lat="46.820513" lon="9.34901">
        <ele>835.5</ele>
      </trkpt>
      <trkpt lat="46.820529" lon="9.349057">
        <ele>835.3</ele>
      </trkpt>
      <trkpt lat="46.820554" lon="9.349224">
        <ele>834.7</ele>
      </trkpt>
      <trkpt lat="46.820575" lon="9.349307">
        <ele>834.5</ele>
      </trkpt>
      <trkpt lat="46.820609" lon="9.349473">
        <ele>834.2</ele>
      </trkpt>
      <trkpt lat="46.820644" lon="9.349662">
        <ele>834.1</ele>
      </trkpt>
      <trkpt lat="46.820664" lon="9.349781">
        <ele>834.1</ele>
      </trkpt>
      <trkpt lat="46.820688" lon="9.349922">
        <ele>834.0</ele>
      </trkpt>
      <trkpt lat="46.8207" lon="9.350016">
        <ele>834.0</ele>
      </trkpt>
      <trkpt lat="46.820705" lon="9.350102">
        <ele>833.9</ele>
      </trkpt>
      <trkpt lat="46.820704" lon="9.350236">
        <ele>833.7</ele>
      </trkpt>
      <trkpt lat="46.820705" lon="9.350372">
        <ele>833.6</ele>
      </trkpt>
      <trkpt lat="46.820707" lon="9.350443">
        <ele>833.6</ele>
      </trkpt>
      <trkpt lat="46.820715" lon="9.350524">
        <ele>833.6</ele>
      </trkpt>
      <trkpt lat="46.820732" lon="9.350603">
        <ele>833.7</ele>
      </trkpt>
      <trkpt lat="46.820764" lon="9.350713">
        <ele>833.7</ele>
      </trkpt>
      <trkpt lat="46.820822" lon="9.350874">
        <ele>833.9</ele>
      </trkpt>
      <trkpt lat="46.820843" lon="9.350926">
        <ele>834.0</ele>
      </trkpt>
      <trkpt lat="46.820866" lon="9.350983">
        <ele>834.0</ele>
      </trkpt>
      <trkpt lat="46.820967" lon="9.351159">
        <ele>834.1</ele>
      </trkpt>
      <trkpt lat="46.820975" lon="9.351171">
        <ele>834.1</ele>
      </trkpt>
      <trkpt lat="46.821035" lon="9.351258">
        <ele>834.3</ele>
      </trkpt>
      <trkpt lat="46.821072" lon="9.351313">
        <ele>834.4</ele>
      </trkpt>
      <trkpt lat="46.821137" lon="9.351434">
        <ele>834.6</ele>
      </trkpt>
      <trkpt lat="46.821209" lon="9.351571">
        <ele>835.0</ele>
      </trkpt>
      <trkpt lat="46.821283" lon="9.351705">
        <ele>835.5</ele>
      </trkpt>
      <trkpt lat="46.821361" lon="9.351833">
        <ele>836.2</ele>
      </trkpt>
      <trkpt lat="46.821423" lon="9.351925">
        <ele>837.2</ele>
      </trkpt>
      <trkpt lat="46.821437" lon="9.351941">
        <ele>837.4</ele>
      </trkpt>
      <trkpt lat="46.821448" lon="9.351948">
        <ele>837.4</ele>
      </trkpt>
      <trkpt lat="46.821456" lon="9.35201">
        <ele>837.6</ele>
      </trkpt>
      <trkpt lat="46.821467" lon="9.352064">
        <ele>838.0</ele>
      </trkpt>
      <trkpt lat="46.821479" lon="9.3521">
        <ele>838.2</ele>
      </trkpt>
      <trkpt lat="46.821495" lon="9.352131">
        <ele>838.4</ele>
      </trkpt>
      <trkpt lat="46.821516" lon="9.352148">
        <ele>838.7</ele>
      </trkpt>
      <trkpt lat="46.821532" lon="9.352153">
        <ele>838.7</ele>
      </trkpt>
      <trkpt lat="46.82156" lon="9.352155">
        <ele>838.8</ele>
      </trkpt>
      <trkpt lat="46.821589" lon="9.35214">
        <ele>838.6</ele>
      </trkpt>
      <trkpt lat="46.82162" lon="9.352119">
        <ele>838.7</ele>
      </trkpt>
      <trkpt lat="46.821711" lon="9.352053">
        <ele>838.0</ele>
      </trkpt>
      <trkpt lat="46.821756" lon="9.352023">
        <ele>837.9</ele>
      </trkpt>
      <trkpt lat="46.821785" lon="9.352014">
        <ele>837.7</ele>
      </trkpt>
      <trkpt lat="46.821829" lon="9.352004">
        <ele>837.6</ele>
      </trkpt>
      <trkpt lat="46.821863" lon="9.352006">
        <ele>837.4</ele>
      </trkpt>
      <trkpt lat="46.821906" lon="9.352021">
        <ele>837.0</ele>
      </trkpt>
      <trkpt lat="46.821948" lon="9.352045">
        <ele>836.6</ele>
      </trkpt>
      <trkpt lat="46.82198" lon="9.352074">
        <ele>836.4</ele>
      </trkpt>
      <trkpt lat="46.822038" lon="9.352135">
        <ele>835.9</ele>
      </trkpt>
      <trkpt lat="46.822144" lon="9.352278">
        <ele>835.0</ele>
      </trkpt>
      <trkpt lat="46.822186" lon="9.352343">
        <ele>834.5</ele>
      </trkpt>
      <trkpt lat="46.822203" lon="9.352372">
        <ele>834.3</ele>
      </trkpt>
      <trkpt lat="46.822217" lon="9.352402">
        <ele>834.2</ele>
      </trkpt>
      <trkpt lat="46.822232" lon="9.35244">
        <ele>833.9</ele>
      </trkpt>
      <trkpt lat="46.822259" lon="9.352525">
        <ele>833.5</ele>
      </trkpt>
      <trkpt lat="46.822296" lon="9.352666">
        <ele>832.9</ele>
      </trkpt>
      <trkpt lat="46.82233" lon="9.352811">
        <ele>832.1</ele>
      </trkpt>
      <trkpt lat="46.822365" lon="9.352951">
        <ele>831.4</ele>
      </trkpt>
      <trkpt lat="46.822384" lon="9.353021">
        <ele>830.8</ele>
      </trkpt>
      <trkpt lat="46.822404" lon="9.353087">
        <ele>830.8</ele>
      </trkpt>
      <trkpt lat="46.822444" lon="9.353194">
        <ele>830.6</ele>
      </trkpt>
      <trkpt lat="46.822466" lon="9.353251">
        <ele>830.3</ele>
      </trkpt>
      <trkpt lat="46.822478" lon="9.353291">
        <ele>830.1</ele>
      </trkpt>
      <trkpt lat="46.82249" lon="9.353336">
        <ele>829.9</ele>
      </trkpt>
      <trkpt lat="46.822508" lon="9.353419">
        <ele>829.6</ele>
      </trkpt>
      <trkpt lat="46.822535" lon="9.353566">
        <ele>829.2</ele>
      </trkpt>
      <trkpt lat="46.822537" lon="9.353573">
        <ele>829.2</ele>
      </trkpt>
      <trkpt lat="46.822555" lon="9.353655">
        <ele>828.9</ele>
      </trkpt>
      <trkpt lat="46.822571" lon="9.35374">
        <ele>828.5</ele>
      </trkpt>
      <trkpt lat="46.822591" lon="9.353819">
        <ele>828.2</ele>
      </trkpt>
      <trkpt lat="46.822612" lon="9.353884">
        <ele>828.0</ele>
      </trkpt>
      <trkpt lat="46.822685" lon="9.354057">
        <ele>827.7</ele>
      </trkpt>
      <trkpt lat="46.822765" lon="9.35423">
        <ele>827.6</ele>
      </trkpt>
      <trkpt lat="46.822832" lon="9.354331">
        <ele>827.7</ele>
      </trkpt>
      <trkpt lat="46.822828" lon="9.354356">
        <ele>827.7</ele>
      </trkpt>
      <trkpt lat="46.822831" lon="9.354387">
        <ele>827.6</ele>
      </trkpt>
      <trkpt lat="46.822845" lon="9.354424">
        <ele>827.4</ele>
      </trkpt>
      <trkpt lat="46.822889" lon="9.354516">
        <ele>827.1</ele>
      </trkpt>
      <trkpt lat="46.822923" lon="9.354594">
        <ele>826.9</ele>
      </trkpt>
      <trkpt lat="46.823002" lon="9.354795">
        <ele>826.2</ele>
      </trkpt>
      <trkpt lat="46.823071" lon="9.354985">
        <ele>825.7</ele>
      </trkpt>
      <trkpt lat="46.823092" lon="9.355033">
        <ele>825.3</ele>
      </trkpt>
      <trkpt lat="46.823117" lon="9.35509">
        <ele>825.2</ele>
      </trkpt>
      <trkpt lat="46.823148" lon="9.355148">
        <ele>824.8</ele>
      </trkpt>
      <trkpt lat="46.82317" lon="9.355188">
        <ele>824.8</ele>
      </trkpt>
      <trkpt lat="46.823197" lon="9.355228">
        <ele>824.7</ele>
      </trkpt>
      <trkpt lat="46.823233" lon="9.355268">
        <ele>824.5</ele>
      </trkpt>
      <trkpt lat="46.823279" lon="9.355306">
        <ele>824.2</ele>
      </trkpt>
      <trkpt lat="46.823337" lon="9.355332">
        <ele>823.9</ele>
      </trkpt>
      <trkpt lat="46.823445" lon="9.355389">
        <ele>823.6</ele>
      </trkpt>
      <trkpt lat="46.823486" lon="9.355409">
        <ele>823.8</ele>
      </trkpt>
      <trkpt lat="46.823532" lon="9.355435">
        <ele>824.2</ele>
      </trkpt>
      <trkpt lat="46.823602" lon="9.355478">
        <ele>824.6</ele>
      </trkpt>
      <trkpt lat="46.823731" lon="9.355567">
        <ele>824.9</ele>
      </trkpt>
      <trkpt lat="46.823854" lon="9.355656">
        <ele>824.8</ele>
      </trkpt>
      <trkpt lat="46.823984" lon="9.355738">
        <ele>824.5</ele>
      </trkpt>
      <trkpt lat="46.82402" lon="9.355749">
        <ele>824.3</ele>
      </trkpt>
      <trkpt lat="46.824081" lon="9.355752">
        <ele>824.2</ele>
      </trkpt>
      <trkpt lat="46.824134" lon="9.355742">
        <ele>823.9</ele>
      </trkpt>
      <trkpt lat="46.824152" lon="9.355734">
        <ele>823.8</ele>
      </trkpt>
      <trkpt lat="46.824186" lon="9.355719">
        <ele>824.1</ele>
      </trkpt>
      <trkpt lat="46.824222" lon="9.355692">
        <ele>824.3</ele>
      </trkpt>
      <trkpt lat="46.824249" lon="9.355658">
        <ele>825.1</ele>
      </trkpt>
      <trkpt lat="46.824286" lon="9.355605">
        <ele>825.5</ele>
      </trkpt>
      <trkpt lat="46.824301" lon="9.355582">
        <ele>825.7</ele>
      </trkpt>
      <trkpt lat="46.824343" lon="9.355524">
        <ele>826.5</ele>
      </trkpt>
      <trkpt lat="46.824369" lon="9.35546">
        <ele>826.9</ele>
      </trkpt>
      <trkpt lat="46.824402" lon="9.355351">
        <ele>828.1</ele>
        <name>Trin Digg</name>
      </trkpt>
      <trkpt lat="46.824433" lon="9.355252">
        <ele>829.0</ele>
      </trkpt>
      <trkpt lat="46.824481" lon="9.355131">
        <ele>829.1</ele>
      </trkpt>
      <trkpt lat="46.824523" lon="9.355056">
        <ele>829.3</ele>
      </trkpt>
      <trkpt lat="46.824574" lon="9.35498">
        <ele>829.0</ele>
      </trkpt>
      <trkpt lat="46.824655" lon="9.354876">
        <ele>829.2</ele>
      </trkpt>
      <trkpt lat="46.82471" lon="9.3548">
        <ele>828.9</ele>
      </trkpt>
      <trkpt lat="46.824748" lon="9.354753">
        <ele>829.4</ele>
      </trkpt>
      <trkpt lat="46.824789" lon="9.354713">
        <ele>829.5</ele>
      </trkpt>
      <trkpt lat="46.824844" lon="9.354673">
        <ele>829.4</ele>
      </trkpt>
      <trkpt lat="46.824878" lon="9.354653">
        <ele>829.5</ele>
      </trkpt>
      <trkpt lat="46.82493" lon="9.354633">
        <ele>829.6</ele>
      </trkpt>
      <trkpt lat="46.825026" lon="9.354589">
        <ele>830.4</ele>
      </trkpt>
      <trkpt lat="46.825074" lon="9.354567">
        <ele>830.8</ele>
      </trkpt>
      <trkpt lat="46.825109" lon="9.354544">
        <ele>831.1</ele>
      </trkpt>
      <trkpt lat="46.825126" lon="9.354518">
        <ele>831.3</ele>
      </trkpt>
      <trkpt lat="46.82515" lon="9.354477">
        <ele>831.4</ele>
      </trkpt>
      <trkpt lat="46.825183" lon="9.3544">
        <ele>832.3</ele>
      </trkpt>
      <trkpt lat="46.82522" lon="9.354325">
        <ele>833.1</ele>
      </trkpt>
      <trkpt lat="46.825238" lon="9.354284">
        <ele>833.1</ele>
      </trkpt>
      <trkpt lat="46.825254" lon="9.354233">
        <ele>834.0</ele>
      </trkpt>
      <trkpt lat="46.825269" lon="9.354162">
        <ele>834.3</ele>
      </trkpt>
      <trkpt lat="46.825276" lon="9.35407">
        <ele>835.3</ele>
      </trkpt>
      <trkpt lat="46.825293" lon="9.353906">
        <ele>836.8</ele>
      </trkpt>
      <trkpt lat="46.825309" lon="9.353795">
        <ele>838.0</ele>
      </trkpt>
      <trkpt lat="46.825329" lon="9.353682">
        <ele>839.3</ele>
      </trkpt>
      <trkpt lat="46.825362" lon="9.353554">
        <ele>840.8</ele>
      </trkpt>
      <trkpt lat="46.825394" lon="9.353455">
        <ele>842.1</ele>
      </trkpt>
      <trkpt lat="46.825448" lon="9.353326">
        <ele>843.6</ele>
      </trkpt>
      <trkpt lat="46.825527" lon="9.353161">
        <ele>846.0</ele>
      </trkpt>
      <trkpt lat="46.8256" lon="9.353025">
        <ele>848.1</ele>
      </trkpt>
      <trkpt lat="46.825689" lon="9.352894">
        <ele>850.5</ele>
      </trkpt>
      <trkpt lat="46.825777" lon="9.352739">
        <ele>852.7</ele>
      </trkpt>
      <trkpt lat="46.825859" lon="9.352568">
        <ele>854.9</ele>
      </trkpt>
      <trkpt lat="46.825929" lon="9.352385">
        <ele>857.6</ele>
      </trkpt>
      <trkpt lat="46.825949" lon="9.352313">
        <ele>858.3</ele>
      </trkpt>
      <trkpt lat="46.825994" lon="9.352136">
        <ele>860.6</ele>
      </trkpt>
      <trkpt lat="46.826046" lon="9.351964">
        <ele>862.6</ele>
      </trkpt>
      <trkpt lat="46.826083" lon="9.351867">
        <ele>863.9</ele>
      </trkpt>
      <trkpt lat="46.826146" lon="9.351724">
        <ele>866.0</ele>
      </trkpt>
      <trkpt lat="46.826179" lon="9.351643">
        <ele>867.7</ele>
      </trkpt>
      <trkpt lat="46.826183" lon="9.351609">
        <ele>867.9</ele>
      </trkpt>
      <trkpt lat="46.826177" lon="9.351586">
        <ele>867.9</ele>
      </trkpt>
      <trkpt lat="46.826162" lon="9.351562">
        <ele>868.0</ele>
      </trkpt>
      <trkpt lat="46.82629" lon="9.351372">
        <ele>868.2</ele>
      </trkpt>
      <trkpt lat="46.826352" lon="9.351278">
        <ele>867.8</ele>
      </trkpt>
      <trkpt lat="46.826398" lon="9.351218">
        <ele>867.8</ele>
      </trkpt>
      <trkpt lat="46.82645" lon="9.351157">
        <ele>867.6</ele>
      </trkpt>
      <trkpt lat="46.826512" lon="9.351096">
        <ele>867.4</ele>
      </trkpt>
      <trkpt lat="46.826605" lon="9.350991">
        <ele>867.1</ele>
      </trkpt>
      <trkpt lat="46.826658" lon="9.350907">
        <ele>866.9</ele>
      </trkpt>
      <trkpt lat="46.8267" lon="9.350843">
        <ele>866.8</ele>
      </trkpt>
      <trkpt lat="46.826739" lon="9.350823">
        <ele>866.6</ele>
      </trkpt>
      <trkpt lat="46.826787" lon="9.350842">
        <ele>866.5</ele>
      </trkpt>
      <trkpt lat="46.826815" lon="9.350889">
        <ele>866.3</ele>
      </trkpt>
      <trkpt lat="46.826841" lon="9.35097">
        <ele>866.4</ele>
      </trkpt>
      <trkpt lat="46.826876" lon="9.350945">
        <ele>866.2</ele>
      </trkpt>
      <trkpt lat="46.826897" lon="9.351006">
        <ele>866.3</ele>
      </trkpt>
      <trkpt lat="46.826876" lon="9.350945">
        <ele>866.2</ele>
      </trkpt>
      <trkpt lat="46.826841" lon="9.35097">
        <ele>866.4</ele>
      </trkpt>
      <trkpt lat="46.826815" lon="9.350889">
        <ele>866.3</ele>
      </trkpt>
      <trkpt lat="46.826787" lon="9.350842">
        <ele>866.5</ele>
      </trkpt>
      <trkpt lat="46.826739" lon="9.350823">
        <ele>866.6</ele>
      </trkpt>
      <trkpt lat="46.8267" lon="9.350843">
        <ele>866.8</ele>
      </trkpt>
      <trkpt lat="46.826658" lon="9.350907">
        <ele>866.9</ele>
      </trkpt>
      <trkpt lat="46.826605" lon="9.350991">
        <ele>867.1</ele>
      </trkpt>
      <trkpt lat="46.826512" lon="9.351096">
        <ele>867.4</ele>
      </trkpt>
      <trkpt lat="46.82645" lon="9.351157">
        <ele>867.6</ele>
      </trkpt>
      <trkpt lat="46.826398" lon="9.351218">
        <ele>867.8</ele>
      </trkpt>
      <trkpt lat="46.826352" lon="9.351278">
        <ele>867.8</ele>
      </trkpt>
      <trkpt lat="46.82629" lon="9.351372">
        <ele>868.2</ele>
      </trkpt>
      <trkpt lat="46.826162" lon="9.351562">
        <ele>868.0</ele>
      </trkpt>
      <trkpt lat="46.826177" lon="9.351586">
        <ele>867.9</ele>
      </trkpt>
      <trkpt lat="46.826183" lon="9.351609">
        <ele>867.9</ele>
      </trkpt>
      <trkpt lat="46.826179" lon="9.351643">
        <ele>867.7</ele>
      </trkpt>
      <trkpt lat="46.826146" lon="9.351724">
        <ele>866.0</ele>
      </trkpt>
      <trkpt lat="46.826083" lon="9.351867">
        <ele>863.9</ele>
      </trkpt>
      <trkpt lat="46.826046" lon="9.351964">
        <ele>862.6</ele>
      </trkpt>
      <trkpt lat="46.825994" lon="9.352136">
        <ele>860.6</ele>
      </trkpt>
      <trkpt lat="46.825949" lon="9.352313">
        <ele>858.3</ele>
      </trkpt>
      <trkpt lat="46.825929" lon="9.352385">
        <ele>857.6</ele>
      </trkpt>
      <trkpt lat="46.825859" lon="9.352568">
        <ele>854.9</ele>
      </trkpt>
      <trkpt lat="46.825777" lon="9.352739">
        <ele>852.7</ele>
      </trkpt>
      <trkpt lat="46.825689" lon="9.352894">
        <ele>850.5</ele>
      </trkpt>
      <trkpt lat="46.8256" lon="9.353025">
        <ele>848.1</ele>
      </trkpt>
      <trkpt lat="46.825527" lon="9.353161">
        <ele>846.0</ele>
      </trkpt>
      <trkpt lat="46.825448" lon="9.353326">
        <ele>843.6</ele>
      </trkpt>
      <trkpt lat="46.825394" lon="9.353455">
        <ele>842.1</ele>
      </trkpt>
      <trkpt lat="46.825362" lon="9.353554">
        <ele>840.8</ele>
      </trkpt>
      <trkpt lat="46.825329" lon="9.353682">
        <ele>839.3</ele>
      </trkpt>
      <trkpt lat="46.825309" lon="9.353795">
        <ele>838.0</ele>
      </trkpt>
      <trkpt lat="46.825293" lon="9.353906">
        <ele>836.8</ele>
      </trkpt>
      <trkpt lat="46.825276" lon="9.35407">
        <ele>835.3</ele>
      </trkpt>
      <trkpt lat="46.825269" lon="9.354162">
        <ele>834.3</ele>
      </trkpt>
      <trkpt lat="46.825254" lon="9.354233">
        <ele>834.0</ele>
      </trkpt>
      <trkpt lat="46.825238" lon="9.354284">
        <ele>833.1</ele>
      </trkpt>
      <trkpt lat="46.82522" lon="9.354325">
        <ele>833.1</ele>
      </trkpt>
      <trkpt lat="46.825183" lon="9.3544">
        <ele>832.3</ele>
      </trkpt>
      <trkpt lat="46.82515" lon="9.354477">
        <ele>831.4</ele>
      </trkpt>
      <trkpt lat="46.825126" lon="9.354518">
        <ele>831.3</ele>
      </trkpt>
      <trkpt lat="46.825109" lon="9.354544">
        <ele>831.1</ele>
      </trkpt>
      <trkpt lat="46.825074" lon="9.354567">
        <ele>830.8</ele>
      </trkpt>
      <trkpt lat="46.825026" lon="9.354589">
        <ele>830.4</ele>
      </trkpt>
      <trkpt lat="46.82493" lon="9.354633">
        <ele>829.6</ele>
      </trkpt>
      <trkpt lat="46.824878" lon="9.354653">
        <ele>829.5</ele>
      </trkpt>
      <trkpt lat="46.824844" lon="9.354673">
        <ele>829.4</ele>
      </trkpt>
      <trkpt lat="46.824789" lon="9.354713">
        <ele>829.5</ele>
      </trkpt>
      <trkpt lat="46.824748" lon="9.354753">
        <ele>829.4</ele>
      </trkpt>
      <trkpt lat="46.82471" lon="9.3548">
        <ele>828.9</ele>
      </trkpt>
      <trkpt lat="46.824655" lon="9.354876">
        <ele>829.2</ele>
      </trkpt>
      <trkpt lat="46.824574" lon="9.35498">
        <ele>829.0</ele>
      </trkpt>
      <trkpt lat="46.824523" lon="9.355056">
        <ele>829.3</ele>
      </trkpt>
      <trkpt lat="46.824481" lon="9.355131">
        <ele>829.1</ele>
      </trkpt>
      <trkpt lat="46.824433" lon="9.355252">
        <ele>829.0</ele>
      </trkpt>
      <trkpt lat="46.824402" lon="9.355351">
        <ele>828.1</ele>
      </trkpt>
      <trkpt lat="46.824369" lon="9.35546">
        <ele>826.9</ele>
      </trkpt>
      <trkpt lat="46.824343" lon="9.355524">
        <ele>826.5</ele>
      </trkpt>
      <trkpt lat="46.824301" lon="9.355582">
        <ele>825.7</ele>
      </trkpt>
      <trkpt lat="46.824286" lon="9.355605">
        <ele>825.5</ele>
      </trkpt>
      <trkpt lat="46.824249" lon="9.355658">
        <ele>825.1</ele>
      </trkpt>
      <trkpt lat="46.824222" lon="9.355692">
        <ele>824.3</ele>
      </trkpt>
      <trkpt lat="46.824186" lon="9.355719">
        <ele>824.1</ele>
      </trkpt>
      <trkpt lat="46.824152" lon="9.355734">
        <ele>823.8</ele>
      </trkpt>
      <trkpt lat="46.824134" lon="9.355742">
        <ele>823.9</ele>
      </trkpt>
      <trkpt lat="46.824081" lon="9.355752">
        <ele>824.2</ele>
      </trkpt>
      <trkpt lat="46.82402" lon="9.355749">
        <ele>824.3</ele>
      </trkpt>
      <trkpt lat="46.823984" lon="9.355738">
        <ele>824.5</ele>
      </trkpt>
      <trkpt lat="46.823854" lon="9.355656">
        <ele>824.8</ele>
      </trkpt>
      <trkpt lat="46.823731" lon="9.355567">
        <ele>824.9</ele>
      </trkpt>
      <trkpt lat="46.823602" lon="9.355478">
        <ele>824.6</ele>
      </trkpt>
      <trkpt lat="46.823532" lon="9.355435">
        <ele>824.2</ele>
      </trkpt>
      <trkpt lat="46.823523" lon="9.355431">
        <ele>824.1</ele>
      </trkpt>
      <trkpt lat="46.823532" lon="9.355435">
        <ele>824.2</ele>
      </trkpt>
      <trkpt lat="46.823602" lon="9.355478">
        <ele>824.6</ele>
      </trkpt>
      <trkpt lat="46.823731" lon="9.355567">
        <ele>824.9</ele>
      </trkpt>
      <trkpt lat="46.823854" lon="9.355656">
        <ele>824.8</ele>
      </trkpt>
      <trkpt lat="46.823984" lon="9.355738">
        <ele>824.5</ele>
      </trkpt>
      <trkpt lat="46.82402" lon="9.355749">
        <ele>824.3</ele>
      </trkpt>
      <trkpt lat="46.824081" lon="9.355752">
        <ele>824.2</ele>
      </trkpt>
      <trkpt lat="46.824134" lon="9.355742">
        <ele>823.9</ele>
      </trkpt>
      <trkpt lat="46.824152" lon="9.355734">
        <ele>823.8</ele>
      </trkpt>
      <trkpt lat="46.824186" lon="9.355719">
        <ele>824.1</ele>
      </trkpt>
      <trkpt lat="46.824222" lon="9.355692">
        <ele>824.3</ele>
      </trkpt>
      <trkpt lat="46.824249" lon="9.355658">
        <ele>825.1</ele>
      </trkpt>
      <trkpt lat="46.824286" lon="9.355605">
        <ele>825.5</ele>
      </trkpt>
      <trkpt lat="46.824301" lon="9.355582">
        <ele>825.7</ele>
      </trkpt>
      <trkpt lat="46.824343" lon="9.355524">
        <ele>826.5</ele>
      </trkpt>
      <trkpt lat="46.824369" lon="9.35546">
        <ele>826.9</ele>
      </trkpt>
      <trkpt lat="46.824402" lon="9.355351">
        <ele>828.1</ele>
      </trkpt>
      <trkpt lat="46.824433" lon="9.355252">
        <ele>829.0</ele>
      </trkpt>
      <trkpt lat="46.824481" lon="9.355131">
        <ele>829.1</ele>
      </trkpt>
      <trkpt lat="46.824523" lon="9.355056">
        <ele>829.3</ele>
      </trkpt>
      <trkpt lat="46.824574" lon="9.35498">
        <ele>829.0</ele>
      </trkpt>
      <trkpt lat="46.824655" lon="9.354876">
        <ele>829.2</ele>
      </trkpt>
      <trkpt lat="46.82471" lon="9.3548">
        <ele>828.9</ele>
      </trkpt>
      <trkpt lat="46.824748" lon="9.354753">
        <ele>829.4</ele>
      </trkpt>
      <trkpt lat="46.824789" lon="9.354713">
        <ele>829.5</ele>
      </trkpt>
      <trkpt lat="46.824844" lon="9.354673">
        <ele>829.4</ele>
      </trkpt>
      <trkpt lat="46.824878" lon="9.354653">
        <ele>829.5</ele>
      </trkpt>
      <trkpt lat="46.82493" lon="9.354633">
        <ele>829.6</ele>
      </trkpt>
      <trkpt lat="46.825026" lon="9.354589">
        <ele>830.4</ele>
      </trkpt>
      <trkpt lat="46.825074" lon="9.354567">
        <ele>830.8</ele>
      </trkpt>
      <trkpt lat="46.825109" lon="9.354544">
        <ele>831.1</ele>
      </trkpt>
      <trkpt lat="46.825126" lon="9.354518">
        <ele>831.3</ele>
      </trkpt>
      <trkpt lat="46.82515" lon="9.354477">
        <ele>831.4</ele>
      </trkpt>
      <trkpt lat="46.825183" lon="9.3544">
        <ele>832.3</ele>
      </trkpt>
      <trkpt lat="46.82522" lon="9.354325">
        <ele>833.1</ele>
      </trkpt>
      <trkpt lat="46.825238" lon="9.354284">
        <ele>833.1</ele>
      </trkpt>
      <trkpt lat="46.825254" lon="9.354233">
        <ele>834.0</ele>
      </trkpt>
      <trkpt lat="46.825269" lon="9.354162">
        <ele>834.3</ele>
      </trkpt>
      <trkpt lat="46.825276" lon="9.35407">
        <ele>835.3</ele>
      </trkpt>
      <trkpt lat="46.825293" lon="9.353906">
        <ele>836.8</ele>
      </trkpt>
      <trkpt lat="46.825309" lon="9.353795">
        <ele>838.0</ele>
      </trkpt>
      <trkpt lat="46.825329" lon="9.353682">
        <ele>839.3</ele>
      </trkpt>
      <trkpt lat="46.825362" lon="9.353554">
        <ele>840.8</ele>
      </trkpt>
      <trkpt lat="46.825394" lon="9.353455">
        <ele>842.1</ele>
      </trkpt>
      <trkpt lat="46.825448" lon="9.353326">
        <ele>843.6</ele>
      </trkpt>
      <trkpt lat="46.825527" lon="9.353161">
        <ele>846.0</ele>
      </trkpt>
      <trkpt lat="46.8256" lon="9.353025">
        <ele>848.1</ele>
      </trkpt>
      <trkpt lat="46.825689" lon="9.352894">
        <ele>850.5</ele>
      </trkpt>
      <trkpt lat="46.825777" lon="9.352739">
        <ele>852.7</ele>
      </trkpt>
      <trkpt lat="46.825859" lon="9.352568">
        <ele>854.9</ele>
      </trkpt>
      <trkpt lat="46.825929" lon="9.352385">
        <ele>857.6</ele>
      </trkpt>
      <trkpt lat="46.825949" lon="9.352313">
        <ele>858.3</ele>
      </trkpt>
      <trkpt lat="46.825994" lon="9.352136">
        <ele>860.6</ele>
      </trkpt>
      <trkpt lat="46.826046" lon="9.351964">
        <ele>862.6</ele>
      </trkpt>
      <trkpt lat="46.826083" lon="9.351867">
        <ele>863.9</ele>
      </trkpt>
      <trkpt lat="46.826146" lon="9.351724">
        <ele>866.0</ele>
      </trkpt>
      <trkpt lat="46.826179" lon="9.351643">
        <ele>867.7</ele>
      </trkpt>
      <trkpt lat="46.826183" lon="9.351609">
        <ele>867.9</ele>
      </trkpt>
      <trkpt lat="46.826177" lon="9.351586">
        <ele>867.9</ele>
      </trkpt>
      <trkpt lat="46.826162" lon="9.351562">
        <ele>868.0</ele>
      </trkpt>
      <trkpt lat="46.82629" lon="9.351372">
        <ele>868.2</ele>
      </trkpt>
      <trkpt lat="46.826352" lon="9.351278">
        <ele>867.8</ele>
      </trkpt>
      <trkpt lat="46.826398" lon="9.351218">
        <ele>867.8</ele>
      </trkpt>
      <trkpt lat="46.82645" lon="9.351157">
        <ele>867.6</ele>
      </trkpt>
      <trkpt lat="46.826512" lon="9.351096">
        <ele>867.4</ele>
      </trkpt>
      <trkpt lat="46.826605" lon="9.350991">
        <ele>867.1</ele>
      </trkpt>
      <trkpt lat="46.826658" lon="9.350907">
        <ele>866.9</ele>
      </trkpt>
      <trkpt lat="46.8267" lon="9.350843">
        <ele>866.8</ele>
      </trkpt>
      <trkpt lat="46.826739" lon="9.350823">
        <ele>866.6</ele>
      </trkpt>
      <trkpt lat="46.826787" lon="9.350842">
        <ele>866.5</ele>
      </trkpt>
      <trkpt lat="46.826815" lon="9.350889">
        <ele>866.3</ele>
      </trkpt>
      <trkpt lat="46.826841" lon="9.35097">
        <ele>866.4</ele>
      </trkpt>
      <trkpt lat="46.826876" lon="9.350945">
        <ele>866.2</ele>
      </trkpt>
      <trkpt lat="46.8269" lon="9.351015">
        <ele>866.3</ele>
      </trkpt>
      <trkpt lat="46.826895" lon="9.351061">
        <ele>866.9</ele>
      </trkpt>
      <trkpt lat="46.826879" lon="9.351121">
        <ele>868.0</ele>
      </trkpt>
      <trkpt lat="46.826865" lon="9.351144">
        <ele>868.2</ele>
      </trkpt>
      <trkpt lat="46.826841" lon="9.351226">
        <ele>870.3</ele>
      </trkpt>
      <trkpt lat="46.826803" lon="9.351309">
        <ele>872.4</ele>
      </trkpt>
      <trkpt lat="46.826761" lon="9.351398">
        <ele>875.1</ele>
      </trkpt>
      <trkpt lat="46.826707" lon="9.351498">
        <ele>878.5</ele>
      </trkpt>
      <trkpt lat="46.826741" lon="9.3515">
        <ele>879.9</ele>
      </trkpt>
      <trkpt lat="46.826771" lon="9.351503">
        <ele>881.5</ele>
      </trkpt>
      <trkpt lat="46.826727" lon="9.351577">
        <ele>883.1</ele>
      </trkpt>
      <trkpt lat="46.826687" lon="9.351656">
        <ele>885.4</ele>
      </trkpt>
      <trkpt lat="46.826654" lon="9.351713">
        <ele>885.5</ele>
      </trkpt>
      <trkpt lat="46.826613" lon="9.351782">
        <ele>886.3</ele>
      </trkpt>
      <trkpt lat="46.826593" lon="9.35182">
        <ele>886.3</ele>
      </trkpt>
      <trkpt lat="46.826596" lon="9.351891">
        <ele>886.5</ele>
      </trkpt>
      <trkpt lat="46.826597" lon="9.351896">
        <ele>886.4</ele>
      </trkpt>
      <trkpt lat="46.826611" lon="9.351935">
        <ele>885.9</ele>
      </trkpt>
      <trkpt lat="46.826645" lon="9.351964">
        <ele>885.9</ele>
      </trkpt>
      <trkpt lat="46.826714" lon="9.352004">
        <ele>885.4</ele>
      </trkpt>
      <trkpt lat="46.826767" lon="9.35205">
        <ele>884.1</ele>
      </trkpt>
      <trkpt lat="46.826794" lon="9.352092">
        <ele>883.2</ele>
      </trkpt>
      <trkpt lat="46.826814" lon="9.352148">
        <ele>882.5</ele>
      </trkpt>
      <trkpt lat="46.826863" lon="9.352146">
        <ele>883.2</ele>
      </trkpt>
      <trkpt lat="46.826958" lon="9.352129">
        <ele>885.1</ele>
      </trkpt>
      <trkpt lat="46.82709" lon="9.352093">
        <ele>887.4</ele>
      </trkpt>
      <trkpt lat="46.827255" lon="9.352037">
        <ele>890.7</ele>
      </trkpt>
      <trkpt lat="46.827426" lon="9.351957">
        <ele>894.6</ele>
      </trkpt>
      <trkpt lat="46.827545" lon="9.351892">
        <ele>897.8</ele>
      </trkpt>
      <trkpt lat="46.827603" lon="9.351839">
        <ele>899.5</ele>
      </trkpt>
      <trkpt lat="46.827685" lon="9.351736">
        <ele>902.1</ele>
      </trkpt>
      <trkpt lat="46.827722" lon="9.351693">
        <ele>902.2</ele>
      </trkpt>
      <trkpt lat="46.827789" lon="9.351671">
        <ele>903.4</ele>
      </trkpt>
      <trkpt lat="46.827851" lon="9.351657">
        <ele>904.7</ele>
      </trkpt>
      <trkpt lat="46.82791" lon="9.351649">
        <ele>905.8</ele>
      </trkpt>
      <trkpt lat="46.827955" lon="9.351634">
        <ele>906.4</ele>
      </trkpt>
      <trkpt lat="46.827982" lon="9.351606">
        <ele>906.8</ele>
      </trkpt>
      <trkpt lat="46.828008" lon="9.351579">
        <ele>906.9</ele>
      </trkpt>
      <trkpt lat="46.828056" lon="9.351558">
        <ele>907.0</ele>
      </trkpt>
      <trkpt lat="46.828124" lon="9.351543">
        <ele>907.6</ele>
      </trkpt>
      <trkpt lat="46.828189" lon="9.351538">
        <ele>908.2</ele>
      </trkpt>
      <trkpt lat="46.828245" lon="9.351542">
        <ele>908.9</ele>
      </trkpt>
      <trkpt lat="46.828302" lon="9.351548">
        <ele>910.5</ele>
      </trkpt>
      <trkpt lat="46.828419" lon="9.351555">
        <ele>913.0</ele>
      </trkpt>
      <trkpt lat="46.828511" lon="9.351548">
        <ele>913.0</ele>
      </trkpt>
      <trkpt lat="46.828571" lon="9.351536">
        <ele>913.3</ele>
      </trkpt>
      <trkpt lat="46.828683" lon="9.351519">
        <ele>914.2</ele>
      </trkpt>
      <trkpt lat="46.82874" lon="9.351521">
        <ele>914.7</ele>
      </trkpt>
      <trkpt lat="46.828753" lon="9.351521">
        <ele>914.8</ele>
      </trkpt>
      <trkpt lat="46.828835" lon="9.351548">
        <ele>915.1</ele>
      </trkpt>
      <trkpt lat="46.828926" lon="9.351561">
        <ele>916.3</ele>
      </trkpt>
      <trkpt lat="46.829004" lon="9.351565">
        <ele>916.7</ele>
      </trkpt>
      <trkpt lat="46.829134" lon="9.351548">
        <ele>916.8</ele>
      </trkpt>
      <trkpt lat="46.829193" lon="9.351537">
        <ele>918.1</ele>
      </trkpt>
      <trkpt lat="46.829237" lon="9.35154">
        <ele>918.8</ele>
      </trkpt>
      <trkpt lat="46.8293" lon="9.351561">
        <ele>919.8</ele>
      </trkpt>
      <trkpt lat="46.829353" lon="9.351571">
        <ele>920.8</ele>
      </trkpt>
      <trkpt lat="46.829409" lon="9.351564">
        <ele>921.4</ele>
      </trkpt>
      <trkpt lat="46.829468" lon="9.351543">
        <ele>921.6</ele>
      </trkpt>
      <trkpt lat="46.82952" lon="9.351524">
        <ele>923.1</ele>
      </trkpt>
      <trkpt lat="46.829594" lon="9.351498">
        <ele>924.0</ele>
      </trkpt>
      <trkpt lat="46.829676" lon="9.351468">
        <ele>926.4</ele>
      </trkpt>
      <trkpt lat="46.829702" lon="9.351459">
        <ele>927.1</ele>
      </trkpt>
      <trkpt lat="46.829814" lon="9.351419">
        <ele>931.4</ele>
      </trkpt>
      <trkpt lat="46.829908" lon="9.351359">
        <ele>934.8</ele>
      </trkpt>
      <trkpt lat="46.829963" lon="9.351249">
        <ele>936.7</ele>
      </trkpt>
      <trkpt lat="46.830031" lon="9.351077">
        <ele>941.1</ele>
      </trkpt>
      <trkpt lat="46.830093" lon="9.350889">
        <ele>946.1</ele>
      </trkpt>
      <trkpt lat="46.830106" lon="9.350815">
        <ele>948.2</ele>
      </trkpt>
      <trkpt lat="46.830117" lon="9.350749">
        <ele>949.9</ele>
      </trkpt>
      <trkpt lat="46.830137" lon="9.350711">
        <ele>951.4</ele>
      </trkpt>
      <trkpt lat="46.830178" lon="9.350705">
        <ele>953.5</ele>
      </trkpt>
      <trkpt lat="46.830212" lon="9.350714">
        <ele>955.4</ele>
      </trkpt>
      <trkpt lat="46.83025" lon="9.350785">
        <ele>957.9</ele>
      </trkpt>
      <trkpt lat="46.830294" lon="9.350914">
        <ele>961.4</ele>
      </trkpt>
      <trkpt lat="46.830317" lon="9.351019">
        <ele>964.3</ele>
      </trkpt>
      <trkpt lat="46.830327" lon="9.351131">
        <ele>966.5</ele>
      </trkpt>
      <trkpt lat="46.83034" lon="9.351275">
        <ele>970.0</ele>
      </trkpt>
      <trkpt lat="46.830345" lon="9.351391">
        <ele>973.1</ele>
      </trkpt>
      <trkpt lat="46.830347" lon="9.351457">
        <ele>974.9</ele>
      </trkpt>
      <trkpt lat="46.83035" lon="9.351576">
        <ele>977.6</ele>
      </trkpt>
      <trkpt lat="46.830348" lon="9.351687">
        <ele>980.1</ele>
      </trkpt>
      <trkpt lat="46.83036" lon="9.351803">
        <ele>984.1</ele>
      </trkpt>
      <trkpt lat="46.830356" lon="9.351909">
        <ele>987.7</ele>
      </trkpt>
      <trkpt lat="46.830351" lon="9.352041">
        <ele>991.8</ele>
      </trkpt>
      <trkpt lat="46.830333" lon="9.352163">
        <ele>996.1</ele>
      </trkpt>
      <trkpt lat="46.830321" lon="9.352244">
        <ele>999.1</ele>
      </trkpt>
      <trkpt lat="46.830292" lon="9.352311">
        <ele>1002.1</ele>
      </trkpt>
      <trkpt lat="46.83027" lon="9.35236">
        <ele>1002.9</ele>
      </trkpt>
      <trkpt lat="46.830278" lon="9.352374">
        <ele>1003.1</ele>
      </trkpt>
      <trkpt lat="46.830323" lon="9.352379">
        <ele>1004.7</ele>
      </trkpt>
      <trkpt lat="46.830374" lon="9.352383">
        <ele>1006.5</ele>
      </trkpt>
      <trkpt lat="46.830413" lon="9.352354">
        <ele>1007.1</ele>
      </trkpt>
      <trkpt lat="46.830441" lon="9.35232">
        <ele>1008.2</ele>
      </trkpt>
      <trkpt lat="46.83046" lon="9.352256">
        <ele>1009.2</ele>
      </trkpt>
      <trkpt lat="46.830494" lon="9.352196">
        <ele>1010.5</ele>
      </trkpt>
      <trkpt lat="46.830557" lon="9.352139">
        <ele>1012.2</ele>
      </trkpt>
      <trkpt lat="46.830639" lon="9.352097">
        <ele>1015.6</ele>
      </trkpt>
      <trkpt lat="46.830704" lon="9.352084">
        <ele>1018.0</ele>
      </trkpt>
      <trkpt lat="46.830772" lon="9.352096">
        <ele>1020.0</ele>
      </trkpt>
      <trkpt lat="46.830788" lon="9.352103">
        <ele>1020.2</ele>
      </trkpt>
      <trkpt lat="46.830788" lon="9.352102">
        <ele>1020.2</ele>
      </trkpt>
      <trkpt lat="46.830844" lon="9.352124">
        <ele>1020.8</ele>
      </trkpt>
      <trkpt lat="46.830899" lon="9.352166">
        <ele>1021.0</ele>
      </trkpt>
      <trkpt lat="46.830971" lon="9.352244">
        <ele>1021.7</ele>
      </trkpt>
      <trkpt lat="46.831022" lon="9.35228">
        <ele>1022.7</ele>
      </trkpt>
      <trkpt lat="46.831066" lon="9.352273">
        <ele>1023.4</ele>
      </trkpt>
      <trkpt lat="46.831121" lon="9.352236">
        <ele>1025.2</ele>
      </trkpt>
      <trkpt lat="46.831164" lon="9.352221">
        <ele>1026.7</ele>
      </trkpt>
      <trkpt lat="46.831203" lon="9.352223">
        <ele>1027.5</ele>
      </trkpt>
      <trkpt lat="46.831255" lon="9.352298">
        <ele>1029.6</ele>
      </trkpt>
      <trkpt lat="46.831311" lon="9.352436">
        <ele>1031.7</ele>
      </trkpt>
      <trkpt lat="46.83136" lon="9.352557">
        <ele>1033.5</ele>
      </trkpt>
      <trkpt lat="46.831392" lon="9.35264">
        <ele>1034.5</ele>
      </trkpt>
      <trkpt lat="46.831416" lon="9.352718">
        <ele>1035.5</ele>
      </trkpt>
      <trkpt lat="46.83143" lon="9.352784">
        <ele>1036.7</ele>
      </trkpt>
      <trkpt lat="46.831437" lon="9.352844">
        <ele>1037.3</ele>
      </trkpt>
      <trkpt lat="46.831454" lon="9.35287">
        <ele>1038.0</ele>
      </trkpt>
      <trkpt lat="46.831488" lon="9.352918">
        <ele>1039.9</ele>
      </trkpt>
      <trkpt lat="46.8315" lon="9.352941">
        <ele>1040.7</ele>
      </trkpt>
      <trkpt lat="46.831512" lon="9.352963">
        <ele>1041.4</ele>
      </trkpt>
      <trkpt lat="46.83156" lon="9.353006">
        <ele>1043.6</ele>
      </trkpt>
      <trkpt lat="46.83163" lon="9.353055">
        <ele>1043.9</ele>
      </trkpt>
      <trkpt lat="46.831681" lon="9.353114">
        <ele>1045.0</ele>
      </trkpt>
      <trkpt lat="46.831728" lon="9.353181">
        <ele>1047.0</ele>
      </trkpt>
      <trkpt lat="46.831818" lon="9.353417">
        <ele>1051.5</ele>
      </trkpt>
      <trkpt lat="46.83187" lon="9.353585">
        <ele>1054.7</ele>
      </trkpt>
      <trkpt lat="46.831922" lon="9.35377">
        <ele>1058.1</ele>
      </trkpt>
      <trkpt lat="46.831998" lon="9.354019">
        <ele>1063.7</ele>
      </trkpt>
      <trkpt lat="46.832174" lon="9.354485">
        <ele>1077.0</ele>
      </trkpt>
      <trkpt lat="46.832224" lon="9.354644">
        <ele>1080.9</ele>
      </trkpt>
      <trkpt lat="46.832258" lon="9.354793">
        <ele>1085.0</ele>
      </trkpt>
      <trkpt lat="46.832286" lon="9.355016">
        <ele>1087.7</ele>
      </trkpt>
      <trkpt lat="46.832332" lon="9.355245">
        <ele>1091.1</ele>
      </trkpt>
      <trkpt lat="46.832369" lon="9.355438">
        <ele>1093.9</ele>
      </trkpt>
      <trkpt lat="46.832392" lon="9.355549">
        <ele>1095.2</ele>
      </trkpt>
      <trkpt lat="46.832407" lon="9.355636">
        <ele>1096.2</ele>
      </trkpt>
      <trkpt lat="46.832434" lon="9.35572">
        <ele>1097.3</ele>
      </trkpt>
      <trkpt lat="46.832479" lon="9.355849">
        <ele>1100.2</ele>
      </trkpt>
      <trkpt lat="46.832501" lon="9.355901">
        <ele>1101.8</ele>
      </trkpt>
      <trkpt lat="46.832567" lon="9.356128">
        <ele>1107.5</ele>
      </trkpt>
      <trkpt lat="46.832567" lon="9.356241">
        <ele>1107.9</ele>
      </trkpt>
      <trkpt lat="46.832587" lon="9.356254">
        <ele>1108.4</ele>
      </trkpt>
      <trkpt lat="46.8326" lon="9.356121">
        <ele>1109.4</ele>
      </trkpt>
      <trkpt lat="46.832621" lon="9.356125">
        <ele>1110.2</ele>
      </trkpt>
      <trkpt lat="46.832628" lon="9.356132">
        <ele>1110.9</ele>
      </trkpt>
      <trkpt lat="46.832639" lon="9.356193">
        <ele>1112.8</ele>
      </trkpt>
      <trkpt lat="46.832637" lon="9.35628">
        <ele>1113.6</ele>
      </trkpt>
      <trkpt lat="46.83264" lon="9.356329">
        <ele>1114.4</ele>
      </trkpt>
      <trkpt lat="46.832648" lon="9.356382">
        <ele>1115.5</ele>
      </trkpt>
      <trkpt lat="46.83268" lon="9.356447">
        <ele>1117.4</ele>
      </trkpt>
      <trkpt lat="46.83273" lon="9.356513">
        <ele>1119.5</ele>
      </trkpt>
      <trkpt lat="46.832784" lon="9.356604">
        <ele>1121.8</ele>
      </trkpt>
      <trkpt lat="46.832807" lon="9.356656">
        <ele>1123.3</ele>
      </trkpt>
      <trkpt lat="46.83281" lon="9.356716">
        <ele>1124.1</ele>
      </trkpt>
      <trkpt lat="46.832825" lon="9.356763">
        <ele>1125.6</ele>
      </trkpt>
      <trkpt lat="46.832869" lon="9.356851">
        <ele>1128.5</ele>
      </trkpt>
      <trkpt lat="46.83291" lon="9.356941">
        <ele>1131.7</ele>
      </trkpt>
      <trkpt lat="46.832942" lon="9.357042">
        <ele>1134.3</ele>
      </trkpt>
      <trkpt lat="46.832987" lon="9.357183">
        <ele>1136.7</ele>
      </trkpt>
      <trkpt lat="46.833018" lon="9.357284">
        <ele>1138.7</ele>
      </trkpt>
      <trkpt lat="46.833042" lon="9.357359">
        <ele>1139.8</ele>
      </trkpt>
      <trkpt lat="46.833058" lon="9.357396">
        <ele>1140.6</ele>
      </trkpt>
      <trkpt lat="46.833082" lon="9.357428">
        <ele>1141.9</ele>
      </trkpt>
      <trkpt lat="46.833116" lon="9.357455">
        <ele>1143.0</ele>
      </trkpt>
      <trkpt lat="46.833177" lon="9.357471">
        <ele>1144.4</ele>
      </trkpt>
      <trkpt lat="46.833319" lon="9.357508">
        <ele>1147.8</ele>
      </trkpt>
      <trkpt lat="46.833374" lon="9.357529">
        <ele>1149.3</ele>
      </trkpt>
      <trkpt lat="46.833426" lon="9.357563">
        <ele>1150.7</ele>
      </trkpt>
      <trkpt lat="46.833467" lon="9.357584">
        <ele>1151.1</ele>
      </trkpt>
      <trkpt lat="46.833486" lon="9.3576">
        <ele>1151.5</ele>
      </trkpt>
      <trkpt lat="46.833509" lon="9.357626">
        <ele>1152.0</ele>
      </trkpt>
      <trkpt lat="46.833526" lon="9.357666">
        <ele>1152.5</ele>
      </trkpt>
      <trkpt lat="46.833548" lon="9.357779">
        <ele>1153.4</ele>
      </trkpt>
      <trkpt lat="46.833571" lon="9.357911">
        <ele>1154.6</ele>
      </trkpt>
      <trkpt lat="46.83359" lon="9.358047">
        <ele>1155.6</ele>
      </trkpt>
      <trkpt lat="46.833594" lon="9.358098">
        <ele>1156.1</ele>
      </trkpt>
      <trkpt lat="46.83359" lon="9.358261">
        <ele>1158.1</ele>
      </trkpt>
      <trkpt lat="46.833586" lon="9.358453">
        <ele>1160.5</ele>
      </trkpt>
      <trkpt lat="46.833591" lon="9.358555">
        <ele>1161.8</ele>
      </trkpt>
      <trkpt lat="46.833607" lon="9.358672">
        <ele>1163.5</ele>
      </trkpt>
      <trkpt lat="46.833623" lon="9.358757">
        <ele>1164.9</ele>
      </trkpt>
      <trkpt lat="46.833641" lon="9.358841">
        <ele>1166.0</ele>
      </trkpt>
      <trkpt lat="46.833659" lon="9.358897">
        <ele>1166.5</ele>
      </trkpt>
      <trkpt lat="46.833692" lon="9.358991">
        <ele>1167.9</ele>
      </trkpt>
      <trkpt lat="46.833711" lon="9.359068">
        <ele>1168.9</ele>
      </trkpt>
      <trkpt lat="46.833727" lon="9.359152">
        <ele>1170.0</ele>
      </trkpt>
      <trkpt lat="46.83374" lon="9.359251">
        <ele>1171.9</ele>
      </trkpt>
      <trkpt lat="46.833753" lon="9.359347">
        <ele>1173.1</ele>
      </trkpt>
      <trkpt lat="46.833757" lon="9.35945">
        <ele>1174.2</ele>
      </trkpt>
      <trkpt lat="46.833762" lon="9.359549">
        <ele>1175.7</ele>
      </trkpt>
      <trkpt lat="46.833772" lon="9.35962">
        <ele>1176.7</ele>
      </trkpt>
      <trkpt lat="46.833789" lon="9.359703">
        <ele>1177.5</ele>
      </trkpt>
      <trkpt lat="46.833794" lon="9.359798">
        <ele>1178.7</ele>
      </trkpt>
      <trkpt lat="46.833784" lon="9.360002">
        <ele>1181.6</ele>
      </trkpt>
      <trkpt lat="46.833785" lon="9.360103">
        <ele>1182.4</ele>
      </trkpt>
      <trkpt lat="46.833797" lon="9.360196">
        <ele>1183.8</ele>
      </trkpt>
      <trkpt lat="46.833823" lon="9.360317">
        <ele>1184.7</ele>
      </trkpt>
      <trkpt lat="46.833863" lon="9.360415">
        <ele>1185.7</ele>
      </trkpt>
      <trkpt lat="46.833896" lon="9.360495">
        <ele>1186.4</ele>
      </trkpt>
      <trkpt lat="46.833944" lon="9.360586">
        <ele>1187.4</ele>
      </trkpt>
      <trkpt lat="46.833987" lon="9.360652">
        <ele>1188.3</ele>
      </trkpt>
      <trkpt lat="46.834041" lon="9.3607">
        <ele>1188.8</ele>
      </trkpt>
      <trkpt lat="46.834161" lon="9.360787">
        <ele>1190.1</ele>
      </trkpt>
      <trkpt lat="46.834241" lon="9.360861">
        <ele>1191.3</ele>
      </trkpt>
      <trkpt lat="46.83428" lon="9.36092">
        <ele>1191.8</ele>
      </trkpt>
      <trkpt lat="46.834314" lon="9.361001">
        <ele>1192.4</ele>
      </trkpt>
      <trkpt lat="46.834322" lon="9.361036">
        <ele>1192.8</ele>
      </trkpt>
      <trkpt lat="46.83434" lon="9.361118">
        <ele>1193.5</ele>
      </trkpt>
      <trkpt lat="46.834383" lon="9.361316">
        <ele>1194.8</ele>
      </trkpt>
      <trkpt lat="46.834415" lon="9.361502">
        <ele>1196.3</ele>
      </trkpt>
      <trkpt lat="46.834438" lon="9.361649">
        <ele>1197.7</ele>
      </trkpt>
      <trkpt lat="46.834442" lon="9.361786">
        <ele>1198.5</ele>
      </trkpt>
      <trkpt lat="46.834427" lon="9.361951">
        <ele>1200.1</ele>
      </trkpt>
      <trkpt lat="46.834399" lon="9.362346">
        <ele>1202.7</ele>
      </trkpt>
      <trkpt lat="46.834401" lon="9.362404">
        <ele>1203.3</ele>
      </trkpt>
      <trkpt lat="46.834403" lon="9.36247">
        <ele>1204.7</ele>
      </trkpt>
      <trkpt lat="46.834405" lon="9.362516">
        <ele>1204.7</ele>
      </trkpt>
      <trkpt lat="46.834422" lon="9.36298">
        <ele>1207.4</ele>
      </trkpt>
      <trkpt lat="46.834435" lon="9.363353">
        <ele>1210.7</ele>
      </trkpt>
      <trkpt lat="46.834446" lon="9.363444">
        <ele>1211.3</ele>
      </trkpt>
      <trkpt lat="46.834477" lon="9.363513">
        <ele>1212.0</ele>
      </trkpt>
      <trkpt lat="46.834515" lon="9.363607">
        <ele>1212.5</ele>
      </trkpt>
      <trkpt lat="46.834521" lon="9.363681">
        <ele>1213.0</ele>
      </trkpt>
      <trkpt lat="46.834512" lon="9.363759">
        <ele>1214.0</ele>
      </trkpt>
      <trkpt lat="46.834497" lon="9.363843">
        <ele>1214.3</ele>
      </trkpt>
      <trkpt lat="46.834481" lon="9.363915">
        <ele>1215.1</ele>
      </trkpt>
      <trkpt lat="46.834478" lon="9.364005">
        <ele>1215.6</ele>
      </trkpt>
      <trkpt lat="46.834502" lon="9.364311">
        <ele>1217.3</ele>
      </trkpt>
      <trkpt lat="46.834523" lon="9.364512">
        <ele>1219.1</ele>
      </trkpt>
      <trkpt lat="46.834555" lon="9.364769">
        <ele>1221.4</ele>
      </trkpt>
      <trkpt lat="46.834585" lon="9.364991">
        <ele>1222.6</ele>
      </trkpt>
      <trkpt lat="46.834608" lon="9.365122">
        <ele>1224.0</ele>
      </trkpt>
      <trkpt lat="46.834617" lon="9.365264">
        <ele>1225.1</ele>
      </trkpt>
      <trkpt lat="46.83463" lon="9.365378">
        <ele>1226.0</ele>
      </trkpt>
      <trkpt lat="46.834619" lon="9.365509">
        <ele>1226.4</ele>
      </trkpt>
      <trkpt lat="46.834617" lon="9.36561">
        <ele>1226.2</ele>
      </trkpt>
      <trkpt lat="46.834625" lon="9.365717">
        <ele>1226.3</ele>
      </trkpt>
      <trkpt lat="46.834629" lon="9.365862">
        <ele>1226.5</ele>
      </trkpt>
      <trkpt lat="46.834638" lon="9.365963">
        <ele>1226.5</ele>
      </trkpt>
      <trkpt lat="46.834641" lon="9.366067">
        <ele>1226.5</ele>
      </trkpt>
      <trkpt lat="46.834634" lon="9.366144">
        <ele>1227.0</ele>
      </trkpt>
      <trkpt lat="46.834622" lon="9.366255">
        <ele>1227.3</ele>
      </trkpt>
      <trkpt lat="46.834664" lon="9.366195">
        <ele>1228.4</ele>
      </trkpt>
      <trkpt lat="46.834679" lon="9.366157">
        <ele>1228.6</ele>
      </trkpt>
      <trkpt lat="46.834742" lon="9.365894">
        <ele>1232.0</ele>
      </trkpt>
      <trkpt lat="46.834781" lon="9.365705">
        <ele>1234.3</ele>
      </trkpt>
      <trkpt lat="46.834794" lon="9.36565">
        <ele>1234.9</ele>
      </trkpt>
      <trkpt lat="46.834837" lon="9.365533">
        <ele>1237.1</ele>
      </trkpt>
      <trkpt lat="46.834889" lon="9.365431">
        <ele>1238.7</ele>
      </trkpt>
      <trkpt lat="46.834921" lon="9.365351">
        <ele>1239.9</ele>
      </trkpt>
      <trkpt lat="46.834951" lon="9.365269">
        <ele>1240.9</ele>
      </trkpt>
      <trkpt lat="46.835019" lon="9.365007">
        <ele>1245.2</ele>
      </trkpt>
      <trkpt lat="46.83505" lon="9.364922">
        <ele>1246.3</ele>
      </trkpt>
      <trkpt lat="46.835103" lon="9.364827">
        <ele>1247.6</ele>
      </trkpt>
      <trkpt lat="46.835162" lon="9.364707">
        <ele>1248.9</ele>
      </trkpt>
      <trkpt lat="46.835202" lon="9.364582">
        <ele>1250.9</ele>
      </trkpt>
      <trkpt lat="46.835253" lon="9.364442">
        <ele>1252.9</ele>
      </trkpt>
      <trkpt lat="46.835333" lon="9.364316">
        <ele>1255.4</ele>
      </trkpt>
      <trkpt lat="46.835519" lon="9.364085">
        <ele>1259.0</ele>
      </trkpt>
      <trkpt lat="46.835563" lon="9.363999">
        <ele>1260.7</ele>
      </trkpt>
      <trkpt lat="46.835675" lon="9.363775">
        <ele>1264.0</ele>
      </trkpt>
      <trkpt lat="46.835741" lon="9.363627">
        <ele>1266.1</ele>
      </trkpt>
      <trkpt lat="46.83582" lon="9.363416">
        <ele>1269.4</ele>
      </trkpt>
      <trkpt lat="46.835831" lon="9.363361">
        <ele>1270.5</ele>
      </trkpt>
      <trkpt lat="46.835834" lon="9.363287">
        <ele>1271.1</ele>
      </trkpt>
      <trkpt lat="46.835836" lon="9.363233">
        <ele>1272.0</ele>
      </trkpt>
      <trkpt lat="46.835842" lon="9.363206">
        <ele>1272.6</ele>
      </trkpt>
      <trkpt lat="46.835849" lon="9.363189">
        <ele>1272.6</ele>
      </trkpt>
      <trkpt lat="46.835869" lon="9.363166">
        <ele>1272.8</ele>
      </trkpt>
      <trkpt lat="46.835877" lon="9.36321">
        <ele>1273.2</ele>
      </trkpt>
      <trkpt lat="46.835917" lon="9.363174">
        <ele>1273.4</ele>
      </trkpt>
      <trkpt lat="46.83593" lon="9.363123">
        <ele>1273.7</ele>
      </trkpt>
      <trkpt lat="46.835938" lon="9.363036">
        <ele>1274.6</ele>
      </trkpt>
      <trkpt lat="46.835947" lon="9.362969">
        <ele>1275.2</ele>
      </trkpt>
      <trkpt lat="46.836039" lon="9.362656">
        <ele>1278.9</ele>
      </trkpt>
      <trkpt lat="46.836077" lon="9.362488">
        <ele>1281.3</ele>
      </trkpt>
      <trkpt lat="46.836091" lon="9.362367">
        <ele>1283.0</ele>
      </trkpt>
      <trkpt lat="46.836101" lon="9.362263">
        <ele>1284.3</ele>
      </trkpt>
      <trkpt lat="46.836117" lon="9.362195">
        <ele>1285.1</ele>
      </trkpt>
      <trkpt lat="46.83615" lon="9.362124">
        <ele>1286.2</ele>
      </trkpt>
      <trkpt lat="46.83622" lon="9.362002">
        <ele>1288.0</ele>
      </trkpt>
      <trkpt lat="46.836248" lon="9.361941">
        <ele>1288.9</ele>
      </trkpt>
      <trkpt lat="46.836252" lon="9.361891">
        <ele>1289.4</ele>
      </trkpt>
      <trkpt lat="46.836241" lon="9.361841">
        <ele>1289.9</ele>
      </trkpt>
      <trkpt lat="46.836216" lon="9.361761">
        <ele>1291.0</ele>
      </trkpt>
      <trkpt lat="46.836206" lon="9.3617">
        <ele>1291.8</ele>
      </trkpt>
      <trkpt lat="46.836202" lon="9.361526">
        <ele>1294.0</ele>
      </trkpt>
      <trkpt lat="46.836178" lon="9.361139">
        <ele>1299.3</ele>
      </trkpt>
      <trkpt lat="46.836187" lon="9.361034">
        <ele>1300.7</ele>
      </trkpt>
      <trkpt lat="46.83621" lon="9.360911">
        <ele>1302.5</ele>
      </trkpt>
      <trkpt lat="46.836248" lon="9.360795">
        <ele>1304.0</ele>
      </trkpt>
      <trkpt lat="46.836291" lon="9.360701">
        <ele>1305.4</ele>
      </trkpt>
      <trkpt lat="46.836315" lon="9.360633">
        <ele>1306.3</ele>
      </trkpt>
      <trkpt lat="46.836363" lon="9.360522">
        <ele>1308.1</ele>
      </trkpt>
      <trkpt lat="46.8364" lon="9.360418">
        <ele>1309.3</ele>
      </trkpt>
      <trkpt lat="46.83642" lon="9.360341">
        <ele>1310.2</ele>
      </trkpt>
      <trkpt lat="46.836416" lon="9.360268">
        <ele>1311.1</ele>
      </trkpt>
      <trkpt lat="46.836397" lon="9.360131">
        <ele>1313.1</ele>
      </trkpt>
      <trkpt lat="46.836393" lon="9.360046">
        <ele>1314.2</ele>
      </trkpt>
      <trkpt lat="46.836409" lon="9.359993">
        <ele>1315.2</ele>
      </trkpt>
      <trkpt lat="46.83644" lon="9.359957">
        <ele>1316.0</ele>
      </trkpt>
      <trkpt lat="46.836488" lon="9.359935">
        <ele>1316.8</ele>
      </trkpt>
      <trkpt lat="46.836657" lon="9.359898">
        <ele>1320.1</ele>
      </trkpt>
      <trkpt lat="46.836694" lon="9.35987">
        <ele>1320.4</ele>
      </trkpt>
      <trkpt lat="46.836725" lon="9.359832">
        <ele>1321.2</ele>
      </trkpt>
      <trkpt lat="46.836743" lon="9.359787">
        <ele>1321.9</ele>
      </trkpt>
      <trkpt lat="46.836763" lon="9.359731">
        <ele>1322.8</ele>
      </trkpt>
      <trkpt lat="46.836766" lon="9.359671">
        <ele>1323.5</ele>
      </trkpt>
      <trkpt lat="46.836767" lon="9.359601">
        <ele>1324.4</ele>
      </trkpt>
      <trkpt lat="46.836759" lon="9.359515">
        <ele>1325.8</ele>
      </trkpt>
      <trkpt lat="46.836731" lon="9.359354">
        <ele>1327.6</ele>
      </trkpt>
      <trkpt lat="46.836728" lon="9.359283">
        <ele>1328.7</ele>
      </trkpt>
      <trkpt lat="46.836734" lon="9.359196">
        <ele>1329.7</ele>
      </trkpt>
      <trkpt lat="46.83675" lon="9.359114">
        <ele>1330.4</ele>
      </trkpt>
      <trkpt lat="46.836779" lon="9.358902">
        <ele>1333.2</ele>
      </trkpt>
      <trkpt lat="46.836802" lon="9.35882">
        <ele>1334.4</ele>
      </trkpt>
      <trkpt lat="46.836837" lon="9.358738">
        <ele>1335.4</ele>
      </trkpt>
      <trkpt lat="46.836936" lon="9.358485">
        <ele>1339.3</ele>
      </trkpt>
      <trkpt lat="46.837008" lon="9.35838">
        <ele>1340.8</ele>
      </trkpt>
      <trkpt lat="46.837025" lon="9.358323">
        <ele>1341.6</ele>
      </trkpt>
      <trkpt lat="46.837032" lon="9.358267">
        <ele>1342.5</ele>
      </trkpt>
      <trkpt lat="46.837038" lon="9.3582">
        <ele>1343.9</ele>
      </trkpt>
      <trkpt lat="46.837047" lon="9.358142">
        <ele>1344.9</ele>
      </trkpt>
      <trkpt lat="46.837075" lon="9.358038">
        <ele>1346.3</ele>
      </trkpt>
      <trkpt lat="46.83709" lon="9.357971">
        <ele>1347.1</ele>
      </trkpt>
      <trkpt lat="46.837119" lon="9.3578">
        <ele>1349.0</ele>
      </trkpt>
      <trkpt lat="46.837161" lon="9.357474">
        <ele>1352.0</ele>
      </trkpt>
      <trkpt lat="46.837166" lon="9.357431">
        <ele>1352.4</ele>
      </trkpt>
      <trkpt lat="46.837188" lon="9.357235">
        <ele>1353.8</ele>
      </trkpt>
      <trkpt lat="46.837194" lon="9.357065">
        <ele>1355.4</ele>
      </trkpt>
      <trkpt lat="46.837208" lon="9.356969">
        <ele>1356.0</ele>
      </trkpt>
      <trkpt lat="46.837228" lon="9.356903">
        <ele>1356.3</ele>
      </trkpt>
      <trkpt lat="46.837253" lon="9.356887">
        <ele>1356.5</ele>
      </trkpt>
      <trkpt lat="46.837276" lon="9.356891">
        <ele>1356.7</ele>
      </trkpt>
      <trkpt lat="46.837293" lon="9.356912">
        <ele>1357.0</ele>
      </trkpt>
      <trkpt lat="46.837299" lon="9.356954">
        <ele>1357.4</ele>
      </trkpt>
      <trkpt lat="46.837301" lon="9.35702">
        <ele>1357.9</ele>
      </trkpt>
      <trkpt lat="46.837291" lon="9.357163">
        <ele>1358.7</ele>
      </trkpt>
      <trkpt lat="46.837284" lon="9.357288">
        <ele>1359.4</ele>
      </trkpt>
      <trkpt lat="46.837283" lon="9.357465">
        <ele>1360.4</ele>
      </trkpt>
      <trkpt lat="46.837291" lon="9.357579">
        <ele>1361.6</ele>
      </trkpt>
      <trkpt lat="46.837311" lon="9.357721">
        <ele>1363.1</ele>
      </trkpt>
      <trkpt lat="46.837352" lon="9.357836">
        <ele>1363.9</ele>
      </trkpt>
      <trkpt lat="46.837399" lon="9.357933">
        <ele>1365.2</ele>
      </trkpt>
      <trkpt lat="46.837427" lon="9.358024">
        <ele>1366.2</ele>
      </trkpt>
      <trkpt lat="46.837445" lon="9.358101">
        <ele>1367.0</ele>
      </trkpt>
      <trkpt lat="46.837471" lon="9.358254">
        <ele>1368.7</ele>
      </trkpt>
      <trkpt lat="46.837494" lon="9.358329">
        <ele>1369.9</ele>
      </trkpt>
      <trkpt lat="46.837516" lon="9.358387">
        <ele>1370.6</ele>
      </trkpt>
      <trkpt lat="46.837541" lon="9.358439">
        <ele>1371.3</ele>
      </trkpt>
      <trkpt lat="46.837618" lon="9.35856">
        <ele>1373.6</ele>
      </trkpt>
      <trkpt lat="46.837665" lon="9.358636">
        <ele>1374.9</ele>
      </trkpt>
      <trkpt lat="46.8377" lon="9.358697">
        <ele>1376.0</ele>
      </trkpt>
      <trkpt lat="46.837718" lon="9.358737">
        <ele>1376.6</ele>
      </trkpt>
      <trkpt lat="46.837734" lon="9.358788">
        <ele>1377.2</ele>
      </trkpt>
      <trkpt lat="46.837746" lon="9.358849">
        <ele>1378.2</ele>
      </trkpt>
      <trkpt lat="46.837745" lon="9.358895">
        <ele>1379.0</ele>
      </trkpt>
      <trkpt lat="46.837738" lon="9.358943">
        <ele>1379.5</ele>
      </trkpt>
      <trkpt lat="46.837724" lon="9.358992">
        <ele>1379.9</ele>
      </trkpt>
      <trkpt lat="46.837695" lon="9.359047">
        <ele>1380.7</ele>
      </trkpt>
      <trkpt lat="46.837632" lon="9.359128">
        <ele>1381.6</ele>
      </trkpt>
      <trkpt lat="46.837613" lon="9.359172">
        <ele>1382.2</ele>
      </trkpt>
      <trkpt lat="46.837605" lon="9.359244">
        <ele>1383.2</ele>
      </trkpt>
      <trkpt lat="46.837623" lon="9.3593">
        <ele>1384.0</ele>
      </trkpt>
      <trkpt lat="46.837689" lon="9.359413">
        <ele>1386.1</ele>
      </trkpt>
      <trkpt lat="46.837708" lon="9.359447">
        <ele>1386.5</ele>
      </trkpt>
      <trkpt lat="46.837733" lon="9.359534">
        <ele>1387.2</ele>
      </trkpt>
      <trkpt lat="46.837772" lon="9.35968">
        <ele>1388.7</ele>
      </trkpt>
      <trkpt lat="46.837783" lon="9.359733">
        <ele>1389.4</ele>
      </trkpt>
      <trkpt lat="46.837792" lon="9.359839">
        <ele>1391.0</ele>
      </trkpt>
      <trkpt lat="46.837799" lon="9.359978">
        <ele>1392.9</ele>
      </trkpt>
      <trkpt lat="46.837808" lon="9.360039">
        <ele>1393.7</ele>
      </trkpt>
      <trkpt lat="46.83782" lon="9.360101">
        <ele>1394.5</ele>
      </trkpt>
      <trkpt lat="46.837847" lon="9.360144">
        <ele>1395.3</ele>
      </trkpt>
      <trkpt lat="46.837889" lon="9.360189">
        <ele>1395.9</ele>
      </trkpt>
      <trkpt lat="46.837984" lon="9.360235">
        <ele>1398.2</ele>
      </trkpt>
      <trkpt lat="46.838032" lon="9.360258">
        <ele>1399.2</ele>
      </trkpt>
      <trkpt lat="46.838064" lon="9.360303">
        <ele>1399.6</ele>
      </trkpt>
      <trkpt lat="46.83808" lon="9.360371">
        <ele>1400.2</ele>
      </trkpt>
      <trkpt lat="46.838091" lon="9.36056">
        <ele>1402.5</ele>
      </trkpt>
      <trkpt lat="46.838098" lon="9.360627">
        <ele>1403.1</ele>
      </trkpt>
      <trkpt lat="46.838137" lon="9.360764">
        <ele>1405.1</ele>
      </trkpt>
      <trkpt lat="46.838158" lon="9.360854">
        <ele>1406.3</ele>
      </trkpt>
      <trkpt lat="46.838178" lon="9.360932">
        <ele>1407.3</ele>
      </trkpt>
      <trkpt lat="46.838187" lon="9.361041">
        <ele>1408.9</ele>
      </trkpt>
      <trkpt lat="46.838211" lon="9.361217">
        <ele>1411.1</ele>
      </trkpt>
      <trkpt lat="46.838212" lon="9.361289">
        <ele>1412.0</ele>
      </trkpt>
      <trkpt lat="46.838205" lon="9.361358">
        <ele>1413.0</ele>
      </trkpt>
      <trkpt lat="46.838198" lon="9.361433">
        <ele>1414.6</ele>
      </trkpt>
      <trkpt lat="46.838199" lon="9.361478">
        <ele>1415.4</ele>
      </trkpt>
      <trkpt lat="46.838229" lon="9.361514">
        <ele>1415.9</ele>
      </trkpt>
      <trkpt lat="46.83827" lon="9.361549">
        <ele>1416.6</ele>
      </trkpt>
      <trkpt lat="46.838317" lon="9.361601">
        <ele>1417.3</ele>
      </trkpt>
      <trkpt lat="46.838373" lon="9.36168">
        <ele>1418.8</ele>
      </trkpt>
      <trkpt lat="46.838395" lon="9.36172">
        <ele>1419.6</ele>
      </trkpt>
      <trkpt lat="46.838418" lon="9.361815">
        <ele>1421.2</ele>
      </trkpt>
      <trkpt lat="46.838436" lon="9.361844">
        <ele>1421.9</ele>
      </trkpt>
      <trkpt lat="46.838535" lon="9.361941">
        <ele>1423.3</ele>
      </trkpt>
      <trkpt lat="46.838638" lon="9.362028">
        <ele>1425.7</ele>
      </trkpt>
      <trkpt lat="46.838712" lon="9.362062">
        <ele>1427.2</ele>
      </trkpt>
      <trkpt lat="46.838744" lon="9.362085">
        <ele>1427.6</ele>
      </trkpt>
      <trkpt lat="46.838781" lon="9.36214">
        <ele>1428.4</ele>
      </trkpt>
      <trkpt lat="46.838807" lon="9.362199">
        <ele>1429.0</ele>
      </trkpt>
      <trkpt lat="46.838804" lon="9.362252">
        <ele>1429.8</ele>
      </trkpt>
      <trkpt lat="46.838777" lon="9.362302">
        <ele>1430.6</ele>
      </trkpt>
      <trkpt lat="46.838669" lon="9.362478">
        <ele>1433.8</ele>
      </trkpt>
      <trkpt lat="46.838641" lon="9.362534">
        <ele>1434.2</ele>
      </trkpt>
      <trkpt lat="46.838629" lon="9.362557">
        <ele>1434.8</ele>
      </trkpt>
      <trkpt lat="46.838604" lon="9.362653">
        <ele>1435.7</ele>
      </trkpt>
      <trkpt lat="46.838585" lon="9.362774">
        <ele>1437.4</ele>
      </trkpt>
      <trkpt lat="46.838555" lon="9.363057">
        <ele>1440.9</ele>
      </trkpt>
      <trkpt lat="46.838552" lon="9.363127">
        <ele>1441.7</ele>
      </trkpt>
      <trkpt lat="46.838565" lon="9.363201">
        <ele>1442.0</ele>
      </trkpt>
      <trkpt lat="46.838568" lon="9.363291">
        <ele>1443.2</ele>
      </trkpt>
      <trkpt lat="46.838545" lon="9.363436">
        <ele>1445.9</ele>
      </trkpt>
      <trkpt lat="46.838526" lon="9.363569">
        <ele>1447.6</ele>
      </trkpt>
      <trkpt lat="46.838512" lon="9.363728">
        <ele>1449.2</ele>
      </trkpt>
      <trkpt lat="46.838512" lon="9.363788">
        <ele>1449.8</ele>
      </trkpt>
      <trkpt lat="46.838518" lon="9.363834">
        <ele>1450.3</ele>
      </trkpt>
      <trkpt lat="46.838546" lon="9.363936">
        <ele>1451.9</ele>
      </trkpt>
      <trkpt lat="46.838583" lon="9.364037">
        <ele>1453.3</ele>
      </trkpt>
      <trkpt lat="46.838642" lon="9.364138">
        <ele>1455.0</ele>
      </trkpt>
      <trkpt lat="46.83878" lon="9.364272">
        <ele>1458.2</ele>
      </trkpt>
      <trkpt lat="46.838816" lon="9.36432">
        <ele>1458.9</ele>
      </trkpt>
      <trkpt lat="46.838836" lon="9.364396">
        <ele>1459.3</ele>
      </trkpt>
      <trkpt lat="46.838836" lon="9.364463">
        <ele>1460.0</ele>
      </trkpt>
      <trkpt lat="46.838809" lon="9.364552">
        <ele>1461.2</ele>
      </trkpt>
      <trkpt lat="46.838792" lon="9.364595">
        <ele>1461.7</ele>
      </trkpt>
      <trkpt lat="46.838753" lon="9.364711">
        <ele>1463.7</ele>
      </trkpt>
      <trkpt lat="46.838706" lon="9.36482">
        <ele>1466.9</ele>
      </trkpt>
      <trkpt lat="46.838685" lon="9.364881">
        <ele>1466.2</ele>
      </trkpt>
      <trkpt lat="46.83868" lon="9.36494">
        <ele>1467.0</ele>
      </trkpt>
      <trkpt lat="46.838683" lon="9.36501">
        <ele>1468.5</ele>
      </trkpt>
      <trkpt lat="46.8387" lon="9.365083">
        <ele>1469.2</ele>
      </trkpt>
      <trkpt lat="46.838767" lon="9.365208">
        <ele>1471.2</ele>
      </trkpt>
      <trkpt lat="46.838798" lon="9.365286">
        <ele>1472.3</ele>
      </trkpt>
      <trkpt lat="46.838822" lon="9.365394">
        <ele>1473.8</ele>
      </trkpt>
      <trkpt lat="46.838878" lon="9.365544">
        <ele>1476.1</ele>
      </trkpt>
      <trkpt lat="46.838888" lon="9.365603">
        <ele>1476.7</ele>
      </trkpt>
      <trkpt lat="46.838892" lon="9.365693">
        <ele>1477.7</ele>
      </trkpt>
      <trkpt lat="46.838891" lon="9.365798">
        <ele>1479.4</ele>
      </trkpt>
      <trkpt lat="46.838897" lon="9.365839">
        <ele>1480.2</ele>
      </trkpt>
      <trkpt lat="46.838905" lon="9.365886">
        <ele>1481.2</ele>
      </trkpt>
      <trkpt lat="46.838923" lon="9.365932">
        <ele>1481.7</ele>
      </trkpt>
      <trkpt lat="46.838952" lon="9.365966">
        <ele>1482.3</ele>
      </trkpt>
      <trkpt lat="46.838983" lon="9.365994">
        <ele>1482.9</ele>
      </trkpt>
      <trkpt lat="46.839029" lon="9.366032">
        <ele>1483.9</ele>
      </trkpt>
      <trkpt lat="46.839093" lon="9.366088">
        <ele>1485.0</ele>
      </trkpt>
      <trkpt lat="46.839125" lon="9.36614">
        <ele>1485.7</ele>
      </trkpt>
      <trkpt lat="46.839138" lon="9.366204">
        <ele>1486.3</ele>
      </trkpt>
      <trkpt lat="46.839133" lon="9.366264">
        <ele>1487.0</ele>
      </trkpt>
      <trkpt lat="46.839123" lon="9.366306">
        <ele>1487.7</ele>
      </trkpt>
      <trkpt lat="46.839089" lon="9.366386">
        <ele>1488.9</ele>
      </trkpt>
      <trkpt lat="46.839081" lon="9.366421">
        <ele>1489.2</ele>
      </trkpt>
      <trkpt lat="46.839081" lon="9.366466">
        <ele>1489.6</ele>
      </trkpt>
      <trkpt lat="46.839093" lon="9.366558">
        <ele>1490.9</ele>
      </trkpt>
      <trkpt lat="46.839102" lon="9.366607">
        <ele>1491.9</ele>
      </trkpt>
      <trkpt lat="46.839128" lon="9.366677">
        <ele>1493.4</ele>
      </trkpt>
      <trkpt lat="46.839153" lon="9.366721">
        <ele>1494.0</ele>
      </trkpt>
      <trkpt lat="46.839171" lon="9.366763">
        <ele>1494.1</ele>
      </trkpt>
      <trkpt lat="46.839183" lon="9.366841">
        <ele>1495.2</ele>
      </trkpt>
      <trkpt lat="46.839206" lon="9.366934">
        <ele>1496.1</ele>
      </trkpt>
      <trkpt lat="46.839235" lon="9.367032">
        <ele>1497.3</ele>
      </trkpt>
      <trkpt lat="46.839231" lon="9.367244">
        <ele>1499.7</ele>
      </trkpt>
      <trkpt lat="46.839217" lon="9.367367">
        <ele>1501.0</ele>
      </trkpt>
      <trkpt lat="46.839192" lon="9.367459">
        <ele>1502.6</ele>
      </trkpt>
      <trkpt lat="46.839146" lon="9.367547">
        <ele>1503.8</ele>
      </trkpt>
      <trkpt lat="46.839098" lon="9.367628">
        <ele>1505.2</ele>
      </trkpt>
      <trkpt lat="46.839075" lon="9.367688">
        <ele>1506.2</ele>
      </trkpt>
      <trkpt lat="46.839077" lon="9.367762">
        <ele>1507.2</ele>
      </trkpt>
      <trkpt lat="46.83909" lon="9.367809">
        <ele>1508.0</ele>
      </trkpt>
      <trkpt lat="46.839115" lon="9.367841">
        <ele>1508.5</ele>
      </trkpt>
      <trkpt lat="46.83918" lon="9.367878">
        <ele>1509.8</ele>
      </trkpt>
      <trkpt lat="46.839238" lon="9.367892">
        <ele>1510.7</ele>
      </trkpt>
      <trkpt lat="46.839302" lon="9.367953">
        <ele>1512.0</ele>
      </trkpt>
      <trkpt lat="46.839359" lon="9.36805">
        <ele>1513.9</ele>
      </trkpt>
      <trkpt lat="46.839373" lon="9.36809">
        <ele>1514.6</ele>
      </trkpt>
      <trkpt lat="46.839399" lon="9.36819">
        <ele>1515.4</ele>
      </trkpt>
      <trkpt lat="46.839428" lon="9.368307">
        <ele>1517.0</ele>
      </trkpt>
      <trkpt lat="46.839452" lon="9.368475">
        <ele>1519.5</ele>
      </trkpt>
      <trkpt lat="46.839469" lon="9.368566">
        <ele>1520.5</ele>
      </trkpt>
      <trkpt lat="46.839527" lon="9.36868">
        <ele>1521.7</ele>
      </trkpt>
      <trkpt lat="46.839584" lon="9.368753">
        <ele>1522.9</ele>
      </trkpt>
      <trkpt lat="46.839653" lon="9.368813">
        <ele>1525.9</ele>
      </trkpt>
      <trkpt lat="46.839698" lon="9.368835">
        <ele>1527.4</ele>
      </trkpt>
      <trkpt lat="46.839721" lon="9.36884">
        <ele>1527.7</ele>
      </trkpt>
      <trkpt lat="46.839771" lon="9.368912">
        <ele>1528.5</ele>
      </trkpt>
      <trkpt lat="46.839811" lon="9.368984">
        <ele>1529.0</ele>
      </trkpt>
      <trkpt lat="46.83985" lon="9.36906">
        <ele>1529.8</ele>
      </trkpt>
      <trkpt lat="46.839883" lon="9.369141">
        <ele>1530.8</ele>
      </trkpt>
      <trkpt lat="46.839905" lon="9.369221">
        <ele>1531.3</ele>
      </trkpt>
      <trkpt lat="46.839921" lon="9.369348">
        <ele>1532.4</ele>
      </trkpt>
      <trkpt lat="46.839969" lon="9.369341">
        <ele>1532.4</ele>
      </trkpt>
      <trkpt lat="46.839994" lon="9.369322">
        <ele>1532.9</ele>
      </trkpt>
      <trkpt lat="46.840011" lon="9.369272">
        <ele>1533.2</ele>
      </trkpt>
      <trkpt lat="46.840009" lon="9.369214">
        <ele>1533.7</ele>
      </trkpt>
      <trkpt lat="46.839992" lon="9.36914">
        <ele>1534.3</ele>
      </trkpt>
      <trkpt lat="46.839962" lon="9.369059">
        <ele>1535.0</ele>
      </trkpt>
      <trkpt lat="46.839932" lon="9.368995">
        <ele>1535.7</ele>
      </trkpt>
      <trkpt lat="46.839921" lon="9.368953">
        <ele>1536.0</ele>
      </trkpt>
      <trkpt lat="46.839899" lon="9.368856">
        <ele>1537.3</ele>
      </trkpt>
      <trkpt lat="46.839875" lon="9.368745">
        <ele>1538.6</ele>
      </trkpt>
      <trkpt lat="46.839871" lon="9.368698">
        <ele>1539.2</ele>
      </trkpt>
      <trkpt lat="46.839873" lon="9.368643">
        <ele>1539.8</ele>
      </trkpt>
      <trkpt lat="46.839887" lon="9.368597">
        <ele>1540.2</ele>
      </trkpt>
      <trkpt lat="46.839912" lon="9.368553">
        <ele>1540.7</ele>
      </trkpt>
      <trkpt lat="46.839924" lon="9.368506">
        <ele>1541.1</ele>
      </trkpt>
      <trkpt lat="46.839929" lon="9.368455">
        <ele>1541.4</ele>
      </trkpt>
      <trkpt lat="46.839923" lon="9.36841">
        <ele>1542.0</ele>
      </trkpt>
      <trkpt lat="46.8399" lon="9.368317">
        <ele>1543.4</ele>
      </trkpt>
      <trkpt lat="46.839888" lon="9.368255">
        <ele>1544.2</ele>
      </trkpt>
      <trkpt lat="46.839886" lon="9.368203">
        <ele>1544.6</ele>
      </trkpt>
      <trkpt lat="46.839889" lon="9.368136">
        <ele>1545.1</ele>
      </trkpt>
      <trkpt lat="46.839901" lon="9.368073">
        <ele>1545.9</ele>
      </trkpt>
      <trkpt lat="46.839939" lon="9.367943">
        <ele>1547.6</ele>
      </trkpt>
      <trkpt lat="46.839968" lon="9.367854">
        <ele>1548.7</ele>
      </trkpt>
      <trkpt lat="46.840067" lon="9.367587">
        <ele>1552.6</ele>
      </trkpt>
      <trkpt lat="46.8401" lon="9.367478">
        <ele>1554.1</ele>
      </trkpt>
      <trkpt lat="46.840129" lon="9.367403">
        <ele>1555.7</ele>
      </trkpt>
      <trkpt lat="46.84016" lon="9.367334">
        <ele>1556.6</ele>
      </trkpt>
      <trkpt lat="46.840182" lon="9.367286">
        <ele>1557.4</ele>
      </trkpt>
      <trkpt lat="46.840201" lon="9.36723">
        <ele>1558.2</ele>
      </trkpt>
      <trkpt lat="46.840212" lon="9.367162">
        <ele>1558.9</ele>
      </trkpt>
      <trkpt lat="46.840218" lon="9.367079">
        <ele>1559.7</ele>
      </trkpt>
      <trkpt lat="46.840224" lon="9.367005">
        <ele>1560.6</ele>
      </trkpt>
      <trkpt lat="46.840242" lon="9.366923">
        <ele>1561.6</ele>
      </trkpt>
      <trkpt lat="46.840286" lon="9.366777">
        <ele>1563.9</ele>
      </trkpt>
      <trkpt lat="46.840323" lon="9.366581">
        <ele>1566.2</ele>
      </trkpt>
      <trkpt lat="46.840347" lon="9.366478">
        <ele>1567.2</ele>
      </trkpt>
      <trkpt lat="46.840376" lon="9.366379">
        <ele>1568.5</ele>
      </trkpt>
      <trkpt lat="46.840441" lon="9.36619">
        <ele>1570.7</ele>
      </trkpt>
      <trkpt lat="46.840487" lon="9.366028">
        <ele>1572.8</ele>
      </trkpt>
      <trkpt lat="46.840578" lon="9.365786">
        <ele>1576.8</ele>
      </trkpt>
      <trkpt lat="46.840626" lon="9.365611">
        <ele>1578.4</ele>
      </trkpt>
      <trkpt lat="46.840691" lon="9.365329">
        <ele>1581.8</ele>
      </trkpt>
      <trkpt lat="46.840753" lon="9.365093">
        <ele>1585.0</ele>
      </trkpt>
      <trkpt lat="46.840801" lon="9.364981">
        <ele>1586.9</ele>
      </trkpt>
      <trkpt lat="46.840823" lon="9.364877">
        <ele>1588.5</ele>
      </trkpt>
      <trkpt lat="46.840843" lon="9.364698">
        <ele>1590.6</ele>
      </trkpt>
      <trkpt lat="46.840872" lon="9.364546">
        <ele>1592.1</ele>
      </trkpt>
      <trkpt lat="46.841005" lon="9.363983">
        <ele>1599.3</ele>
      </trkpt>
      <trkpt lat="46.841084" lon="9.363617">
        <ele>1604.0</ele>
      </trkpt>
      <trkpt lat="46.841142" lon="9.363351">
        <ele>1607.5</ele>
      </trkpt>
      <trkpt lat="46.841189" lon="9.363173">
        <ele>1609.9</ele>
      </trkpt>
      <trkpt lat="46.841253" lon="9.362981">
        <ele>1612.2</ele>
      </trkpt>
      <trkpt lat="46.841309" lon="9.362842">
        <ele>1613.9</ele>
      </trkpt>
      <trkpt lat="46.841436" lon="9.362655">
        <ele>1617.3</ele>
      </trkpt>
      <trkpt lat="46.841505" lon="9.362557">
        <ele>1619.1</ele>
      </trkpt>
      <trkpt lat="46.841553" lon="9.362489">
        <ele>1620.6</ele>
      </trkpt>
      <trkpt lat="46.841595" lon="9.362407">
        <ele>1621.8</ele>
      </trkpt>
      <trkpt lat="46.841613" lon="9.362365">
        <ele>1622.1</ele>
      </trkpt>
      <trkpt lat="46.841647" lon="9.362267">
        <ele>1623.7</ele>
      </trkpt>
      <trkpt lat="46.841671" lon="9.362177">
        <ele>1624.8</ele>
      </trkpt>
      <trkpt lat="46.841691" lon="9.362072">
        <ele>1626.2</ele>
      </trkpt>
      <trkpt lat="46.841697" lon="9.362023">
        <ele>1626.9</ele>
      </trkpt>
      <trkpt lat="46.841694" lon="9.361969">
        <ele>1627.7</ele>
      </trkpt>
      <trkpt lat="46.841691" lon="9.361933">
        <ele>1628.2</ele>
      </trkpt>
      <trkpt lat="46.841677" lon="9.361892">
        <ele>1628.9</ele>
      </trkpt>
      <trkpt lat="46.841644" lon="9.36183">
        <ele>1629.8</ele>
      </trkpt>
      <trkpt lat="46.84162" lon="9.361783">
        <ele>1630.5</ele>
      </trkpt>
      <trkpt lat="46.841609" lon="9.361746">
        <ele>1630.8</ele>
      </trkpt>
      <trkpt lat="46.841602" lon="9.361706">
        <ele>1631.2</ele>
      </trkpt>
      <trkpt lat="46.841595" lon="9.36158">
        <ele>1632.8</ele>
      </trkpt>
      <trkpt lat="46.841603" lon="9.361442">
        <ele>1634.5</ele>
      </trkpt>
      <trkpt lat="46.841658" lon="9.361096">
        <ele>1638.8</ele>
      </trkpt>
      <trkpt lat="46.841698" lon="9.360907">
        <ele>1641.0</ele>
      </trkpt>
      <trkpt lat="46.841762" lon="9.360638">
        <ele>1644.4</ele>
      </trkpt>
      <trkpt lat="46.841797" lon="9.36051">
        <ele>1645.9</ele>
      </trkpt>
      <trkpt lat="46.841845" lon="9.360334">
        <ele>1648.1</ele>
      </trkpt>
      <trkpt lat="46.841932" lon="9.360034">
        <ele>1652.0</ele>
      </trkpt>
      <trkpt lat="46.841953" lon="9.359943">
        <ele>1653.0</ele>
      </trkpt>
      <trkpt lat="46.841979" lon="9.359832">
        <ele>1654.3</ele>
      </trkpt>
      <trkpt lat="46.842075" lon="9.359378">
        <ele>1660.4</ele>
      </trkpt>
      <trkpt lat="46.842126" lon="9.359089">
        <ele>1664.0</ele>
      </trkpt>
      <trkpt lat="46.842174" lon="9.358868">
        <ele>1666.3</ele>
      </trkpt>
      <trkpt lat="46.842225" lon="9.358627">
        <ele>1669.1</ele>
      </trkpt>
      <trkpt lat="46.842253" lon="9.358487">
        <ele>1671.5</ele>
      </trkpt>
      <trkpt lat="46.842278" lon="9.35841">
        <ele>1672.0</ele>
      </trkpt>
      <trkpt lat="46.84232" lon="9.358328">
        <ele>1673.7</ele>
      </trkpt>
      <trkpt lat="46.842413" lon="9.358172">
        <ele>1676.1</ele>
      </trkpt>
      <trkpt lat="46.842451" lon="9.358072">
        <ele>1677.2</ele>
      </trkpt>
      <trkpt lat="46.842509" lon="9.357834">
        <ele>1680.6</ele>
      </trkpt>
      <trkpt lat="46.842567" lon="9.357624">
        <ele>1683.1</ele>
      </trkpt>
      <trkpt lat="46.842602" lon="9.357484">
        <ele>1685.3</ele>
      </trkpt>
      <trkpt lat="46.842655" lon="9.357321">
        <ele>1687.4</ele>
      </trkpt>
      <trkpt lat="46.842676" lon="9.35725">
        <ele>1688.6</ele>
      </trkpt>
      <trkpt lat="46.842691" lon="9.357171">
        <ele>1689.4</ele>
      </trkpt>
      <trkpt lat="46.842707" lon="9.357048">
        <ele>1690.8</ele>
      </trkpt>
      <trkpt lat="46.842731" lon="9.356908">
        <ele>1692.7</ele>
      </trkpt>
      <trkpt lat="46.842761" lon="9.356805">
        <ele>1694.5</ele>
      </trkpt>
      <trkpt lat="46.842799" lon="9.356695">
        <ele>1695.1</ele>
      </trkpt>
      <trkpt lat="46.842819" lon="9.356612">
        <ele>1696.0</ele>
      </trkpt>
      <trkpt lat="46.842827" lon="9.356558">
        <ele>1696.6</ele>
      </trkpt>
      <trkpt lat="46.842836" lon="9.356473">
        <ele>1697.8</ele>
      </trkpt>
      <trkpt lat="46.842853" lon="9.3563">
        <ele>1700.1</ele>
      </trkpt>
      <trkpt lat="46.842866" lon="9.356202">
        <ele>1701.5</ele>
      </trkpt>
      <trkpt lat="46.842879" lon="9.356137">
        <ele>1702.5</ele>
      </trkpt>
      <trkpt lat="46.842903" lon="9.35607">
        <ele>1703.1</ele>
      </trkpt>
      <trkpt lat="46.842934" lon="9.355966">
        <ele>1704.9</ele>
      </trkpt>
      <trkpt lat="46.842944" lon="9.3559">
        <ele>1705.5</ele>
      </trkpt>
      <trkpt lat="46.842956" lon="9.355686">
        <ele>1707.5</ele>
      </trkpt>
      <trkpt lat="46.842972" lon="9.355552">
        <ele>1709.4</ele>
      </trkpt>
      <trkpt lat="46.842983" lon="9.355435">
        <ele>1710.8</ele>
      </trkpt>
      <trkpt lat="46.842997" lon="9.355353">
        <ele>1711.8</ele>
      </trkpt>
      <trkpt lat="46.843015" lon="9.355295">
        <ele>1712.8</ele>
      </trkpt>
      <trkpt lat="46.843042" lon="9.355223">
        <ele>1713.5</ele>
      </trkpt>
      <trkpt lat="46.84307" lon="9.355176">
        <ele>1714.4</ele>
      </trkpt>
      <trkpt lat="46.843102" lon="9.355132">
        <ele>1715.2</ele>
      </trkpt>
      <trkpt lat="46.843166" lon="9.355059">
        <ele>1716.8</ele>
      </trkpt>
      <trkpt lat="46.843232" lon="9.354998">
        <ele>1718.0</ele>
      </trkpt>
      <trkpt lat="46.843246" lon="9.354955">
        <ele>1718.2</ele>
      </trkpt>
      <trkpt lat="46.843289" lon="9.354903">
        <ele>1718.6</ele>
      </trkpt>
      <trkpt lat="46.843246" lon="9.354955">
        <ele>1718.2</ele>
      </trkpt>
      <trkpt lat="46.843232" lon="9.354998">
        <ele>1718.0</ele>
      </trkpt>
      <trkpt lat="46.843301" lon="9.354954">
        <ele>1719.4</ele>
      </trkpt>
      <trkpt lat="46.843462" lon="9.354848">
        <ele>1722.5</ele>
      </trkpt>
      <trkpt lat="46.843526" lon="9.354771">
        <ele>1723.8</ele>
      </trkpt>
      <trkpt lat="46.843588" lon="9.354685">
        <ele>1725.2</ele>
      </trkpt>
      <trkpt lat="46.843656" lon="9.354552">
        <ele>1727.2</ele>
      </trkpt>
      <trkpt lat="46.843697" lon="9.354441">
        <ele>1728.7</ele>
      </trkpt>
      <trkpt lat="46.843736" lon="9.3543">
        <ele>1730.3</ele>
      </trkpt>
      <trkpt lat="46.843781" lon="9.354172">
        <ele>1732.0</ele>
      </trkpt>
      <trkpt lat="46.84384" lon="9.354048">
        <ele>1734.1</ele>
      </trkpt>
      <trkpt lat="46.843945" lon="9.353904">
        <ele>1735.8</ele>
      </trkpt>
      <trkpt lat="46.844046" lon="9.353791">
        <ele>1738.9</ele>
      </trkpt>
      <trkpt lat="46.844102" lon="9.353742">
        <ele>1739.8</ele>
      </trkpt>
      <trkpt lat="46.844177" lon="9.353698">
        <ele>1741.4</ele>
      </trkpt>
      <trkpt lat="46.84421" lon="9.353658">
        <ele>1741.8</ele>
      </trkpt>
      <trkpt lat="46.844265" lon="9.353544">
        <ele>1743.8</ele>
      </trkpt>
      <trkpt lat="46.84437" lon="9.353354">
        <ele>1747.1</ele>
      </trkpt>
      <trkpt lat="46.844396" lon="9.35328">
        <ele>1748.3</ele>
      </trkpt>
      <trkpt lat="46.844405" lon="9.353216">
        <ele>1749.0</ele>
      </trkpt>
      <trkpt lat="46.844402" lon="9.353009">
        <ele>1752.1</ele>
      </trkpt>
      <trkpt lat="46.844395" lon="9.352846">
        <ele>1753.7</ele>
      </trkpt>
      <trkpt lat="46.844401" lon="9.352705">
        <ele>1755.6</ele>
      </trkpt>
      <trkpt lat="46.844411" lon="9.352603">
        <ele>1756.9</ele>
      </trkpt>
      <trkpt lat="46.844427" lon="9.352517">
        <ele>1757.9</ele>
      </trkpt>
      <trkpt lat="46.844458" lon="9.352447">
        <ele>1758.9</ele>
      </trkpt>
      <trkpt lat="46.844501" lon="9.352405">
        <ele>1759.7</ele>
      </trkpt>
      <trkpt lat="46.844697" lon="9.352295">
        <ele>1763.1</ele>
      </trkpt>
      <trkpt lat="46.844748" lon="9.352256">
        <ele>1764.1</ele>
      </trkpt>
      <trkpt lat="46.844811" lon="9.352188">
        <ele>1765.6</ele>
      </trkpt>
      <trkpt lat="46.84486" lon="9.352143">
        <ele>1766.6</ele>
      </trkpt>
      <trkpt lat="46.844917" lon="9.352109">
        <ele>1767.9</ele>
      </trkpt>
      <trkpt lat="46.844986" lon="9.352094">
        <ele>1769.0</ele>
      </trkpt>
      <trkpt lat="46.845054" lon="9.35209">
        <ele>1770.2</ele>
      </trkpt>
      <trkpt lat="46.845093" lon="9.352064">
        <ele>1770.8</ele>
      </trkpt>
      <trkpt lat="46.845122" lon="9.352029">
        <ele>1771.1</ele>
      </trkpt>
      <trkpt lat="46.845131" lon="9.351976">
        <ele>1771.7</ele>
      </trkpt>
      <trkpt lat="46.845114" lon="9.351909">
        <ele>1772.4</ele>
      </trkpt>
      <trkpt lat="46.845087" lon="9.351814">
        <ele>1773.6</ele>
      </trkpt>
      <trkpt lat="46.845087" lon="9.351743">
        <ele>1774.1</ele>
      </trkpt>
      <trkpt lat="46.845108" lon="9.351642">
        <ele>1775.7</ele>
      </trkpt>
      <trkpt lat="46.845162" lon="9.351508">
        <ele>1777.3</ele>
      </trkpt>
      <trkpt lat="46.845192" lon="9.351443">
        <ele>1778.3</ele>
      </trkpt>
      <trkpt lat="46.845201" lon="9.351359">
        <ele>1779.3</ele>
      </trkpt>
      <trkpt lat="46.845196" lon="9.351276">
        <ele>1780.1</ele>
      </trkpt>
      <trkpt lat="46.845152" lon="9.350949">
        <ele>1784.4</ele>
      </trkpt>
      <trkpt lat="46.845143" lon="9.350839">
        <ele>1785.8</ele>
      </trkpt>
      <trkpt lat="46.84516" lon="9.350738">
        <ele>1786.7</ele>
      </trkpt>
      <trkpt lat="46.845216" lon="9.350568">
        <ele>1789.4</ele>
      </trkpt>
      <trkpt lat="46.845295" lon="9.350354">
        <ele>1792.1</ele>
      </trkpt>
      <trkpt lat="46.845349" lon="9.350225">
        <ele>1793.6</ele>
      </trkpt>
      <trkpt lat="46.84539" lon="9.350166">
        <ele>1794.6</ele>
      </trkpt>
      <trkpt lat="46.845422" lon="9.350157">
        <ele>1795.1</ele>
      </trkpt>
      <trkpt lat="46.845451" lon="9.350178">
        <ele>1795.4</ele>
      </trkpt>
      <trkpt lat="46.845467" lon="9.350229">
        <ele>1795.8</ele>
      </trkpt>
      <trkpt lat="46.845461" lon="9.350372">
        <ele>1797.2</ele>
      </trkpt>
      <trkpt lat="46.845468" lon="9.350465">
        <ele>1797.9</ele>
      </trkpt>
      <trkpt lat="46.845498" lon="9.35059">
        <ele>1799.0</ele>
      </trkpt>
      <trkpt lat="46.84553" lon="9.350717">
        <ele>1800.4</ele>
      </trkpt>
      <trkpt lat="46.845558" lon="9.350757">
        <ele>1800.9</ele>
      </trkpt>
      <trkpt lat="46.8456" lon="9.350768">
        <ele>1801.5</ele>
      </trkpt>
      <trkpt lat="46.845647" lon="9.350746">
        <ele>1802.0</ele>
      </trkpt>
      <trkpt lat="46.845706" lon="9.350697">
        <ele>1803.3</ele>
      </trkpt>
      <trkpt lat="46.845956" lon="9.350557">
        <ele>1808.3</ele>
      </trkpt>
      <trkpt lat="46.84605" lon="9.350521">
        <ele>1809.9</ele>
      </trkpt>
      <trkpt lat="46.846127" lon="9.350499">
        <ele>1811.4</ele>
      </trkpt>
      <trkpt lat="46.846199" lon="9.350487">
        <ele>1812.2</ele>
      </trkpt>
      <trkpt lat="46.846263" lon="9.350466">
        <ele>1813.1</ele>
      </trkpt>
      <trkpt lat="46.846339" lon="9.350416">
        <ele>1814.5</ele>
      </trkpt>
      <trkpt lat="46.846418" lon="9.350343">
        <ele>1816.2</ele>
      </trkpt>
      <trkpt lat="46.846465" lon="9.35033">
        <ele>1816.9</ele>
      </trkpt>
      <trkpt lat="46.846497" lon="9.350338">
        <ele>1817.5</ele>
      </trkpt>
      <trkpt lat="46.846522" lon="9.350366">
        <ele>1817.8</ele>
      </trkpt>
      <trkpt lat="46.846535" lon="9.350402">
        <ele>1818.4</ele>
      </trkpt>
      <trkpt lat="46.846539" lon="9.35046">
        <ele>1818.8</ele>
      </trkpt>
      <trkpt lat="46.846533" lon="9.350512">
        <ele>1819.3</ele>
      </trkpt>
      <trkpt lat="46.846493" lon="9.35062">
        <ele>1820.4</ele>
      </trkpt>
      <trkpt lat="46.84645" lon="9.350747">
        <ele>1822.5</ele>
      </trkpt>
      <trkpt lat="46.846436" lon="9.350801">
        <ele>1823.5</ele>
      </trkpt>
      <trkpt lat="46.846431" lon="9.350858">
        <ele>1823.8</ele>
      </trkpt>
      <trkpt lat="46.846449" lon="9.351073">
        <ele>1826.5</ele>
      </trkpt>
      <trkpt lat="46.846462" lon="9.351208">
        <ele>1828.0</ele>
      </trkpt>
      <trkpt lat="46.846464" lon="9.351268">
        <ele>1828.8</ele>
      </trkpt>
      <trkpt lat="46.846461" lon="9.351323">
        <ele>1829.1</ele>
      </trkpt>
      <trkpt lat="46.846441" lon="9.351401">
        <ele>1830.1</ele>
      </trkpt>
      <trkpt lat="46.846399" lon="9.351563">
        <ele>1832.4</ele>
      </trkpt>
      <trkpt lat="46.846391" lon="9.351603">
        <ele>1832.9</ele>
      </trkpt>
      <trkpt lat="46.846371" lon="9.351774">
        <ele>1834.8</ele>
      </trkpt>
      <trkpt lat="46.846373" lon="9.35184">
        <ele>1835.6</ele>
      </trkpt>
      <trkpt lat="46.846395" lon="9.351921">
        <ele>1837.0</ele>
      </trkpt>
      <trkpt lat="46.846423" lon="9.352043">
        <ele>1838.1</ele>
      </trkpt>
      <trkpt lat="46.846436" lon="9.352097">
        <ele>1839.1</ele>
      </trkpt>
      <trkpt lat="46.846446" lon="9.352216">
        <ele>1840.5</ele>
      </trkpt>
      <trkpt lat="46.846457" lon="9.352336">
        <ele>1841.8</ele>
      </trkpt>
      <trkpt lat="46.846472" lon="9.352418">
        <ele>1842.7</ele>
      </trkpt>
      <trkpt lat="46.846507" lon="9.352553">
        <ele>1844.4</ele>
      </trkpt>
      <trkpt lat="46.846543" lon="9.352721">
        <ele>1846.6</ele>
      </trkpt>
      <trkpt lat="46.846568" lon="9.352942">
        <ele>1849.1</ele>
      </trkpt>
      <trkpt lat="46.846568" lon="9.353023">
        <ele>1850.1</ele>
      </trkpt>
      <trkpt lat="46.84655" lon="9.353117">
        <ele>1851.4</ele>
      </trkpt>
      <trkpt lat="46.84652" lon="9.353242">
        <ele>1853.1</ele>
      </trkpt>
      <trkpt lat="46.846479" lon="9.353466">
        <ele>1856.0</ele>
      </trkpt>
      <trkpt lat="46.846438" lon="9.353667">
        <ele>1858.4</ele>
      </trkpt>
      <trkpt lat="46.84643" lon="9.353783">
        <ele>1859.8</ele>
      </trkpt>
      <trkpt lat="46.846429" lon="9.35387">
        <ele>1860.9</ele>
      </trkpt>
      <trkpt lat="46.846426" lon="9.353941">
        <ele>1861.8</ele>
      </trkpt>
      <trkpt lat="46.846412" lon="9.354028">
        <ele>1862.7</ele>
      </trkpt>
      <trkpt lat="46.846398" lon="9.354131">
        <ele>1863.9</ele>
      </trkpt>
      <trkpt lat="46.84639" lon="9.354201">
        <ele>1864.7</ele>
      </trkpt>
      <trkpt lat="46.846388" lon="9.354291">
        <ele>1865.7</ele>
      </trkpt>
      <trkpt lat="46.84639" lon="9.354398">
        <ele>1866.9</ele>
      </trkpt>
      <trkpt lat="46.8464" lon="9.354495">
        <ele>1868.3</ele>
      </trkpt>
      <trkpt lat="46.846415" lon="9.354623">
        <ele>1869.9</ele>
      </trkpt>
      <trkpt lat="46.846438" lon="9.35477">
        <ele>1871.7</ele>
      </trkpt>
      <trkpt lat="46.84646" lon="9.354927">
        <ele>1873.7</ele>
      </trkpt>
      <trkpt lat="46.84648" lon="9.355069">
        <ele>1875.1</ele>
      </trkpt>
      <trkpt lat="46.84649" lon="9.355162">
        <ele>1876.4</ele>
      </trkpt>
      <trkpt lat="46.846493" lon="9.355258">
        <ele>1877.7</ele>
      </trkpt>
      <trkpt lat="46.846485" lon="9.355388">
        <ele>1879.0</ele>
      </trkpt>
      <trkpt lat="46.846479" lon="9.355518">
        <ele>1880.7</ele>
      </trkpt>
      <trkpt lat="46.846476" lon="9.355633">
        <ele>1882.0</ele>
      </trkpt>
      <trkpt lat="46.846479" lon="9.355715">
        <ele>1882.9</ele>
      </trkpt>
      <trkpt lat="46.846491" lon="9.355815">
        <ele>1884.0</ele>
      </trkpt>
      <trkpt lat="46.846511" lon="9.355886">
        <ele>1884.6</ele>
      </trkpt>
      <trkpt lat="46.846537" lon="9.35595">
        <ele>1885.7</ele>
      </trkpt>
      <trkpt lat="46.84656" lon="9.356027">
        <ele>1886.5</ele>
      </trkpt>
      <trkpt lat="46.846575" lon="9.356103">
        <ele>1887.7</ele>
      </trkpt>
      <trkpt lat="46.846582" lon="9.356209">
        <ele>1888.7</ele>
      </trkpt>
      <trkpt lat="46.846584" lon="9.356275">
        <ele>1889.5</ele>
      </trkpt>
      <trkpt lat="46.846595" lon="9.356361">
        <ele>1890.5</ele>
      </trkpt>
      <trkpt lat="46.846608" lon="9.356424">
        <ele>1891.3</ele>
      </trkpt>
      <trkpt lat="46.846626" lon="9.35649">
        <ele>1892.2</ele>
      </trkpt>
      <trkpt lat="46.84666" lon="9.356572">
        <ele>1893.4</ele>
      </trkpt>
      <trkpt lat="46.846715" lon="9.356653">
        <ele>1894.7</ele>
      </trkpt>
      <trkpt lat="46.84675" lon="9.356702">
        <ele>1895.5</ele>
      </trkpt>
      <trkpt lat="46.846781" lon="9.356753">
        <ele>1896.3</ele>
      </trkpt>
      <trkpt lat="46.846799" lon="9.356807">
        <ele>1896.8</ele>
      </trkpt>
      <trkpt lat="46.846807" lon="9.356891">
        <ele>1897.6</ele>
      </trkpt>
      <trkpt lat="46.846809" lon="9.357004">
        <ele>1898.7</ele>
      </trkpt>
      <trkpt lat="46.846808" lon="9.357091">
        <ele>1899.4</ele>
      </trkpt>
      <trkpt lat="46.846816" lon="9.357132">
        <ele>1900.0</ele>
      </trkpt>
      <trkpt lat="46.846833" lon="9.357162">
        <ele>1900.4</ele>
      </trkpt>
      <trkpt lat="46.846849" lon="9.357172">
        <ele>1900.6</ele>
      </trkpt>
      <trkpt lat="46.84686" lon="9.357253">
        <ele>1901.5</ele>
      </trkpt>
      <trkpt lat="46.846878" lon="9.357347">
        <ele>1902.6</ele>
      </trkpt>
      <trkpt lat="46.846895" lon="9.357432">
        <ele>1903.6</ele>
      </trkpt>
      <trkpt lat="46.8469" lon="9.357512">
        <ele>1904.3</ele>
      </trkpt>
      <trkpt lat="46.846892" lon="9.35758">
        <ele>1905.0</ele>
      </trkpt>
      <trkpt lat="46.846876" lon="9.357646">
        <ele>1905.5</ele>
      </trkpt>
      <trkpt lat="46.846844" lon="9.357747">
        <ele>1906.1</ele>
      </trkpt>
      <trkpt lat="46.846821" lon="9.357828">
        <ele>1906.6</ele>
      </trkpt>
      <trkpt lat="46.846803" lon="9.35793">
        <ele>1907.4</ele>
      </trkpt>
      <trkpt lat="46.846801" lon="9.358014">
        <ele>1908.0</ele>
      </trkpt>
      <trkpt lat="46.846807" lon="9.358091">
        <ele>1908.6</ele>
      </trkpt>
      <trkpt lat="46.84682" lon="9.358158">
        <ele>1909.3</ele>
      </trkpt>
      <trkpt lat="46.846852" lon="9.358297">
        <ele>1910.5</ele>
      </trkpt>
      <trkpt lat="46.846893" lon="9.358478">
        <ele>1912.0</ele>
      </trkpt>
      <trkpt lat="46.846915" lon="9.358587">
        <ele>1913.0</ele>
      </trkpt>
      <trkpt lat="46.846919" lon="9.358642">
        <ele>1913.5</ele>
      </trkpt>
      <trkpt lat="46.846915" lon="9.3587">
        <ele>1913.8</ele>
      </trkpt>
      <trkpt lat="46.846903" lon="9.358749">
        <ele>1913.9</ele>
      </trkpt>
      <trkpt lat="46.846885" lon="9.358786">
        <ele>1914.1</ele>
      </trkpt>
      <trkpt lat="46.846824" lon="9.358873">
        <ele>1914.7</ele>
      </trkpt>
      <trkpt lat="46.846774" lon="9.358954">
        <ele>1915.0</ele>
      </trkpt>
      <trkpt lat="46.846742" lon="9.359053">
        <ele>1915.7</ele>
      </trkpt>
      <trkpt lat="46.846726" lon="9.359156">
        <ele>1916.2</ele>
      </trkpt>
      <trkpt lat="46.846731" lon="9.359274">
        <ele>1917.0</ele>
      </trkpt>
      <trkpt lat="46.846753" lon="9.3594">
        <ele>1918.1</ele>
      </trkpt>
      <trkpt lat="46.84678" lon="9.359548">
        <ele>1919.1</ele>
      </trkpt>
      <trkpt lat="46.846797" lon="9.359654">
        <ele>1920.0</ele>
      </trkpt>
      <trkpt lat="46.846799" lon="9.359741">
        <ele>1920.8</ele>
      </trkpt>
      <trkpt lat="46.846792" lon="9.359854">
        <ele>1921.9</ele>
      </trkpt>
      <trkpt lat="46.846777" lon="9.360007">
        <ele>1923.4</ele>
      </trkpt>
      <trkpt lat="46.846763" lon="9.360142">
        <ele>1924.8</ele>
      </trkpt>
      <trkpt lat="46.846751" lon="9.360269">
        <ele>1926.1</ele>
      </trkpt>
      <trkpt lat="46.846745" lon="9.360369">
        <ele>1926.8</ele>
      </trkpt>
      <trkpt lat="46.846752" lon="9.360481">
        <ele>1927.8</ele>
      </trkpt>
      <trkpt lat="46.846775" lon="9.360577">
        <ele>1928.9</ele>
      </trkpt>
      <trkpt lat="46.846819" lon="9.360665">
        <ele>1929.9</ele>
      </trkpt>
      <trkpt lat="46.846886" lon="9.36074">
        <ele>1931.1</ele>
      </trkpt>
      <trkpt lat="46.846934" lon="9.360791">
        <ele>1931.8</ele>
      </trkpt>
      <trkpt lat="46.847031" lon="9.360932">
        <ele>1933.8</ele>
      </trkpt>
      <trkpt lat="46.847135" lon="9.36108">
        <ele>1935.8</ele>
      </trkpt>
      <trkpt lat="46.847206" lon="9.361192">
        <ele>1937.1</ele>
      </trkpt>
      <trkpt lat="46.847233" lon="9.361247">
        <ele>1937.5</ele>
      </trkpt>
      <trkpt lat="46.847251" lon="9.361317">
        <ele>1938.1</ele>
      </trkpt>
      <trkpt lat="46.847255" lon="9.361384">
        <ele>1938.5</ele>
      </trkpt>
      <trkpt lat="46.847247" lon="9.361512">
        <ele>1939.5</ele>
      </trkpt>
      <trkpt lat="46.84725" lon="9.361594">
        <ele>1940.1</ele>
      </trkpt>
      <trkpt lat="46.847259" lon="9.361634">
        <ele>1940.4</ele>
      </trkpt>
      <trkpt lat="46.847267" lon="9.361668">
        <ele>1940.6</ele>
      </trkpt>
      <trkpt lat="46.847301" lon="9.361719">
        <ele>1941.2</ele>
      </trkpt>
      <trkpt lat="46.847338" lon="9.361752">
        <ele>1941.8</ele>
      </trkpt>
      <trkpt lat="46.847372" lon="9.361762">
        <ele>1942.3</ele>
      </trkpt>
      <trkpt lat="46.847405" lon="9.361757">
        <ele>1942.7</ele>
        <name>Tegia sut</name>
      </trkpt>
      <trkpt lat="46.847416" lon="9.361748">
        <ele>1942.8</ele>
      </trkpt>
      <trkpt lat="46.847444" lon="9.361783">
        <ele>1943.4</ele>
      </trkpt>
      <trkpt lat="46.847465" lon="9.361814">
        <ele>1943.9</ele>
      </trkpt>
      <trkpt lat="46.847491" lon="9.361856">
        <ele>1944.1</ele>
      </trkpt>
      <trkpt lat="46.847493" lon="9.361892">
        <ele>1944.1</ele>
      </trkpt>
      <trkpt lat="46.847472" lon="9.361938">
        <ele>1944.1</ele>
      </trkpt>
      <trkpt lat="46.847438" lon="9.361987">
        <ele>1944.5</ele>
      </trkpt>
      <trkpt lat="46.847381" lon="9.362092">
        <ele>1943.9</ele>
      </trkpt>
      <trkpt lat="46.847334" lon="9.362202">
        <ele>1943.6</ele>
      </trkpt>
      <trkpt lat="46.847305" lon="9.362381">
        <ele>1944.4</ele>
      </trkpt>
      <trkpt lat="46.847303" lon="9.362573">
        <ele>1946.0</ele>
      </trkpt>
      <trkpt lat="46.847283" lon="9.362781">
        <ele>1946.3</ele>
      </trkpt>
      <trkpt lat="46.847275" lon="9.362973">
        <ele>1945.9</ele>
      </trkpt>
      <trkpt lat="46.847289" lon="9.363116">
        <ele>1945.3</ele>
      </trkpt>
      <trkpt lat="46.847294" lon="9.363403">
        <ele>1944.4</ele>
      </trkpt>
      <trkpt lat="46.847288" lon="9.363441">
        <ele>1944.1</ele>
      </trkpt>
      <trkpt lat="46.847296" lon="9.363587">
        <ele>1943.7</ele>
      </trkpt>
      <trkpt lat="46.847299" lon="9.363681">
        <ele>1943.2</ele>
      </trkpt>
      <trkpt lat="46.847298" lon="9.363737">
        <ele>1943.2</ele>
      </trkpt>
      <trkpt lat="46.8473" lon="9.36378">
        <ele>1943.0</ele>
      </trkpt>
      <trkpt lat="46.847325" lon="9.363854">
        <ele>1943.6</ele>
      </trkpt>
      <trkpt lat="46.847334" lon="9.363916">
        <ele>1943.7</ele>
      </trkpt>
      <trkpt lat="46.847334" lon="9.363966">
        <ele>1943.8</ele>
      </trkpt>
      <trkpt lat="46.847339" lon="9.364024">
        <ele>1943.9</ele>
      </trkpt>
      <trkpt lat="46.847375" lon="9.364075">
        <ele>1944.9</ele>
      </trkpt>
      <trkpt lat="46.847393" lon="9.364176">
        <ele>1945.0</ele>
      </trkpt>
      <trkpt lat="46.847393" lon="9.364232">
        <ele>1944.9</ele>
      </trkpt>
      <trkpt lat="46.847398" lon="9.364268">
        <ele>1944.8</ele>
      </trkpt>
      <trkpt lat="46.847412" lon="9.364339">
        <ele>1945.8</ele>
      </trkpt>
      <trkpt lat="46.847411" lon="9.364379">
        <ele>1946.3</ele>
      </trkpt>
      <trkpt lat="46.847402" lon="9.364428">
        <ele>1946.1</ele>
      </trkpt>
      <trkpt lat="46.84741" lon="9.364469">
        <ele>1946.4</ele>
      </trkpt>
      <trkpt lat="46.847426" lon="9.364525">
        <ele>1946.0</ele>
      </trkpt>
      <trkpt lat="46.847424" lon="9.36461">
        <ele>1946.5</ele>
      </trkpt>
      <trkpt lat="46.847422" lon="9.364702">
        <ele>1946.1</ele>
      </trkpt>
      <trkpt lat="46.847422" lon="9.364783">
        <ele>1945.5</ele>
      </trkpt>
      <trkpt lat="46.847412" lon="9.36489">
        <ele>1945.3</ele>
      </trkpt>
      <trkpt lat="46.847416" lon="9.36496">
        <ele>1945.4</ele>
      </trkpt>
      <trkpt lat="46.84745" lon="9.365075">
        <ele>1947.0</ele>
      </trkpt>
      <trkpt lat="46.847446" lon="9.365162">
        <ele>1946.6</ele>
      </trkpt>
      <trkpt lat="46.847487" lon="9.365267">
        <ele>1948.2</ele>
      </trkpt>
      <trkpt lat="46.847512" lon="9.365367">
        <ele>1949.1</ele>
      </trkpt>
      <trkpt lat="46.847518" lon="9.365422">
        <ele>1949.7</ele>
      </trkpt>
      <trkpt lat="46.847561" lon="9.365513">
        <ele>1951.5</ele>
      </trkpt>
      <trkpt lat="46.847638" lon="9.365682">
        <ele>1953.8</ele>
      </trkpt>
      <trkpt lat="46.847667" lon="9.365717">
        <ele>1954.3</ele>
      </trkpt>
      <trkpt lat="46.847722" lon="9.365774">
        <ele>1953.7</ele>
      </trkpt>
      <trkpt lat="46.847747" lon="9.365844">
        <ele>1952.7</ele>
      </trkpt>
      <trkpt lat="46.847758" lon="9.365933">
        <ele>1951.6</ele>
      </trkpt>
      <trkpt lat="46.84777" lon="9.366095">
        <ele>1950.3</ele>
      </trkpt>
      <trkpt lat="46.847811" lon="9.36616">
        <ele>1951.1</ele>
      </trkpt>
      <trkpt lat="46.847848" lon="9.366243">
        <ele>1952.1</ele>
      </trkpt>
      <trkpt lat="46.847877" lon="9.366275">
        <ele>1952.8</ele>
      </trkpt>
      <trkpt lat="46.847886" lon="9.366313">
        <ele>1952.9</ele>
      </trkpt>
      <trkpt lat="46.847941" lon="9.366357">
        <ele>1954.6</ele>
      </trkpt>
      <trkpt lat="46.847961" lon="9.366402">
        <ele>1955.3</ele>
      </trkpt>
      <trkpt lat="46.848004" lon="9.366443">
        <ele>1956.9</ele>
      </trkpt>
      <trkpt lat="46.84802" lon="9.366486">
        <ele>1957.7</ele>
      </trkpt>
      <trkpt lat="46.848094" lon="9.366547">
        <ele>1959.7</ele>
      </trkpt>
      <trkpt lat="46.84817" lon="9.366582">
        <ele>1961.0</ele>
      </trkpt>
      <trkpt lat="46.848191" lon="9.366594">
        <ele>1961.4</ele>
      </trkpt>
      <trkpt lat="46.848204" lon="9.366614">
        <ele>1961.9</ele>
      </trkpt>
      <trkpt lat="46.84822" lon="9.366689">
        <ele>1962.8</ele>
      </trkpt>
      <trkpt lat="46.848255" lon="9.366752">
        <ele>1963.6</ele>
      </trkpt>
      <trkpt lat="46.848266" lon="9.366835">
        <ele>1964.1</ele>
      </trkpt>
      <trkpt lat="46.848327" lon="9.366892">
        <ele>1965.1</ele>
      </trkpt>
      <trkpt lat="46.848385" lon="9.366955">
        <ele>1965.7</ele>
      </trkpt>
      <trkpt lat="46.848451" lon="9.367008">
        <ele>1967.0</ele>
      </trkpt>
      <trkpt lat="46.848506" lon="9.367059">
        <ele>1967.7</ele>
      </trkpt>
      <trkpt lat="46.848568" lon="9.367103">
        <ele>1968.5</ele>
      </trkpt>
      <trkpt lat="46.848607" lon="9.367142">
        <ele>1969.0</ele>
      </trkpt>
      <trkpt lat="46.848631" lon="9.367181">
        <ele>1969.0</ele>
      </trkpt>
      <trkpt lat="46.848657" lon="9.367254">
        <ele>1970.2</ele>
      </trkpt>
      <trkpt lat="46.848704" lon="9.367303">
        <ele>1971.5</ele>
      </trkpt>
      <trkpt lat="46.848777" lon="9.367334">
        <ele>1973.2</ele>
      </trkpt>
      <trkpt lat="46.84886" lon="9.367443">
        <ele>1974.8</ele>
      </trkpt>
      <trkpt lat="46.848911" lon="9.367553">
        <ele>1976.0</ele>
      </trkpt>
      <trkpt lat="46.848933" lon="9.36764">
        <ele>1976.5</ele>
      </trkpt>
      <trkpt lat="46.848978" lon="9.3677">
        <ele>1976.9</ele>
      </trkpt>
      <trkpt lat="46.849019" lon="9.367714">
        <ele>1977.3</ele>
      </trkpt>
      <trkpt lat="46.849046" lon="9.36773">
        <ele>1977.8</ele>
      </trkpt>
      <trkpt lat="46.849056" lon="9.367783">
        <ele>1978.2</ele>
      </trkpt>
      <trkpt lat="46.849065" lon="9.367824">
        <ele>1978.6</ele>
      </trkpt>
      <trkpt lat="46.849083" lon="9.367844">
        <ele>1979.4</ele>
      </trkpt>
      <trkpt lat="46.849094" lon="9.367845">
        <ele>1979.8</ele>
      </trkpt>
      <trkpt lat="46.849109" lon="9.367847">
        <ele>1980.3</ele>
      </trkpt>
      <trkpt lat="46.849133" lon="9.36784">
        <ele>1981.1</ele>
      </trkpt>
      <trkpt lat="46.849173" lon="9.367829">
        <ele>1982.2</ele>
      </trkpt>
      <trkpt lat="46.849202" lon="9.367822">
        <ele>1982.9</ele>
      </trkpt>
      <trkpt lat="46.849224" lon="9.367803">
        <ele>1983.7</ele>
      </trkpt>
      <trkpt lat="46.849253" lon="9.367797">
        <ele>1984.4</ele>
      </trkpt>
      <trkpt lat="46.84929" lon="9.367781">
        <ele>1985.8</ele>
      </trkpt>
      <trkpt lat="46.849305" lon="9.367783">
        <ele>1986.3</ele>
      </trkpt>
      <trkpt lat="46.849336" lon="9.367765">
        <ele>1987.9</ele>
      </trkpt>
      <trkpt lat="46.84936" lon="9.367764">
        <ele>1988.6</ele>
      </trkpt>
      <trkpt lat="46.849366" lon="9.367756">
        <ele>1988.8</ele>
      </trkpt>
      <trkpt lat="46.849377" lon="9.367751">
        <ele>1989.1</ele>
      </trkpt>
      <trkpt lat="46.849389" lon="9.367758">
        <ele>1989.3</ele>
      </trkpt>
      <trkpt lat="46.849407" lon="9.367784">
        <ele>1990.0</ele>
      </trkpt>
      <trkpt lat="46.849459" lon="9.367784">
        <ele>1991.8</ele>
      </trkpt>
      <trkpt lat="46.84949" lon="9.367765">
        <ele>1993.1</ele>
      </trkpt>
      <trkpt lat="46.849512" lon="9.367737">
        <ele>1994.1</ele>
      </trkpt>
      <trkpt lat="46.849523" lon="9.367732">
        <ele>1994.4</ele>
      </trkpt>
      <trkpt lat="46.849545" lon="9.367746">
        <ele>1994.6</ele>
      </trkpt>
      <trkpt lat="46.849586" lon="9.367745">
        <ele>1996.1</ele>
      </trkpt>
      <trkpt lat="46.849645" lon="9.367742">
        <ele>1998.2</ele>
      </trkpt>
      <trkpt lat="46.849657" lon="9.367754">
        <ele>1998.4</ele>
      </trkpt>
      <trkpt lat="46.8497" lon="9.36774">
        <ele>1999.6</ele>
      </trkpt>
      <trkpt lat="46.849722" lon="9.367729">
        <ele>2000.4</ele>
      </trkpt>
      <trkpt lat="46.849768" lon="9.367681">
        <ele>2002.3</ele>
      </trkpt>
      <trkpt lat="46.84978" lon="9.367681">
        <ele>2002.4</ele>
      </trkpt>
      <trkpt lat="46.849792" lon="9.367693">
        <ele>2002.7</ele>
      </trkpt>
      <trkpt lat="46.849805" lon="9.367736">
        <ele>2003.4</ele>
      </trkpt>
      <trkpt lat="46.849828" lon="9.367761">
        <ele>2004.4</ele>
      </trkpt>
      <trkpt lat="46.849885" lon="9.367807">
        <ele>2004.5</ele>
      </trkpt>
      <trkpt lat="46.849943" lon="9.367828">
        <ele>2006.2</ele>
      </trkpt>
      <trkpt lat="46.849953" lon="9.367842">
        <ele>2006.6</ele>
      </trkpt>
      <trkpt lat="46.849963" lon="9.367883">
        <ele>2007.6</ele>
      </trkpt>
      <trkpt lat="46.849975" lon="9.367901">
        <ele>2008.1</ele>
      </trkpt>
      <trkpt lat="46.850008" lon="9.367911">
        <ele>2008.6</ele>
      </trkpt>
      <trkpt lat="46.850046" lon="9.367909">
        <ele>2009.8</ele>
      </trkpt>
      <trkpt lat="46.850098" lon="9.367893">
        <ele>2010.8</ele>
      </trkpt>
      <trkpt lat="46.850158" lon="9.367898">
        <ele>2012.3</ele>
      </trkpt>
      <trkpt lat="46.850205" lon="9.367912">
        <ele>2013.4</ele>
      </trkpt>
      <trkpt lat="46.850247" lon="9.367929">
        <ele>2014.4</ele>
      </trkpt>
      <trkpt lat="46.850301" lon="9.367944">
        <ele>2016.3</ele>
      </trkpt>
      <trkpt lat="46.850346" lon="9.367944">
        <ele>2017.4</ele>
      </trkpt>
      <trkpt lat="46.850385" lon="9.367935">
        <ele>2018.4</ele>
      </trkpt>
      <trkpt lat="46.850438" lon="9.367908">
        <ele>2019.3</ele>
      </trkpt>
      <trkpt lat="46.850501" lon="9.367869">
        <ele>2020.6</ele>
      </trkpt>
      <trkpt lat="46.850556" lon="9.367838">
        <ele>2022.2</ele>
      </trkpt>
      <trkpt lat="46.850624" lon="9.3678">
        <ele>2024.3</ele>
      </trkpt>
      <trkpt lat="46.850672" lon="9.367769">
        <ele>2025.3</ele>
      </trkpt>
      <trkpt lat="46.850714" lon="9.367733">
        <ele>2026.3</ele>
      </trkpt>
      <trkpt lat="46.850757" lon="9.367723">
        <ele>2026.9</ele>
      </trkpt>
      <trkpt lat="46.850791" lon="9.367733">
        <ele>2027.5</ele>
      </trkpt>
      <trkpt lat="46.850841" lon="9.367751">
        <ele>2028.1</ele>
      </trkpt>
      <trkpt lat="46.850894" lon="9.367753">
        <ele>2029.3</ele>
      </trkpt>
      <trkpt lat="46.850927" lon="9.367751">
        <ele>2030.0</ele>
      </trkpt>
      <trkpt lat="46.850964" lon="9.367724">
        <ele>2030.6</ele>
      </trkpt>
      <trkpt lat="46.851005" lon="9.367721">
        <ele>2031.4</ele>
      </trkpt>
      <trkpt lat="46.851039" lon="9.367723">
        <ele>2032.2</ele>
      </trkpt>
      <trkpt lat="46.851098" lon="9.36773">
        <ele>2034.3</ele>
      </trkpt>
      <trkpt lat="46.85114" lon="9.367749">
        <ele>2035.2</ele>
      </trkpt>
      <trkpt lat="46.85118" lon="9.367752">
        <ele>2036.1</ele>
      </trkpt>
      <trkpt lat="46.851229" lon="9.367745">
        <ele>2036.4</ele>
      </trkpt>
      <trkpt lat="46.851274" lon="9.367729">
        <ele>2036.5</ele>
      </trkpt>
      <trkpt lat="46.8513" lon="9.367718">
        <ele>2036.5</ele>
      </trkpt>
      <trkpt lat="46.851454" lon="9.367626">
        <ele>2036.5</ele>
      </trkpt>
      <trkpt lat="46.851563" lon="9.367573">
        <ele>2036.9</ele>
      </trkpt>
      <trkpt lat="46.851655" lon="9.367557">
        <ele>2037.2</ele>
      </trkpt>
      <trkpt lat="46.85172" lon="9.367516">
        <ele>2038.5</ele>
      </trkpt>
      <trkpt lat="46.851811" lon="9.367448">
        <ele>2040.3</ele>
      </trkpt>
      <trkpt lat="46.851848" lon="9.36737">
        <ele>2041.0</ele>
      </trkpt>
      <trkpt lat="46.851905" lon="9.367298">
        <ele>2041.1</ele>
      </trkpt>
      <trkpt lat="46.851955" lon="9.367203">
        <ele>2041.0</ele>
      </trkpt>
      <trkpt lat="46.85197" lon="9.367157">
        <ele>2041.5</ele>
      </trkpt>
      <trkpt lat="46.851996" lon="9.367128">
        <ele>2041.7</ele>
      </trkpt>
      <trkpt lat="46.852036" lon="9.367116">
        <ele>2042.6</ele>
      </trkpt>
      <trkpt lat="46.852084" lon="9.367128">
        <ele>2043.7</ele>
      </trkpt>
      <trkpt lat="46.852113" lon="9.367161">
        <ele>2044.3</ele>
      </trkpt>
      <trkpt lat="46.852126" lon="9.367204">
        <ele>2045.0</ele>
      </trkpt>
      <trkpt lat="46.852133" lon="9.367233">
        <ele>2045.5</ele>
      </trkpt>
      <trkpt lat="46.852149" lon="9.367245">
        <ele>2046.2</ele>
      </trkpt>
      <trkpt lat="46.852191" lon="9.367272">
        <ele>2047.3</ele>
      </trkpt>
      <trkpt lat="46.852243" lon="9.367293">
        <ele>2048.1</ele>
      </trkpt>
      <trkpt lat="46.852271" lon="9.367292">
        <ele>2048.0</ele>
      </trkpt>
      <trkpt lat="46.852326" lon="9.367235">
        <ele>2048.2</ele>
      </trkpt>
      <trkpt lat="46.852403" lon="9.367176">
        <ele>2049.2</ele>
      </trkpt>
      <trkpt lat="46.852453" lon="9.367154">
        <ele>2050.8</ele>
      </trkpt>
      <trkpt lat="46.852504" lon="9.36719">
        <ele>2052.5</ele>
      </trkpt>
      <trkpt lat="46.852543" lon="9.367203">
        <ele>2054.8</ele>
      </trkpt>
      <trkpt lat="46.852594" lon="9.367229">
        <ele>2056.5</ele>
      </trkpt>
      <trkpt lat="46.852669" lon="9.367236">
        <ele>2058.1</ele>
      </trkpt>
      <trkpt lat="46.852713" lon="9.367242">
        <ele>2058.7</ele>
      </trkpt>
      <trkpt lat="46.852749" lon="9.36722">
        <ele>2060.0</ele>
      </trkpt>
      <trkpt lat="46.852774" lon="9.36721">
        <ele>2060.4</ele>
      </trkpt>
      <trkpt lat="46.852802" lon="9.367182">
        <ele>2061.5</ele>
      </trkpt>
      <trkpt lat="46.852815" lon="9.36717">
        <ele>2061.8</ele>
      </trkpt>
      <trkpt lat="46.852852" lon="9.367163">
        <ele>2062.5</ele>
      </trkpt>
      <trkpt lat="46.852891" lon="9.367154">
        <ele>2063.1</ele>
      </trkpt>
      <trkpt lat="46.852925" lon="9.367131">
        <ele>2064.1</ele>
      </trkpt>
      <trkpt lat="46.852966" lon="9.367105">
        <ele>2065.1</ele>
      </trkpt>
      <trkpt lat="46.852999" lon="9.367108">
        <ele>2065.7</ele>
      </trkpt>
      <trkpt lat="46.85302" lon="9.367117">
        <ele>2066.6</ele>
      </trkpt>
      <trkpt lat="46.853042" lon="9.36716">
        <ele>2067.5</ele>
      </trkpt>
      <trkpt lat="46.853047" lon="9.36721">
        <ele>2067.3</ele>
      </trkpt>
      <trkpt lat="46.853057" lon="9.367237">
        <ele>2067.5</ele>
      </trkpt>
      <trkpt lat="46.853076" lon="9.367246">
        <ele>2068.1</ele>
      </trkpt>
      <trkpt lat="46.853125" lon="9.367238">
        <ele>2069.2</ele>
      </trkpt>
      <trkpt lat="46.853179" lon="9.367183">
        <ele>2070.9</ele>
      </trkpt>
      <trkpt lat="46.853207" lon="9.367138">
        <ele>2071.9</ele>
      </trkpt>
      <trkpt lat="46.853254" lon="9.367049">
        <ele>2074.1</ele>
      </trkpt>
      <trkpt lat="46.853288" lon="9.367">
        <ele>2074.5</ele>
      </trkpt>
      <trkpt lat="46.853315" lon="9.366965">
        <ele>2074.9</ele>
      </trkpt>
      <trkpt lat="46.853334" lon="9.366926">
        <ele>2075.5</ele>
      </trkpt>
      <trkpt lat="46.853409" lon="9.366863">
        <ele>2076.7</ele>
      </trkpt>
      <trkpt lat="46.853442" lon="9.366848">
        <ele>2076.7</ele>
      </trkpt>
      <trkpt lat="46.853502" lon="9.366758">
        <ele>2078.2</ele>
      </trkpt>
      <trkpt lat="46.853571" lon="9.366689">
        <ele>2079.4</ele>
      </trkpt>
      <trkpt lat="46.853596" lon="9.366673">
        <ele>2079.7</ele>
      </trkpt>
      <trkpt lat="46.853662" lon="9.366649">
        <ele>2080.3</ele>
      </trkpt>
      <trkpt lat="46.853717" lon="9.366631">
        <ele>2081.5</ele>
      </trkpt>
      <trkpt lat="46.853772" lon="9.366531">
        <ele>2085.0</ele>
      </trkpt>
      <trkpt lat="46.853761" lon="9.366492">
        <ele>2085.9</ele>
      </trkpt>
      <trkpt lat="46.853737" lon="9.366474">
        <ele>2086.5</ele>
      </trkpt>
      <trkpt lat="46.853728" lon="9.366408">
        <ele>2089.1</ele>
      </trkpt>
      <trkpt lat="46.853743" lon="9.366356">
        <ele>2091.3</ele>
      </trkpt>
      <trkpt lat="46.853753" lon="9.366319">
        <ele>2092.8</ele>
      </trkpt>
      <trkpt lat="46.853761" lon="9.366293">
        <ele>2093.4</ele>
      </trkpt>
      <trkpt lat="46.853772" lon="9.366255">
        <ele>2094.3</ele>
      </trkpt>
      <trkpt lat="46.853779" lon="9.366226">
        <ele>2095.0</ele>
      </trkpt>
      <trkpt lat="46.85373" lon="9.366265">
        <ele>2095.0</ele>
      </trkpt>
      <trkpt lat="46.853702" lon="9.366257">
        <ele>2095.4</ele>
      </trkpt>
      <trkpt lat="46.853651" lon="9.366245">
        <ele>2095.3</ele>
      </trkpt>
      <trkpt lat="46.853598" lon="9.366243">
        <ele>2095.0</ele>
      </trkpt>
      <trkpt lat="46.853513" lon="9.366276">
        <ele>2094.2</ele>
      </trkpt>
      <trkpt lat="46.853386" lon="9.366348">
        <ele>2093.0</ele>
      </trkpt>
      <trkpt lat="46.853313" lon="9.366386">
        <ele>2092.5</ele>
      </trkpt>
      <trkpt lat="46.853216" lon="9.366413">
        <ele>2091.8</ele>
      </trkpt>
      <trkpt lat="46.853151" lon="9.366422">
        <ele>2091.4</ele>
      </trkpt>
      <trkpt lat="46.853095" lon="9.366392">
        <ele>2091.7</ele>
      </trkpt>
      <trkpt lat="46.853074" lon="9.366379">
        <ele>2091.5</ele>
      </trkpt>
      <trkpt lat="46.853058" lon="9.366361">
        <ele>2091.8</ele>
      </trkpt>
      <trkpt lat="46.853037" lon="9.366348">
        <ele>2091.5</ele>
      </trkpt>
      <trkpt lat="46.852992" lon="9.366329">
        <ele>2090.5</ele>
      </trkpt>
      <trkpt lat="46.852971" lon="9.366299">
        <ele>2090.5</ele>
      </trkpt>
      <trkpt lat="46.852953" lon="9.366246">
        <ele>2091.0</ele>
      </trkpt>
      <trkpt lat="46.8529" lon="9.366102">
        <ele>2091.0</ele>
      </trkpt>
      <trkpt lat="46.852864" lon="9.366">
        <ele>2089.8</ele>
      </trkpt>
      <trkpt lat="46.852847" lon="9.365901">
        <ele>2089.8</ele>
      </trkpt>
      <trkpt lat="46.852841" lon="9.365856">
        <ele>2089.5</ele>
      </trkpt>
      <trkpt lat="46.85282" lon="9.365822">
        <ele>2088.9</ele>
      </trkpt>
      <trkpt lat="46.852792" lon="9.365792">
        <ele>2089.5</ele>
      </trkpt>
      <trkpt lat="46.852746" lon="9.365755">
        <ele>2089.7</ele>
      </trkpt>
      <trkpt lat="46.852717" lon="9.365714">
        <ele>2089.7</ele>
      </trkpt>
      <trkpt lat="46.852697" lon="9.365642">
        <ele>2090.3</ele>
      </trkpt>
      <trkpt lat="46.852703" lon="9.365578">
        <ele>2091.5</ele>
      </trkpt>
      <trkpt lat="46.852661" lon="9.365529">
        <ele>2091.7</ele>
      </trkpt>
      <trkpt lat="46.852651" lon="9.365447">
        <ele>2092.9</ele>
      </trkpt>
      <trkpt lat="46.852634" lon="9.365426">
        <ele>2092.6</ele>
      </trkpt>
      <trkpt lat="46.85262" lon="9.365368">
        <ele>2092.6</ele>
      </trkpt>
      <trkpt lat="46.852632" lon="9.365303">
        <ele>2093.6</ele>
      </trkpt>
      <trkpt lat="46.852608" lon="9.365208">
        <ele>2094.3</ele>
      </trkpt>
      <trkpt lat="46.852585" lon="9.365121">
        <ele>2095.3</ele>
      </trkpt>
      <trkpt lat="46.852578" lon="9.365027">
        <ele>2096.0</ele>
      </trkpt>
      <trkpt lat="46.852579" lon="9.364984">
        <ele>2096.3</ele>
      </trkpt>
      <trkpt lat="46.852592" lon="9.364879">
        <ele>2098.4</ele>
      </trkpt>
      <trkpt lat="46.852577" lon="9.364808">
        <ele>2099.8</ele>
      </trkpt>
      <trkpt lat="46.852556" lon="9.364745">
        <ele>2101.1</ele>
      </trkpt>
      <trkpt lat="46.852553" lon="9.364651">
        <ele>2102.9</ele>
      </trkpt>
      <trkpt lat="46.85254" lon="9.364593">
        <ele>2103.6</ele>
      </trkpt>
      <trkpt lat="46.852545" lon="9.36448">
        <ele>2105.6</ele>
      </trkpt>
      <trkpt lat="46.852526" lon="9.364424">
        <ele>2106.0</ele>
      </trkpt>
      <trkpt lat="46.852522" lon="9.364317">
        <ele>2107.0</ele>
      </trkpt>
      <trkpt lat="46.852499" lon="9.364241">
        <ele>2107.4</ele>
      </trkpt>
      <trkpt lat="46.852479" lon="9.364215">
        <ele>2107.4</ele>
      </trkpt>
      <trkpt lat="46.852473" lon="9.364103">
        <ele>2108.0</ele>
      </trkpt>
      <trkpt lat="46.852461" lon="9.364053">
        <ele>2108.3</ele>
      </trkpt>
      <trkpt lat="46.852456" lon="9.363946">
        <ele>2109.3</ele>
      </trkpt>
      <trkpt lat="46.85243" lon="9.363897">
        <ele>2109.3</ele>
      </trkpt>
      <trkpt lat="46.85242" lon="9.363774">
        <ele>2109.8</ele>
      </trkpt>
      <trkpt lat="46.852393" lon="9.363715">
        <ele>2109.8</ele>
      </trkpt>
      <trkpt lat="46.852392" lon="9.363615">
        <ele>2110.3</ele>
      </trkpt>
      <trkpt lat="46.852367" lon="9.363456">
        <ele>2111.1</ele>
      </trkpt>
      <trkpt lat="46.852361" lon="9.363274">
        <ele>2111.7</ele>
      </trkpt>
      <trkpt lat="46.852342" lon="9.363186">
        <ele>2111.4</ele>
      </trkpt>
      <trkpt lat="46.852346" lon="9.363087">
        <ele>2110.8</ele>
      </trkpt>
      <trkpt lat="46.85234" lon="9.363007">
        <ele>2109.9</ele>
      </trkpt>
      <trkpt lat="46.852353" lon="9.36294">
        <ele>2109.3</ele>
      </trkpt>
      <trkpt lat="46.852354" lon="9.3629">
        <ele>2108.8</ele>
      </trkpt>
      <trkpt lat="46.852363" lon="9.362837">
        <ele>2108.6</ele>
      </trkpt>
      <trkpt lat="46.852362" lon="9.362775">
        <ele>2107.8</ele>
      </trkpt>
      <trkpt lat="46.852368" lon="9.362692">
        <ele>2107.3</ele>
      </trkpt>
      <trkpt lat="46.852361" lon="9.362588">
        <ele>2106.4</ele>
      </trkpt>
      <trkpt lat="46.852349" lon="9.362498">
        <ele>2105.7</ele>
      </trkpt>
      <trkpt lat="46.852335" lon="9.362448">
        <ele>2105.5</ele>
      </trkpt>
      <trkpt lat="46.852303" lon="9.362393">
        <ele>2104.9</ele>
      </trkpt>
      <trkpt lat="46.852288" lon="9.362286">
        <ele>2103.7</ele>
      </trkpt>
      <trkpt lat="46.852293" lon="9.362187">
        <ele>2102.9</ele>
      </trkpt>
      <trkpt lat="46.852297" lon="9.362118">
        <ele>2102.5</ele>
      </trkpt>
      <trkpt lat="46.852286" lon="9.362078">
        <ele>2102.1</ele>
      </trkpt>
      <trkpt lat="46.85225" lon="9.362023">
        <ele>2101.2</ele>
      </trkpt>
      <trkpt lat="46.852224" lon="9.361952">
        <ele>2100.7</ele>
      </trkpt>
      <trkpt lat="46.852203" lon="9.361905">
        <ele>2100.4</ele>
      </trkpt>
      <trkpt lat="46.852172" lon="9.361821">
        <ele>2100.9</ele>
      </trkpt>
      <trkpt lat="46.85215" lon="9.361766">
        <ele>2100.6</ele>
      </trkpt>
      <trkpt lat="46.852133" lon="9.361712">
        <ele>2100.7</ele>
      </trkpt>
      <trkpt lat="46.852115" lon="9.361649">
        <ele>2100.2</ele>
      </trkpt>
      <trkpt lat="46.852102" lon="9.36159">
        <ele>2099.8</ele>
      </trkpt>
      <trkpt lat="46.852091" lon="9.361526">
        <ele>2099.7</ele>
      </trkpt>
      <trkpt lat="46.852084" lon="9.361485">
        <ele>2099.9</ele>
      </trkpt>
      <trkpt lat="46.852074" lon="9.361436">
        <ele>2100.0</ele>
      </trkpt>
      <trkpt lat="46.852052" lon="9.361402">
        <ele>2100.1</ele>
      </trkpt>
      <trkpt lat="46.852039" lon="9.361346">
        <ele>2100.5</ele>
      </trkpt>
      <trkpt lat="46.852019" lon="9.361319">
        <ele>2100.6</ele>
      </trkpt>
      <trkpt lat="46.852002" lon="9.361269">
        <ele>2100.9</ele>
      </trkpt>
      <trkpt lat="46.852003" lon="9.361191">
        <ele>2101.4</ele>
      </trkpt>
      <trkpt lat="46.85199" lon="9.361115">
        <ele>2101.4</ele>
      </trkpt>
      <trkpt lat="46.851975" lon="9.361075">
        <ele>2101.2</ele>
      </trkpt>
      <trkpt lat="46.851935" lon="9.361013">
        <ele>2100.9</ele>
      </trkpt>
      <trkpt lat="46.851908" lon="9.360935">
        <ele>2100.8</ele>
      </trkpt>
      <trkpt lat="46.851914" lon="9.360856">
        <ele>2100.9</ele>
      </trkpt>
      <trkpt lat="46.851875" lon="9.360768">
        <ele>2100.4</ele>
      </trkpt>
      <trkpt lat="46.851855" lon="9.360646">
        <ele>2100.1</ele>
      </trkpt>
      <trkpt lat="46.851834" lon="9.360505">
        <ele>2099.7</ele>
      </trkpt>
      <trkpt lat="46.851812" lon="9.360385">
        <ele>2099.3</ele>
      </trkpt>
      <trkpt lat="46.851798" lon="9.36026">
        <ele>2099.3</ele>
      </trkpt>
      <trkpt lat="46.851781" lon="9.360164">
        <ele>2099.7</ele>
      </trkpt>
      <trkpt lat="46.851758" lon="9.360096">
        <ele>2100.0</ele>
      </trkpt>
      <trkpt lat="46.851721" lon="9.360031">
        <ele>2100.2</ele>
      </trkpt>
      <trkpt lat="46.851687" lon="9.359934">
        <ele>2100.1</ele>
      </trkpt>
      <trkpt lat="46.851678" lon="9.359809">
        <ele>2100.4</ele>
      </trkpt>
      <trkpt lat="46.851658" lon="9.359692">
        <ele>2100.3</ele>
      </trkpt>
      <trkpt lat="46.85165" lon="9.35962">
        <ele>2100.2</ele>
      </trkpt>
      <trkpt lat="46.851651" lon="9.359516">
        <ele>2100.9</ele>
      </trkpt>
      <trkpt lat="46.851626" lon="9.359328">
        <ele>2102.2</ele>
      </trkpt>
      <trkpt lat="46.851593" lon="9.359228">
        <ele>2102.7</ele>
      </trkpt>
      <trkpt lat="46.851584" lon="9.359143">
        <ele>2102.9</ele>
      </trkpt>
      <trkpt lat="46.851565" lon="9.359078">
        <ele>2103.0</ele>
      </trkpt>
      <trkpt lat="46.851527" lon="9.359027">
        <ele>2103.1</ele>
      </trkpt>
      <trkpt lat="46.851505" lon="9.358977">
        <ele>2103.6</ele>
      </trkpt>
      <trkpt lat="46.851453" lon="9.358892">
        <ele>2103.7</ele>
      </trkpt>
      <trkpt lat="46.851369" lon="9.358804">
        <ele>2103.4</ele>
      </trkpt>
      <trkpt lat="46.851317" lon="9.35878">
        <ele>2102.6</ele>
      </trkpt>
      <trkpt lat="46.851287" lon="9.35878">
        <ele>2101.7</ele>
      </trkpt>
      <trkpt lat="46.85125" lon="9.358769">
        <ele>2101.0</ele>
      </trkpt>
      <trkpt lat="46.851223" lon="9.358702">
        <ele>2100.4</ele>
      </trkpt>
      <trkpt lat="46.851212" lon="9.35862">
        <ele>2100.2</ele>
      </trkpt>
      <trkpt lat="46.85118" lon="9.358616">
        <ele>2099.5</ele>
      </trkpt>
      <trkpt lat="46.851152" lon="9.358589">
        <ele>2098.8</ele>
      </trkpt>
      <trkpt lat="46.851123" lon="9.358537">
        <ele>2098.1</ele>
      </trkpt>
      <trkpt lat="46.851103" lon="9.358468">
        <ele>2097.8</ele>
      </trkpt>
      <trkpt lat="46.851098" lon="9.358354">
        <ele>2097.6</ele>
      </trkpt>
      <trkpt lat="46.851105" lon="9.358245">
        <ele>2096.8</ele>
      </trkpt>
      <trkpt lat="46.851114" lon="9.358154">
        <ele>2096.4</ele>
      </trkpt>
      <trkpt lat="46.851113" lon="9.35808">
        <ele>2095.5</ele>
      </trkpt>
      <trkpt lat="46.851093" lon="9.358034">
        <ele>2095.2</ele>
      </trkpt>
      <trkpt lat="46.851064" lon="9.358014">
        <ele>2094.4</ele>
      </trkpt>
      <trkpt lat="46.851036" lon="9.35802">
        <ele>2093.7</ele>
      </trkpt>
      <trkpt lat="46.851009" lon="9.358043">
        <ele>2093.3</ele>
      </trkpt>
      <trkpt lat="46.850968" lon="9.358103">
        <ele>2092.3</ele>
      </trkpt>
      <trkpt lat="46.850933" lon="9.358165">
        <ele>2091.7</ele>
      </trkpt>
      <trkpt lat="46.850875" lon="9.358257">
        <ele>2090.3</ele>
      </trkpt>
      <trkpt lat="46.850801" lon="9.358373">
        <ele>2089.2</ele>
      </trkpt>
      <trkpt lat="46.850747" lon="9.358452">
        <ele>2088.3</ele>
      </trkpt>
      <trkpt lat="46.850676" lon="9.358567">
        <ele>2087.0</ele>
      </trkpt>
      <trkpt lat="46.850616" lon="9.35866">
        <ele>2085.7</ele>
      </trkpt>
      <trkpt lat="46.850578" lon="9.35873">
        <ele>2085.2</ele>
      </trkpt>
      <trkpt lat="46.850559" lon="9.358797">
        <ele>2084.5</ele>
      </trkpt>
      <trkpt lat="46.850561" lon="9.358866">
        <ele>2083.9</ele>
      </trkpt>
      <trkpt lat="46.850597" lon="9.358975">
        <ele>2082.5</ele>
      </trkpt>
      <trkpt lat="46.850655" lon="9.359092">
        <ele>2081.0</ele>
      </trkpt>
      <trkpt lat="46.850677" lon="9.359161">
        <ele>2080.2</ele>
      </trkpt>
      <trkpt lat="46.850693" lon="9.359234">
        <ele>2079.7</ele>
      </trkpt>
      <trkpt lat="46.850705" lon="9.359342">
        <ele>2078.7</ele>
      </trkpt>
      <trkpt lat="46.850706" lon="9.359428">
        <ele>2077.7</ele>
      </trkpt>
      <trkpt lat="46.850681" lon="9.359492">
        <ele>2076.7</ele>
      </trkpt>
      <trkpt lat="46.850654" lon="9.359503">
        <ele>2076.3</ele>
      </trkpt>
      <trkpt lat="46.850607" lon="9.359477">
        <ele>2075.5</ele>
      </trkpt>
      <trkpt lat="46.850568" lon="9.359391">
        <ele>2074.6</ele>
      </trkpt>
      <trkpt lat="46.850549" lon="9.359337">
        <ele>2074.1</ele>
      </trkpt>
      <trkpt lat="46.850529" lon="9.359296">
        <ele>2073.4</ele>
      </trkpt>
      <trkpt lat="46.850495" lon="9.359264">
        <ele>2072.9</ele>
      </trkpt>
      <trkpt lat="46.850433" lon="9.359227">
        <ele>2072.1</ele>
      </trkpt>
      <trkpt lat="46.850344" lon="9.359165">
        <ele>2070.9</ele>
      </trkpt>
      <trkpt lat="46.850277" lon="9.3591">
        <ele>2069.9</ele>
      </trkpt>
      <trkpt lat="46.850249" lon="9.359058">
        <ele>2069.2</ele>
      </trkpt>
      <trkpt lat="46.850224" lon="9.358988">
        <ele>2068.5</ele>
      </trkpt>
      <trkpt lat="46.850197" lon="9.358835">
        <ele>2067.2</ele>
      </trkpt>
      <trkpt lat="46.850179" lon="9.358774">
        <ele>2066.5</ele>
      </trkpt>
      <trkpt lat="46.850145" lon="9.358713">
        <ele>2065.8</ele>
      </trkpt>
      <trkpt lat="46.8501" lon="9.358656">
        <ele>2065.2</ele>
      </trkpt>
      <trkpt lat="46.85007" lon="9.35861">
        <ele>2064.4</ele>
      </trkpt>
      <trkpt lat="46.850039" lon="9.358559">
        <ele>2063.6</ele>
      </trkpt>
      <trkpt lat="46.849997" lon="9.358498">
        <ele>2062.6</ele>
      </trkpt>
      <trkpt lat="46.849893" lon="9.358366">
        <ele>2060.9</ele>
      </trkpt>
      <trkpt lat="46.849855" lon="9.358311">
        <ele>2059.9</ele>
      </trkpt>
      <trkpt lat="46.849816" lon="9.358282">
        <ele>2059.5</ele>
      </trkpt>
      <trkpt lat="46.849763" lon="9.358277">
        <ele>2058.6</ele>
      </trkpt>
      <trkpt lat="46.849718" lon="9.358295">
        <ele>2058.2</ele>
      </trkpt>
      <trkpt lat="46.84964" lon="9.358333">
        <ele>2057.1</ele>
      </trkpt>
      <trkpt lat="46.849584" lon="9.35832">
        <ele>2056.2</ele>
      </trkpt>
      <trkpt lat="46.849544" lon="9.358287">
        <ele>2055.3</ele>
      </trkpt>
      <trkpt lat="46.849511" lon="9.358246">
        <ele>2054.8</ele>
      </trkpt>
      <trkpt lat="46.849475" lon="9.358171">
        <ele>2053.9</ele>
      </trkpt>
      <trkpt lat="46.84943" lon="9.358057">
        <ele>2052.5</ele>
      </trkpt>
      <trkpt lat="46.849377" lon="9.357887">
        <ele>2050.7</ele>
      </trkpt>
      <trkpt lat="46.849349" lon="9.3578">
        <ele>2049.9</ele>
      </trkpt>
      <trkpt lat="46.84933" lon="9.357713">
        <ele>2049.0</ele>
      </trkpt>
      <trkpt lat="46.849314" lon="9.357565">
        <ele>2047.3</ele>
      </trkpt>
      <trkpt lat="46.849307" lon="9.357469">
        <ele>2046.7</ele>
      </trkpt>
      <trkpt lat="46.849302" lon="9.357363">
        <ele>2045.4</ele>
      </trkpt>
      <trkpt lat="46.849298" lon="9.357287">
        <ele>2045.3</ele>
      </trkpt>
      <trkpt lat="46.849301" lon="9.357176">
        <ele>2043.7</ele>
      </trkpt>
      <trkpt lat="46.849306" lon="9.357105">
        <ele>2043.0</ele>
      </trkpt>
      <trkpt lat="46.849308" lon="9.357">
        <ele>2041.9</ele>
      </trkpt>
      <trkpt lat="46.849311" lon="9.356879">
        <ele>2040.9</ele>
      </trkpt>
      <trkpt lat="46.849316" lon="9.356791">
        <ele>2039.9</ele>
      </trkpt>
      <trkpt lat="46.849333" lon="9.356696">
        <ele>2039.6</ele>
      </trkpt>
      <trkpt lat="46.849344" lon="9.356599">
        <ele>2038.2</ele>
      </trkpt>
      <trkpt lat="46.849353" lon="9.356446">
        <ele>2037.2</ele>
      </trkpt>
      <trkpt lat="46.849358" lon="9.356346">
        <ele>2036.6</ele>
      </trkpt>
      <trkpt lat="46.849372" lon="9.356256">
        <ele>2035.8</ele>
      </trkpt>
      <trkpt lat="46.849389" lon="9.35617">
        <ele>2035.3</ele>
      </trkpt>
      <trkpt lat="46.849417" lon="9.355991">
        <ele>2034.7</ele>
      </trkpt>
      <trkpt lat="46.849431" lon="9.355908">
        <ele>2034.7</ele>
      </trkpt>
      <trkpt lat="46.849461" lon="9.355777">
        <ele>2034.1</ele>
      </trkpt>
      <trkpt lat="46.849471" lon="9.355678">
        <ele>2033.6</ele>
      </trkpt>
      <trkpt lat="46.849471" lon="9.355549">
        <ele>2033.0</ele>
      </trkpt>
      <trkpt lat="46.849468" lon="9.355427">
        <ele>2032.0</ele>
      </trkpt>
      <trkpt lat="46.849464" lon="9.355366">
        <ele>2031.5</ele>
      </trkpt>
      <trkpt lat="46.849453" lon="9.355267">
        <ele>2030.4</ele>
      </trkpt>
      <trkpt lat="46.849439" lon="9.355166">
        <ele>2029.2</ele>
      </trkpt>
      <trkpt lat="46.849418" lon="9.355056">
        <ele>2028.0</ele>
      </trkpt>
      <trkpt lat="46.849411" lon="9.354978">
        <ele>2027.9</ele>
      </trkpt>
      <trkpt lat="46.849407" lon="9.354877">
        <ele>2026.9</ele>
      </trkpt>
      <trkpt lat="46.849411" lon="9.354732">
        <ele>2025.2</ele>
      </trkpt>
      <trkpt lat="46.849413" lon="9.354606">
        <ele>2023.6</ele>
      </trkpt>
      <trkpt lat="46.849407" lon="9.35446">
        <ele>2021.7</ele>
      </trkpt>
      <trkpt lat="46.849403" lon="9.354341">
        <ele>2020.7</ele>
      </trkpt>
      <trkpt lat="46.84941" lon="9.354174">
        <ele>2018.9</ele>
      </trkpt>
      <trkpt lat="46.84941" lon="9.354044">
        <ele>2017.5</ele>
      </trkpt>
      <trkpt lat="46.849407" lon="9.353882">
        <ele>2015.5</ele>
      </trkpt>
      <trkpt lat="46.84941" lon="9.353782">
        <ele>2014.5</ele>
      </trkpt>
      <trkpt lat="46.849414" lon="9.353693">
        <ele>2013.9</ele>
      </trkpt>
      <trkpt lat="46.849422" lon="9.353603">
        <ele>2012.3</ele>
      </trkpt>
      <trkpt lat="46.849431" lon="9.353523">
        <ele>2011.8</ele>
      </trkpt>
      <trkpt lat="46.849455" lon="9.353345">
        <ele>2009.9</ele>
      </trkpt>
      <trkpt lat="46.84946" lon="9.353207">
        <ele>2008.2</ele>
      </trkpt>
      <trkpt lat="46.849447" lon="9.353102">
        <ele>2007.0</ele>
      </trkpt>
      <trkpt lat="46.849438" lon="9.353024">
        <ele>2006.3</ele>
      </trkpt>
      <trkpt lat="46.849433" lon="9.352894">
        <ele>2004.5</ele>
      </trkpt>
      <trkpt lat="46.849428" lon="9.352743">
        <ele>2003.6</ele>
      </trkpt>
      <trkpt lat="46.849418" lon="9.352606">
        <ele>2001.3</ele>
      </trkpt>
      <trkpt lat="46.849403" lon="9.352428">
        <ele>1999.3</ele>
      </trkpt>
      <trkpt lat="46.849406" lon="9.352291">
        <ele>1997.9</ele>
      </trkpt>
      <trkpt lat="46.849417" lon="9.35216">
        <ele>1996.8</ele>
      </trkpt>
      <trkpt lat="46.849428" lon="9.352086">
        <ele>1996.1</ele>
      </trkpt>
      <trkpt lat="46.849451" lon="9.352006">
        <ele>1995.3</ele>
      </trkpt>
      <trkpt lat="46.849493" lon="9.351887">
        <ele>1993.8</ele>
      </trkpt>
      <trkpt lat="46.849518" lon="9.351783">
        <ele>1992.9</ele>
      </trkpt>
      <trkpt lat="46.849526" lon="9.351713">
        <ele>1992.1</ele>
      </trkpt>
      <trkpt lat="46.849531" lon="9.351641">
        <ele>1991.4</ele>
      </trkpt>
      <trkpt lat="46.849546" lon="9.351581">
        <ele>1991.0</ele>
      </trkpt>
      <trkpt lat="46.849573" lon="9.351538">
        <ele>1990.0</ele>
      </trkpt>
      <trkpt lat="46.849621" lon="9.351499">
        <ele>1989.2</ele>
      </trkpt>
      <trkpt lat="46.849691" lon="9.351445">
        <ele>1988.7</ele>
      </trkpt>
      <trkpt lat="46.849724" lon="9.351425">
        <ele>1987.9</ele>
      </trkpt>
      <trkpt lat="46.849764" lon="9.351406">
        <ele>1987.3</ele>
      </trkpt>
      <trkpt lat="46.849797" lon="9.351385">
        <ele>1987.0</ele>
      </trkpt>
      <trkpt lat="46.849821" lon="9.35135">
        <ele>1986.7</ele>
      </trkpt>
      <trkpt lat="46.849831" lon="9.351309">
        <ele>1986.5</ele>
      </trkpt>
      <trkpt lat="46.84983" lon="9.351267">
        <ele>1986.0</ele>
      </trkpt>
      <trkpt lat="46.849819" lon="9.351242">
        <ele>1985.6</ele>
      </trkpt>
      <trkpt lat="46.849799" lon="9.351219">
        <ele>1985.3</ele>
      </trkpt>
      <trkpt lat="46.849779" lon="9.351214">
        <ele>1985.1</ele>
      </trkpt>
      <trkpt lat="46.849754" lon="9.351229">
        <ele>1984.9</ele>
      </trkpt>
      <trkpt lat="46.84972" lon="9.351267">
        <ele>1984.2</ele>
      </trkpt>
      <trkpt lat="46.849674" lon="9.351312">
        <ele>1983.8</ele>
      </trkpt>
      <trkpt lat="46.84963" lon="9.351341">
        <ele>1983.5</ele>
      </trkpt>
      <trkpt lat="46.849582" lon="9.351361">
        <ele>1983.2</ele>
      </trkpt>
      <trkpt lat="46.849515" lon="9.351376">
        <ele>1982.3</ele>
      </trkpt>
      <trkpt lat="46.849464" lon="9.35139">
        <ele>1981.6</ele>
      </trkpt>
      <trkpt lat="46.849422" lon="9.351415">
        <ele>1981.2</ele>
      </trkpt>
      <trkpt lat="46.849382" lon="9.351452">
        <ele>1980.7</ele>
      </trkpt>
      <trkpt lat="46.84936" lon="9.351483">
        <ele>1980.5</ele>
      </trkpt>
      <trkpt lat="46.849344" lon="9.351505">
        <ele>1980.1</ele>
      </trkpt>
      <trkpt lat="46.84931" lon="9.351551">
        <ele>1979.3</ele>
      </trkpt>
      <trkpt lat="46.849273" lon="9.351591">
        <ele>1978.9</ele>
      </trkpt>
      <trkpt lat="46.849202" lon="9.351635">
        <ele>1978.2</ele>
      </trkpt>
      <trkpt lat="46.849134" lon="9.351685">
        <ele>1977.2</ele>
      </trkpt>
      <trkpt lat="46.849074" lon="9.351727">
        <ele>1976.8</ele>
      </trkpt>
      <trkpt lat="46.849011" lon="9.351759">
        <ele>1975.9</ele>
      </trkpt>
      <trkpt lat="46.848954" lon="9.351776">
        <ele>1974.9</ele>
      </trkpt>
      <trkpt lat="46.848871" lon="9.351801">
        <ele>1973.8</ele>
      </trkpt>
      <trkpt lat="46.848904" lon="9.351763">
        <ele>1974.2</ele>
      </trkpt>
      <trkpt lat="46.848911" lon="9.351756">
        <ele>1974.2</ele>
      </trkpt>
      <trkpt lat="46.848931" lon="9.351737">
        <ele>1974.2</ele>
      </trkpt>
      <trkpt lat="46.848982" lon="9.351712">
        <ele>1974.4</ele>
      </trkpt>
      <trkpt lat="46.849043" lon="9.351663">
        <ele>1974.2</ele>
      </trkpt>
      <trkpt lat="46.849116" lon="9.351588">
        <ele>1974.3</ele>
      </trkpt>
      <trkpt lat="46.849195" lon="9.351515">
        <ele>1974.5</ele>
      </trkpt>
      <trkpt lat="46.849231" lon="9.351458">
        <ele>1973.7</ele>
      </trkpt>
      <trkpt lat="46.849266" lon="9.351379">
        <ele>1974.4</ele>
      </trkpt>
      <trkpt lat="46.849319" lon="9.351304">
        <ele>1974.2</ele>
      </trkpt>
      <trkpt lat="46.84939" lon="9.351253">
        <ele>1975.0</ele>
      </trkpt>
      <trkpt lat="46.849505" lon="9.351206">
        <ele>1974.6</ele>
      </trkpt>
      <trkpt lat="46.849543" lon="9.351166">
        <ele>1974.2</ele>
      </trkpt>
      <trkpt lat="46.849572" lon="9.351092">
        <ele>1974.2</ele>
      </trkpt>
      <trkpt lat="46.849609" lon="9.35101">
        <ele>1974.7</ele>
      </trkpt>
      <trkpt lat="46.84965" lon="9.350946">
        <ele>1974.6</ele>
      </trkpt>
      <trkpt lat="46.849693" lon="9.350919">
        <ele>1975.0</ele>
      </trkpt>
      <trkpt lat="46.84977" lon="9.350914">
        <ele>1975.2</ele>
      </trkpt>
      <trkpt lat="46.849806" lon="9.350905">
        <ele>1974.8</ele>
      </trkpt>
      <trkpt lat="46.849858" lon="9.350864">
        <ele>1975.1</ele>
      </trkpt>
      <trkpt lat="46.849928" lon="9.350813">
        <ele>1975.1</ele>
      </trkpt>
      <trkpt lat="46.849969" lon="9.35079">
        <ele>1975.2</ele>
      </trkpt>
      <trkpt lat="46.850036" lon="9.350766">
        <ele>1975.4</ele>
      </trkpt>
      <trkpt lat="46.850091" lon="9.35078">
        <ele>1975.7</ele>
      </trkpt>
      <trkpt lat="46.850204" lon="9.35084">
        <ele>1975.6</ele>
      </trkpt>
      <trkpt lat="46.850268" lon="9.350884">
        <ele>1975.8</ele>
      </trkpt>
      <trkpt lat="46.850305" lon="9.350898">
        <ele>1976.1</ele>
      </trkpt>
      <trkpt lat="46.850327" lon="9.350891">
        <ele>1976.2</ele>
      </trkpt>
      <trkpt lat="46.850362" lon="9.350858">
        <ele>1977.2</ele>
      </trkpt>
      <trkpt lat="46.850394" lon="9.350789">
        <ele>1977.0</ele>
      </trkpt>
      <trkpt lat="46.850436" lon="9.350693">
        <ele>1978.5</ele>
      </trkpt>
      <trkpt lat="46.850466" lon="9.350638">
        <ele>1978.7</ele>
      </trkpt>
      <trkpt lat="46.850512" lon="9.350603">
        <ele>1979.6</ele>
      </trkpt>
      <trkpt lat="46.850582" lon="9.350578">
        <ele>1980.8</ele>
      </trkpt>
      <trkpt lat="46.850644" lon="9.350556">
        <ele>1981.8</ele>
      </trkpt>
      <trkpt lat="46.850712" lon="9.350513">
        <ele>1983.3</ele>
      </trkpt>
      <trkpt lat="46.850804" lon="9.350487">
        <ele>1985.0</ele>
      </trkpt>
      <trkpt lat="46.850891" lon="9.350473">
        <ele>1986.6</ele>
      </trkpt>
      <trkpt lat="46.851006" lon="9.350477">
        <ele>1988.5</ele>
      </trkpt>
      <trkpt lat="46.851056" lon="9.350452">
        <ele>1989.5</ele>
      </trkpt>
      <trkpt lat="46.851106" lon="9.350439">
        <ele>1990.6</ele>
      </trkpt>
      <trkpt lat="46.851201" lon="9.350447">
        <ele>1992.2</ele>
      </trkpt>
      <trkpt lat="46.851273" lon="9.350443">
        <ele>1993.3</ele>
      </trkpt>
      <trkpt lat="46.851332" lon="9.35042">
        <ele>1994.3</ele>
      </trkpt>
      <trkpt lat="46.851362" lon="9.35038">
        <ele>1994.7</ele>
      </trkpt>
      <trkpt lat="46.851377" lon="9.350325">
        <ele>1995.8</ele>
      </trkpt>
      <trkpt lat="46.851372" lon="9.350223">
        <ele>1997.4</ele>
      </trkpt>
      <trkpt lat="46.851384" lon="9.350177">
        <ele>1998.1</ele>
      </trkpt>
      <trkpt lat="46.851408" lon="9.350144">
        <ele>1998.4</ele>
      </trkpt>
      <trkpt lat="46.851535" lon="9.350136">
        <ele>2000.7</ele>
      </trkpt>
      <trkpt lat="46.85161" lon="9.350139">
        <ele>2002.4</ele>
      </trkpt>
      <trkpt lat="46.851682" lon="9.350166">
        <ele>2003.4</ele>
      </trkpt>
      <trkpt lat="46.85179" lon="9.350209">
        <ele>2005.2</ele>
      </trkpt>
      <trkpt lat="46.851833" lon="9.350206">
        <ele>2005.5</ele>
      </trkpt>
      <trkpt lat="46.85191" lon="9.350191">
        <ele>2005.6</ele>
      </trkpt>
      <trkpt lat="46.851947" lon="9.350182">
        <ele>2005.6</ele>
      </trkpt>
      <trkpt lat="46.852" lon="9.350162">
        <ele>2005.0</ele>
      </trkpt>
      <trkpt lat="46.852063" lon="9.350141">
        <ele>2004.7</ele>
      </trkpt>
      <trkpt lat="46.852146" lon="9.350116">
        <ele>2002.6</ele>
      </trkpt>
      <trkpt lat="46.852199" lon="9.350105">
        <ele>2002.0</ele>
      </trkpt>
      <trkpt lat="46.852252" lon="9.350087">
        <ele>2001.7</ele>
      </trkpt>
      <trkpt lat="46.852285" lon="9.350076">
        <ele>2001.7</ele>
      </trkpt>
      <trkpt lat="46.852404" lon="9.350065">
        <ele>2001.5</ele>
      </trkpt>
      <trkpt lat="46.852466" lon="9.350058">
        <ele>2001.4</ele>
      </trkpt>
      <trkpt lat="46.852628" lon="9.35004">
        <ele>2002.8</ele>
      </trkpt>
      <trkpt lat="46.85275" lon="9.350019">
        <ele>2003.3</ele>
      </trkpt>
      <trkpt lat="46.852793" lon="9.350011">
        <ele>2002.9</ele>
      </trkpt>
      <trkpt lat="46.852855" lon="9.349989">
        <ele>2002.7</ele>
      </trkpt>
      <trkpt lat="46.852916" lon="9.349945">
        <ele>2003.2</ele>
      </trkpt>
      <trkpt lat="46.852989" lon="9.349913">
        <ele>2004.1</ele>
      </trkpt>
      <trkpt lat="46.853048" lon="9.349886">
        <ele>2004.8</ele>
      </trkpt>
      <trkpt lat="46.853083" lon="9.349865">
        <ele>2005.2</ele>
      </trkpt>
      <trkpt lat="46.853146" lon="9.34981">
        <ele>2007.0</ele>
      </trkpt>
      <trkpt lat="46.853233" lon="9.34973">
        <ele>2009.5</ele>
      </trkpt>
      <trkpt lat="46.853309" lon="9.34966">
        <ele>2009.6</ele>
      </trkpt>
      <trkpt lat="46.853426" lon="9.349548">
        <ele>2009.8</ele>
      </trkpt>
      <trkpt lat="46.853478" lon="9.349526">
        <ele>2010.2</ele>
      </trkpt>
      <trkpt lat="46.853598" lon="9.349523">
        <ele>2009.6</ele>
      </trkpt>
      <trkpt lat="46.853683" lon="9.349511">
        <ele>2008.5</ele>
      </trkpt>
      <trkpt lat="46.853708" lon="9.349498">
        <ele>2008.2</ele>
      </trkpt>
      <trkpt lat="46.853749" lon="9.349448">
        <ele>2008.1</ele>
      </trkpt>
      <trkpt lat="46.853793" lon="9.349393">
        <ele>2007.5</ele>
      </trkpt>
      <trkpt lat="46.853828" lon="9.349329">
        <ele>2008.3</ele>
      </trkpt>
      <trkpt lat="46.853854" lon="9.349267">
        <ele>2008.8</ele>
      </trkpt>
      <trkpt lat="46.853908" lon="9.349125">
        <ele>2009.5</ele>
      </trkpt>
      <trkpt lat="46.85395" lon="9.349076">
        <ele>2009.9</ele>
      </trkpt>
      <trkpt lat="46.854107" lon="9.34896">
        <ele>2010.4</ele>
      </trkpt>
      <trkpt lat="46.85419" lon="9.348922">
        <ele>2010.9</ele>
      </trkpt>
      <trkpt lat="46.854237" lon="9.348867">
        <ele>2011.6</ele>
      </trkpt>
      <trkpt lat="46.854344" lon="9.348672">
        <ele>2014.5</ele>
      </trkpt>
      <trkpt lat="46.854416" lon="9.348522">
        <ele>2016.2</ele>
      </trkpt>
      <trkpt lat="46.854473" lon="9.348405">
        <ele>2018.2</ele>
      </trkpt>
      <trkpt lat="46.854517" lon="9.348323">
        <ele>2019.9</ele>
      </trkpt>
      <trkpt lat="46.854542" lon="9.348271">
        <ele>2021.1</ele>
      </trkpt>
      <trkpt lat="46.854582" lon="9.348208">
        <ele>2022.5</ele>
      </trkpt>
      <trkpt lat="46.854612" lon="9.348173">
        <ele>2023.1</ele>
      </trkpt>
      <trkpt lat="46.854631" lon="9.34813">
        <ele>2024.0</ele>
      </trkpt>
      <trkpt lat="46.854637" lon="9.348087">
        <ele>2025.1</ele>
      </trkpt>
      <trkpt lat="46.854642" lon="9.348024">
        <ele>2026.4</ele>
      </trkpt>
      <trkpt lat="46.854665" lon="9.347959">
        <ele>2027.8</ele>
      </trkpt>
      <trkpt lat="46.854714" lon="9.34786">
        <ele>2029.9</ele>
      </trkpt>
      <trkpt lat="46.85474" lon="9.347839">
        <ele>2030.6</ele>
      </trkpt>
      <trkpt lat="46.854793" lon="9.347802">
        <ele>2032.0</ele>
      </trkpt>
      <trkpt lat="46.854858" lon="9.347767">
        <ele>2033.6</ele>
      </trkpt>
      <trkpt lat="46.854925" lon="9.347754">
        <ele>2034.8</ele>
      </trkpt>
      <trkpt lat="46.854977" lon="9.34772">
        <ele>2035.6</ele>
      </trkpt>
      <trkpt lat="46.85503" lon="9.34768">
        <ele>2036.2</ele>
      </trkpt>
      <trkpt lat="46.855052" lon="9.347644">
        <ele>2036.8</ele>
      </trkpt>
      <trkpt lat="46.855083" lon="9.347596">
        <ele>2038.0</ele>
      </trkpt>
      <trkpt lat="46.855112" lon="9.347613">
        <ele>2038.3</ele>
      </trkpt>
      <trkpt lat="46.855154" lon="9.347623">
        <ele>2038.6</ele>
      </trkpt>
      <trkpt lat="46.855186" lon="9.347638">
        <ele>2038.8</ele>
      </trkpt>
      <trkpt lat="46.855218" lon="9.347643">
        <ele>2039.2</ele>
      </trkpt>
      <trkpt lat="46.855244" lon="9.34763">
        <ele>2039.6</ele>
      </trkpt>
      <trkpt lat="46.855267" lon="9.347604">
        <ele>2040.5</ele>
      </trkpt>
      <trkpt lat="46.855351" lon="9.347562">
        <ele>2042.6</ele>
      </trkpt>
      <trkpt lat="46.855371" lon="9.347535">
        <ele>2043.6</ele>
      </trkpt>
      <trkpt lat="46.85543" lon="9.347516">
        <ele>2044.7</ele>
      </trkpt>
      <trkpt lat="46.855495" lon="9.347484">
        <ele>2046.2</ele>
      </trkpt>
      <trkpt lat="46.855574" lon="9.347445">
        <ele>2048.3</ele>
      </trkpt>
      <trkpt lat="46.855648" lon="9.347412">
        <ele>2050.2</ele>
      </trkpt>
      <trkpt lat="46.855682" lon="9.34739">
        <ele>2050.8</ele>
      </trkpt>
      <trkpt lat="46.855697" lon="9.347361">
        <ele>2051.6</ele>
      </trkpt>
      <trkpt lat="46.85572" lon="9.347336">
        <ele>2052.3</ele>
      </trkpt>
      <trkpt lat="46.85577" lon="9.347325">
        <ele>2053.3</ele>
      </trkpt>
      <trkpt lat="46.855852" lon="9.347297">
        <ele>2055.1</ele>
      </trkpt>
      <trkpt lat="46.855945" lon="9.34728">
        <ele>2057.3</ele>
      </trkpt>
      <trkpt lat="46.856008" lon="9.347272">
        <ele>2058.5</ele>
      </trkpt>
      <trkpt lat="46.85604" lon="9.347255">
        <ele>2059.3</ele>
      </trkpt>
      <trkpt lat="46.856085" lon="9.34724">
        <ele>2060.2</ele>
      </trkpt>
      <trkpt lat="46.856151" lon="9.347185">
        <ele>2061.7</ele>
      </trkpt>
      <trkpt lat="46.856186" lon="9.347154">
        <ele>2063.0</ele>
      </trkpt>
      <trkpt lat="46.856207" lon="9.347147">
        <ele>2063.4</ele>
      </trkpt>
      <trkpt lat="46.856235" lon="9.347166">
        <ele>2063.9</ele>
      </trkpt>
      <trkpt lat="46.856254" lon="9.347188">
        <ele>2064.0</ele>
      </trkpt>
      <trkpt lat="46.856281" lon="9.34718">
        <ele>2064.7</ele>
      </trkpt>
      <trkpt lat="46.856333" lon="9.347147">
        <ele>2065.8</ele>
      </trkpt>
      <trkpt lat="46.856388" lon="9.347118">
        <ele>2066.9</ele>
      </trkpt>
      <trkpt lat="46.856459" lon="9.347091">
        <ele>2068.7</ele>
      </trkpt>
      <trkpt lat="46.856498" lon="9.347082">
        <ele>2069.5</ele>
      </trkpt>
      <trkpt lat="46.856548" lon="9.347065">
        <ele>2070.2</ele>
      </trkpt>
      <trkpt lat="46.856585" lon="9.347041">
        <ele>2070.8</ele>
      </trkpt>
      <trkpt lat="46.856598" lon="9.34703">
        <ele>2071.1</ele>
      </trkpt>
      <trkpt lat="46.856627" lon="9.347007">
        <ele>2071.7</ele>
      </trkpt>
      <trkpt lat="46.856634" lon="9.346988">
        <ele>2071.9</ele>
      </trkpt>
      <trkpt lat="46.856628" lon="9.346965">
        <ele>2072.5</ele>
      </trkpt>
      <trkpt lat="46.856596" lon="9.346938">
        <ele>2073.4</ele>
      </trkpt>
      <trkpt lat="46.856527" lon="9.346897">
        <ele>2074.8</ele>
      </trkpt>
      <trkpt lat="46.856487" lon="9.346873">
        <ele>2076.0</ele>
      </trkpt>
      <trkpt lat="46.856472" lon="9.346869">
        <ele>2076.5</ele>
      </trkpt>
      <trkpt lat="46.856457" lon="9.346865">
        <ele>2077.0</ele>
      </trkpt>
      <trkpt lat="46.856439" lon="9.346855">
        <ele>2077.6</ele>
      </trkpt>
      <trkpt lat="46.856374" lon="9.346832">
        <ele>2078.3</ele>
      </trkpt>
      <trkpt lat="46.856361" lon="9.346829">
        <ele>2078.5</ele>
      </trkpt>
      <trkpt lat="46.8563" lon="9.346811">
        <ele>2079.2</ele>
      </trkpt>
      <trkpt lat="46.856228" lon="9.346799">
        <ele>2078.9</ele>
      </trkpt>
      <trkpt lat="46.856177" lon="9.346799">
        <ele>2080.0</ele>
      </trkpt>
      <trkpt lat="46.856142" lon="9.346795">
        <ele>2081.0</ele>
      </trkpt>
      <trkpt lat="46.856095" lon="9.34678">
        <ele>2081.9</ele>
      </trkpt>
      <trkpt lat="46.856065" lon="9.346755">
        <ele>2082.3</ele>
      </trkpt>
      <trkpt lat="46.856033" lon="9.346749">
        <ele>2082.6</ele>
      </trkpt>
      <trkpt lat="46.855967" lon="9.346741">
        <ele>2083.1</ele>
      </trkpt>
      <trkpt lat="46.855913" lon="9.346689">
        <ele>2084.4</ele>
      </trkpt>
      <trkpt lat="46.855886" lon="9.346663">
        <ele>2084.9</ele>
      </trkpt>
      <trkpt lat="46.855848" lon="9.346648">
        <ele>2085.2</ele>
      </trkpt>
      <trkpt lat="46.855781" lon="9.346607">
        <ele>2086.8</ele>
      </trkpt>
      <trkpt lat="46.855739" lon="9.346579">
        <ele>2087.8</ele>
      </trkpt>
      <trkpt lat="46.855707" lon="9.346569">
        <ele>2088.2</ele>
      </trkpt>
      <trkpt lat="46.855673" lon="9.346576">
        <ele>2088.8</ele>
      </trkpt>
      <trkpt lat="46.855644" lon="9.346573">
        <ele>2089.4</ele>
      </trkpt>
      <trkpt lat="46.855533" lon="9.346535">
        <ele>2091.3</ele>
      </trkpt>
      <trkpt lat="46.855442" lon="9.346453">
        <ele>2094.6</ele>
      </trkpt>
      <trkpt lat="46.855365" lon="9.34642">
        <ele>2095.6</ele>
      </trkpt>
      <trkpt lat="46.85531" lon="9.346387">
        <ele>2096.8</ele>
      </trkpt>
      <trkpt lat="46.855282" lon="9.346377">
        <ele>2097.6</ele>
      </trkpt>
      <trkpt lat="46.855243" lon="9.346354">
        <ele>2098.6</ele>
      </trkpt>
      <trkpt lat="46.85522" lon="9.346334">
        <ele>2099.1</ele>
      </trkpt>
      <trkpt lat="46.855195" lon="9.346314">
        <ele>2099.7</ele>
      </trkpt>
      <trkpt lat="46.855174" lon="9.346326">
        <ele>2099.7</ele>
      </trkpt>
      <trkpt lat="46.855164" lon="9.34631">
        <ele>2100.6</ele>
      </trkpt>
      <trkpt lat="46.855202" lon="9.346268">
        <ele>2101.1</ele>
      </trkpt>
      <trkpt lat="46.855241" lon="9.346268">
        <ele>2101.5</ele>
      </trkpt>
      <trkpt lat="46.855273" lon="9.346274">
        <ele>2101.9</ele>
      </trkpt>
      <trkpt lat="46.855311" lon="9.346263">
        <ele>2102.8</ele>
      </trkpt>
      <trkpt lat="46.855388" lon="9.34623">
        <ele>2105.1</ele>
      </trkpt>
      <trkpt lat="46.855467" lon="9.346241">
        <ele>2106.6</ele>
      </trkpt>
      <trkpt lat="46.855569" lon="9.346217">
        <ele>2108.0</ele>
      </trkpt>
      <trkpt lat="46.855605" lon="9.346187">
        <ele>2109.4</ele>
      </trkpt>
      <trkpt lat="46.855659" lon="9.346166">
        <ele>2110.6</ele>
      </trkpt>
      <trkpt lat="46.855694" lon="9.346142">
        <ele>2111.3</ele>
      </trkpt>
      <trkpt lat="46.855726" lon="9.346133">
        <ele>2111.8</ele>
      </trkpt>
      <trkpt lat="46.855731" lon="9.346108">
        <ele>2112.5</ele>
      </trkpt>
      <trkpt lat="46.85571" lon="9.346085">
        <ele>2112.8</ele>
      </trkpt>
      <trkpt lat="46.855675" lon="9.346084">
        <ele>2113.1</ele>
      </trkpt>
      <trkpt lat="46.855632" lon="9.346077">
        <ele>2113.9</ele>
      </trkpt>
      <trkpt lat="46.855591" lon="9.346055">
        <ele>2114.7</ele>
      </trkpt>
      <trkpt lat="46.85555" lon="9.346015">
        <ele>2116.4</ele>
      </trkpt>
      <trkpt lat="46.855513" lon="9.345961">
        <ele>2118.0</ele>
      </trkpt>
      <trkpt lat="46.855475" lon="9.345942">
        <ele>2118.3</ele>
      </trkpt>
      <trkpt lat="46.855454" lon="9.345921">
        <ele>2118.6</ele>
      </trkpt>
      <trkpt lat="46.855434" lon="9.345867">
        <ele>2119.7</ele>
      </trkpt>
      <trkpt lat="46.855426" lon="9.3458">
        <ele>2121.2</ele>
      </trkpt>
      <trkpt lat="46.855423" lon="9.345739">
        <ele>2122.4</ele>
      </trkpt>
      <trkpt lat="46.85541" lon="9.345689">
        <ele>2123.3</ele>
      </trkpt>
      <trkpt lat="46.855383" lon="9.345641">
        <ele>2125.1</ele>
      </trkpt>
      <trkpt lat="46.855359" lon="9.345634">
        <ele>2125.3</ele>
      </trkpt>
      <trkpt lat="46.855335" lon="9.345611">
        <ele>2126.0</ele>
      </trkpt>
      <trkpt lat="46.855298" lon="9.345562">
        <ele>2127.9</ele>
      </trkpt>
      <trkpt lat="46.855215" lon="9.34552">
        <ele>2129.5</ele>
      </trkpt>
      <trkpt lat="46.855166" lon="9.345501">
        <ele>2130.7</ele>
      </trkpt>
      <trkpt lat="46.855122" lon="9.345482">
        <ele>2131.2</ele>
      </trkpt>
      <trkpt lat="46.855106" lon="9.345436">
        <ele>2132.3</ele>
      </trkpt>
      <trkpt lat="46.85508" lon="9.345394">
        <ele>2133.4</ele>
      </trkpt>
      <trkpt lat="46.855049" lon="9.345372">
        <ele>2133.8</ele>
      </trkpt>
      <trkpt lat="46.85502" lon="9.345325">
        <ele>2135.0</ele>
      </trkpt>
      <trkpt lat="46.855009" lon="9.345286">
        <ele>2136.1</ele>
      </trkpt>
      <trkpt lat="46.854957" lon="9.345224">
        <ele>2137.8</ele>
      </trkpt>
      <trkpt lat="46.854927" lon="9.345207">
        <ele>2137.8</ele>
      </trkpt>
      <trkpt lat="46.854886" lon="9.34514">
        <ele>2138.4</ele>
      </trkpt>
      <trkpt lat="46.854853" lon="9.345057">
        <ele>2139.3</ele>
      </trkpt>
      <trkpt lat="46.854827" lon="9.344988">
        <ele>2140.3</ele>
      </trkpt>
      <trkpt lat="46.854795" lon="9.344928">
        <ele>2141.1</ele>
      </trkpt>
      <trkpt lat="46.854757" lon="9.344882">
        <ele>2141.5</ele>
      </trkpt>
      <trkpt lat="46.854719" lon="9.34481">
        <ele>2142.1</ele>
      </trkpt>
      <trkpt lat="46.854683" lon="9.344717">
        <ele>2142.6</ele>
      </trkpt>
      <trkpt lat="46.854667" lon="9.344643">
        <ele>2143.3</ele>
      </trkpt>
      <trkpt lat="46.854631" lon="9.34446">
        <ele>2143.1</ele>
      </trkpt>
      <trkpt lat="46.854592" lon="9.344312">
        <ele>2141.5</ele>
      </trkpt>
      <trkpt lat="46.854613" lon="9.344174">
        <ele>2138.7</ele>
      </trkpt>
      <trkpt lat="46.854656" lon="9.344061">
        <ele>2136.5</ele>
      </trkpt>
      <trkpt lat="46.854724" lon="9.343999">
        <ele>2134.9</ele>
      </trkpt>
      <trkpt lat="46.85473" lon="9.343973">
        <ele>2134.4</ele>
      </trkpt>
      <trkpt lat="46.854712" lon="9.343947">
        <ele>2133.7</ele>
      </trkpt>
      <trkpt lat="46.854675" lon="9.343934">
        <ele>2133.2</ele>
      </trkpt>
      <trkpt lat="46.854617" lon="9.34392">
        <ele>2132.7</ele>
      </trkpt>
      <trkpt lat="46.854562" lon="9.343888">
        <ele>2131.7</ele>
      </trkpt>
      <trkpt lat="46.854504" lon="9.343892">
        <ele>2131.4</ele>
      </trkpt>
      <trkpt lat="46.854481" lon="9.343881">
        <ele>2131.1</ele>
      </trkpt>
      <trkpt lat="46.854486" lon="9.343852">
        <ele>2130.4</ele>
      </trkpt>
      <trkpt lat="46.854518" lon="9.343827">
        <ele>2129.7</ele>
      </trkpt>
      <trkpt lat="46.854581" lon="9.343798">
        <ele>2128.7</ele>
      </trkpt>
      <trkpt lat="46.854649" lon="9.343771">
        <ele>2127.3</ele>
      </trkpt>
      <trkpt lat="46.854705" lon="9.343738">
        <ele>2126.3</ele>
      </trkpt>
      <trkpt lat="46.854757" lon="9.343683">
        <ele>2125.3</ele>
      </trkpt>
      <trkpt lat="46.854824" lon="9.343571">
        <ele>2123.4</ele>
      </trkpt>
      <trkpt lat="46.854931" lon="9.343396">
        <ele>2119.3</ele>
      </trkpt>
      <trkpt lat="46.855047" lon="9.343277">
        <ele>2117.5</ele>
      </trkpt>
      <trkpt lat="46.855116" lon="9.343218">
        <ele>2115.7</ele>
      </trkpt>
      <trkpt lat="46.855149" lon="9.343154">
        <ele>2114.6</ele>
      </trkpt>
      <trkpt lat="46.855227" lon="9.343065">
        <ele>2112.7</ele>
      </trkpt>
      <trkpt lat="46.855346" lon="9.342937">
        <ele>2109.0</ele>
      </trkpt>
      <trkpt lat="46.855398" lon="9.342892">
        <ele>2108.6</ele>
      </trkpt>
      <trkpt lat="46.855427" lon="9.34283">
        <ele>2107.3</ele>
      </trkpt>
      <trkpt lat="46.855462" lon="9.342775">
        <ele>2105.9</ele>
      </trkpt>
      <trkpt lat="46.855495" lon="9.342737">
        <ele>2105.3</ele>
      </trkpt>
      <trkpt lat="46.855541" lon="9.342661">
        <ele>2104.6</ele>
      </trkpt>
      <trkpt lat="46.855588" lon="9.342575">
        <ele>2102.4</ele>
      </trkpt>
      <trkpt lat="46.85565" lon="9.342524">
        <ele>2101.7</ele>
      </trkpt>
      <trkpt lat="46.85567" lon="9.342493">
        <ele>2101.0</ele>
      </trkpt>
      <trkpt lat="46.855693" lon="9.342412">
        <ele>2099.6</ele>
      </trkpt>
      <trkpt lat="46.855705" lon="9.34241">
        <ele>2099.7</ele>
      </trkpt>
      <trkpt lat="46.855717" lon="9.342365">
        <ele>2099.1</ele>
      </trkpt>
      <trkpt lat="46.855742" lon="9.342351">
        <ele>2098.8</ele>
      </trkpt>
      <trkpt lat="46.855797" lon="9.342338">
        <ele>2098.3</ele>
      </trkpt>
      <trkpt lat="46.855857" lon="9.342355">
        <ele>2098.9</ele>
      </trkpt>
      <trkpt lat="46.855944" lon="9.342386">
        <ele>2095.6</ele>
      </trkpt>
      <trkpt lat="46.855977" lon="9.342394">
        <ele>2095.3</ele>
      </trkpt>
      <trkpt lat="46.855988" lon="9.342392">
        <ele>2095.3</ele>
      </trkpt>
      <trkpt lat="46.856039" lon="9.342367">
        <ele>2094.9</ele>
      </trkpt>
      <trkpt lat="46.856117" lon="9.342306">
        <ele>2094.6</ele>
      </trkpt>
      <trkpt lat="46.856207" lon="9.342271">
        <ele>2095.5</ele>
      </trkpt>
      <trkpt lat="46.856236" lon="9.342256">
        <ele>2095.7</ele>
      </trkpt>
      <trkpt lat="46.85625" lon="9.342241">
        <ele>2095.8</ele>
      </trkpt>
      <trkpt lat="46.856281" lon="9.342188">
        <ele>2095.8</ele>
      </trkpt>
      <trkpt lat="46.856313" lon="9.342135">
        <ele>2096.1</ele>
      </trkpt>
      <trkpt lat="46.856365" lon="9.342072">
        <ele>2096.3</ele>
      </trkpt>
      <trkpt lat="46.856411" lon="9.342051">
        <ele>2095.4</ele>
      </trkpt>
      <trkpt lat="46.856453" lon="9.342049">
        <ele>2095.2</ele>
      </trkpt>
      <trkpt lat="46.856485" lon="9.342007">
        <ele>2093.8</ele>
      </trkpt>
      <trkpt lat="46.856512" lon="9.341948">
        <ele>2092.8</ele>
      </trkpt>
      <trkpt lat="46.856556" lon="9.341901">
        <ele>2091.5</ele>
      </trkpt>
      <trkpt lat="46.856603" lon="9.341884">
        <ele>2090.4</ele>
      </trkpt>
      <trkpt lat="46.856668" lon="9.341875">
        <ele>2089.9</ele>
      </trkpt>
      <trkpt lat="46.856697" lon="9.341857">
        <ele>2088.9</ele>
      </trkpt>
      <trkpt lat="46.85678" lon="9.341862">
        <ele>2087.9</ele>
      </trkpt>
      <trkpt lat="46.856824" lon="9.341882">
        <ele>2087.2</ele>
      </trkpt>
      <trkpt lat="46.856871" lon="9.341874">
        <ele>2087.1</ele>
      </trkpt>
      <trkpt lat="46.856904" lon="9.341858">
        <ele>2086.2</ele>
      </trkpt>
      <trkpt lat="46.856955" lon="9.341858">
        <ele>2085.0</ele>
      </trkpt>
      <trkpt lat="46.856996" lon="9.341852">
        <ele>2084.4</ele>
      </trkpt>
      <trkpt lat="46.857053" lon="9.34183">
        <ele>2083.0</ele>
      </trkpt>
      <trkpt lat="46.857093" lon="9.341804">
        <ele>2082.8</ele>
      </trkpt>
      <trkpt lat="46.857122" lon="9.341767">
        <ele>2082.5</ele>
      </trkpt>
      <trkpt lat="46.857137" lon="9.341723">
        <ele>2081.8</ele>
      </trkpt>
      <trkpt lat="46.857151" lon="9.341714">
        <ele>2082.1</ele>
      </trkpt>
      <trkpt lat="46.857175" lon="9.341715">
        <ele>2083.1</ele>
      </trkpt>
      <trkpt lat="46.857227" lon="9.341683">
        <ele>2083.3</ele>
      </trkpt>
      <trkpt lat="46.857295" lon="9.34168">
        <ele>2084.1</ele>
      </trkpt>
      <trkpt lat="46.857358" lon="9.341685">
        <ele>2084.4</ele>
      </trkpt>
      <trkpt lat="46.857414" lon="9.341666">
        <ele>2084.8</ele>
      </trkpt>
      <trkpt lat="46.857456" lon="9.341637">
        <ele>2084.8</ele>
      </trkpt>
      <trkpt lat="46.857486" lon="9.341596">
        <ele>2085.1</ele>
      </trkpt>
      <trkpt lat="46.857498" lon="9.341566">
        <ele>2085.4</ele>
      </trkpt>
      <trkpt lat="46.857547" lon="9.341508">
        <ele>2086.5</ele>
      </trkpt>
      <trkpt lat="46.857594" lon="9.341457">
        <ele>2087.3</ele>
      </trkpt>
      <trkpt lat="46.857638" lon="9.341403">
        <ele>2087.2</ele>
      </trkpt>
      <trkpt lat="46.857666" lon="9.34135">
        <ele>2087.6</ele>
      </trkpt>
      <trkpt lat="46.857701" lon="9.341275">
        <ele>2088.0</ele>
      </trkpt>
      <trkpt lat="46.857706" lon="9.341223">
        <ele>2088.9</ele>
      </trkpt>
      <trkpt lat="46.857766" lon="9.341138">
        <ele>2089.9</ele>
      </trkpt>
      <trkpt lat="46.857817" lon="9.34106">
        <ele>2090.2</ele>
      </trkpt>
      <trkpt lat="46.85793" lon="9.34088">
        <ele>2090.9</ele>
      </trkpt>
      <trkpt lat="46.858001" lon="9.340762">
        <ele>2091.8</ele>
      </trkpt>
      <trkpt lat="46.858047" lon="9.340727">
        <ele>2092.4</ele>
      </trkpt>
      <trkpt lat="46.858101" lon="9.340655">
        <ele>2093.2</ele>
      </trkpt>
      <trkpt lat="46.858131" lon="9.340593">
        <ele>2093.6</ele>
      </trkpt>
      <trkpt lat="46.858186" lon="9.340509">
        <ele>2093.9</ele>
      </trkpt>
      <trkpt lat="46.858272" lon="9.340404">
        <ele>2093.8</ele>
      </trkpt>
      <trkpt lat="46.858348" lon="9.340312">
        <ele>2093.9</ele>
      </trkpt>
      <trkpt lat="46.858388" lon="9.340247">
        <ele>2094.2</ele>
      </trkpt>
      <trkpt lat="46.858439" lon="9.340129">
        <ele>2094.6</ele>
      </trkpt>
      <trkpt lat="46.858558" lon="9.339973">
        <ele>2094.0</ele>
      </trkpt>
      <trkpt lat="46.858641" lon="9.339876">
        <ele>2094.4</ele>
      </trkpt>
      <trkpt lat="46.858771" lon="9.339738">
        <ele>2095.3</ele>
      </trkpt>
      <trkpt lat="46.85888" lon="9.339643">
        <ele>2095.2</ele>
      </trkpt>
      <trkpt lat="46.858927" lon="9.339599">
        <ele>2095.0</ele>
      </trkpt>
      <trkpt lat="46.858988" lon="9.339515">
        <ele>2094.0</ele>
      </trkpt>
      <trkpt lat="46.859013" lon="9.339426">
        <ele>2093.2</ele>
      </trkpt>
      <trkpt lat="46.859057" lon="9.339335">
        <ele>2092.7</ele>
      </trkpt>
      <trkpt lat="46.859095" lon="9.339273">
        <ele>2092.3</ele>
      </trkpt>
      <trkpt lat="46.859135" lon="9.339192">
        <ele>2091.6</ele>
      </trkpt>
      <trkpt lat="46.859148" lon="9.339169">
        <ele>2091.5</ele>
      </trkpt>
      <trkpt lat="46.859217" lon="9.339093">
        <ele>2090.6</ele>
      </trkpt>
      <trkpt lat="46.859246" lon="9.339055">
        <ele>2090.1</ele>
      </trkpt>
      <trkpt lat="46.859341" lon="9.338942">
        <ele>2089.3</ele>
      </trkpt>
      <trkpt lat="46.859371" lon="9.338893">
        <ele>2089.3</ele>
      </trkpt>
      <trkpt lat="46.859408" lon="9.33881">
        <ele>2088.7</ele>
      </trkpt>
      <trkpt lat="46.859465" lon="9.338725">
        <ele>2087.2</ele>
      </trkpt>
      <trkpt lat="46.859519" lon="9.338661">
        <ele>2086.2</ele>
      </trkpt>
      <trkpt lat="46.859579" lon="9.338607">
        <ele>2085.1</ele>
      </trkpt>
      <trkpt lat="46.859654" lon="9.338554">
        <ele>2083.8</ele>
      </trkpt>
      <trkpt lat="46.859705" lon="9.338514">
        <ele>2082.1</ele>
      </trkpt>
      <trkpt lat="46.859735" lon="9.338488">
        <ele>2081.6</ele>
      </trkpt>
      <trkpt lat="46.85976" lon="9.338452">
        <ele>2081.3</ele>
      </trkpt>
      <trkpt lat="46.859796" lon="9.338382">
        <ele>2080.4</ele>
      </trkpt>
      <trkpt lat="46.859839" lon="9.338326">
        <ele>2079.5</ele>
      </trkpt>
      <trkpt lat="46.859869" lon="9.338288">
        <ele>2079.1</ele>
      </trkpt>
      <trkpt lat="46.859891" lon="9.338262">
        <ele>2078.3</ele>
      </trkpt>
      <trkpt lat="46.859905" lon="9.338233">
        <ele>2077.6</ele>
      </trkpt>
      <trkpt lat="46.859922" lon="9.338185">
        <ele>2076.1</ele>
      </trkpt>
      <trkpt lat="46.859941" lon="9.338129">
        <ele>2074.3</ele>
      </trkpt>
      <trkpt lat="46.859945" lon="9.338094">
        <ele>2073.4</ele>
      </trkpt>
      <trkpt lat="46.859943" lon="9.338029">
        <ele>2072.3</ele>
      </trkpt>
      <trkpt lat="46.859944" lon="9.337975">
        <ele>2071.4</ele>
      </trkpt>
      <trkpt lat="46.85995" lon="9.337935">
        <ele>2071.0</ele>
      </trkpt>
      <trkpt lat="46.859957" lon="9.337899">
        <ele>2070.4</ele>
      </trkpt>
      <trkpt lat="46.859953" lon="9.337842">
        <ele>2068.8</ele>
      </trkpt>
      <trkpt lat="46.859956" lon="9.337799">
        <ele>2067.9</ele>
      </trkpt>
      <trkpt lat="46.859947" lon="9.337745">
        <ele>2066.7</ele>
      </trkpt>
      <trkpt lat="46.85994" lon="9.337723">
        <ele>2066.0</ele>
      </trkpt>
      <trkpt lat="46.859926" lon="9.337701">
        <ele>2065.2</ele>
      </trkpt>
      <trkpt lat="46.859911" lon="9.337679">
        <ele>2064.7</ele>
      </trkpt>
      <trkpt lat="46.8599" lon="9.337649">
        <ele>2064.2</ele>
      </trkpt>
      <trkpt lat="46.859888" lon="9.337582">
        <ele>2063.2</ele>
      </trkpt>
      <trkpt lat="46.85988" lon="9.337543">
        <ele>2062.5</ele>
      </trkpt>
      <trkpt lat="46.859867" lon="9.337515">
        <ele>2062.0</ele>
      </trkpt>
      <trkpt lat="46.859844" lon="9.337504">
        <ele>2061.0</ele>
      </trkpt>
      <trkpt lat="46.859771" lon="9.337481">
        <ele>2059.2</ele>
      </trkpt>
      <trkpt lat="46.859716" lon="9.337468">
        <ele>2057.5</ele>
      </trkpt>
      <trkpt lat="46.859678" lon="9.337434">
        <ele>2056.6</ele>
      </trkpt>
      <trkpt lat="46.859643" lon="9.337417">
        <ele>2056.1</ele>
      </trkpt>
      <trkpt lat="46.85963" lon="9.337405">
        <ele>2055.8</ele>
      </trkpt>
      <trkpt lat="46.85963" lon="9.337385">
        <ele>2055.5</ele>
      </trkpt>
      <trkpt lat="46.859649" lon="9.337356">
        <ele>2054.6</ele>
      </trkpt>
      <trkpt lat="46.859699" lon="9.337297">
        <ele>2052.6</ele>
      </trkpt>
      <trkpt lat="46.859735" lon="9.337249">
        <ele>2051.4</ele>
      </trkpt>
      <trkpt lat="46.859771" lon="9.337213">
        <ele>2050.2</ele>
      </trkpt>
      <trkpt lat="46.859796" lon="9.337205">
        <ele>2049.6</ele>
      </trkpt>
      <trkpt lat="46.859822" lon="9.337208">
        <ele>2048.7</ele>
      </trkpt>
      <trkpt lat="46.859855" lon="9.337209">
        <ele>2048.2</ele>
      </trkpt>
      <trkpt lat="46.859894" lon="9.337181">
        <ele>2047.0</ele>
      </trkpt>
      <trkpt lat="46.859951" lon="9.337171">
        <ele>2045.3</ele>
      </trkpt>
      <trkpt lat="46.860006" lon="9.337197">
        <ele>2043.5</ele>
      </trkpt>
      <trkpt lat="46.860051" lon="9.337232">
        <ele>2042.0</ele>
      </trkpt>
      <trkpt lat="46.860096" lon="9.337274">
        <ele>2041.3</ele>
      </trkpt>
      <trkpt lat="46.860138" lon="9.33729">
        <ele>2040.9</ele>
      </trkpt>
      <trkpt lat="46.860211" lon="9.337263">
        <ele>2039.8</ele>
      </trkpt>
      <trkpt lat="46.860235" lon="9.337268">
        <ele>2039.6</ele>
      </trkpt>
      <trkpt lat="46.86025" lon="9.337251">
        <ele>2038.8</ele>
      </trkpt>
      <trkpt lat="46.860251" lon="9.337225">
        <ele>2038.2</ele>
      </trkpt>
      <trkpt lat="46.860231" lon="9.337203">
        <ele>2037.7</ele>
      </trkpt>
      <trkpt lat="46.860197" lon="9.337151">
        <ele>2035.9</ele>
      </trkpt>
      <trkpt lat="46.86017" lon="9.33709">
        <ele>2034.6</ele>
      </trkpt>
      <trkpt lat="46.860148" lon="9.337059">
        <ele>2033.6</ele>
      </trkpt>
      <trkpt lat="46.860143" lon="9.337024">
        <ele>2032.9</ele>
      </trkpt>
      <trkpt lat="46.860148" lon="9.336989">
        <ele>2032.3</ele>
      </trkpt>
      <trkpt lat="46.860167" lon="9.336975">
        <ele>2032.1</ele>
      </trkpt>
      <trkpt lat="46.860193" lon="9.336981">
        <ele>2031.6</ele>
      </trkpt>
      <trkpt lat="46.86023" lon="9.337005">
        <ele>2030.8</ele>
      </trkpt>
      <trkpt lat="46.860259" lon="9.337011">
        <ele>2029.8</ele>
      </trkpt>
      <trkpt lat="46.860306" lon="9.337003">
        <ele>2029.4</ele>
      </trkpt>
      <trkpt lat="46.860332" lon="9.337005">
        <ele>2028.7</ele>
      </trkpt>
      <trkpt lat="46.860383" lon="9.337037">
        <ele>2027.1</ele>
      </trkpt>
      <trkpt lat="46.860429" lon="9.33707">
        <ele>2025.6</ele>
      </trkpt>
      <trkpt lat="46.860438" lon="9.33706">
        <ele>2025.1</ele>
      </trkpt>
      <trkpt lat="46.860438" lon="9.337039">
        <ele>2024.4</ele>
      </trkpt>
      <trkpt lat="46.860416" lon="9.336998">
        <ele>2023.6</ele>
      </trkpt>
      <trkpt lat="46.860399" lon="9.336942">
        <ele>2021.9</ele>
      </trkpt>
      <trkpt lat="46.860373" lon="9.336896">
        <ele>2020.8</ele>
      </trkpt>
      <trkpt lat="46.860391" lon="9.336882">
        <ele>2020.2</ele>
      </trkpt>
      <trkpt lat="46.860431" lon="9.336908">
        <ele>2019.9</ele>
      </trkpt>
      <trkpt lat="46.860465" lon="9.33694">
        <ele>2019.8</ele>
      </trkpt>
      <trkpt lat="46.860482" lon="9.336936">
        <ele>2019.4</ele>
      </trkpt>
      <trkpt lat="46.860486" lon="9.336905">
        <ele>2018.6</ele>
      </trkpt>
      <trkpt lat="46.860479" lon="9.336834">
        <ele>2017.2</ele>
      </trkpt>
      <trkpt lat="46.860481" lon="9.336783">
        <ele>2015.8</ele>
      </trkpt>
      <trkpt lat="46.860471" lon="9.336739">
        <ele>2014.6</ele>
      </trkpt>
      <trkpt lat="46.860398" lon="9.336619">
        <ele>2011.4</ele>
      </trkpt>
      <trkpt lat="46.860338" lon="9.336615">
        <ele>2009.4</ele>
      </trkpt>
      <trkpt lat="46.86024" lon="9.336505">
        <ele>2005.9</ele>
      </trkpt>
      <trkpt lat="46.860206" lon="9.336459">
        <ele>2004.1</ele>
      </trkpt>
      <trkpt lat="46.86014" lon="9.336425">
        <ele>2002.4</ele>
      </trkpt>
      <trkpt lat="46.860102" lon="9.336378">
        <ele>2001.5</ele>
      </trkpt>
      <trkpt lat="46.860095" lon="9.336368">
        <ele>2001.5</ele>
      </trkpt>
      <trkpt lat="46.860094" lon="9.336354">
        <ele>2001.0</ele>
      </trkpt>
      <trkpt lat="46.860098" lon="9.336346">
        <ele>2000.7</ele>
      </trkpt>
      <trkpt lat="46.860123" lon="9.336351">
        <ele>2000.1</ele>
      </trkpt>
      <trkpt lat="46.860187" lon="9.336378">
        <ele>1999.4</ele>
      </trkpt>
      <trkpt lat="46.860222" lon="9.336376">
        <ele>1997.8</ele>
      </trkpt>
      <trkpt lat="46.860267" lon="9.336392">
        <ele>1998.0</ele>
      </trkpt>
      <trkpt lat="46.860293" lon="9.336381">
        <ele>1997.2</ele>
      </trkpt>
      <trkpt lat="46.860334" lon="9.33633">
        <ele>1996.6</ele>
      </trkpt>
      <trkpt lat="46.860367" lon="9.336332">
        <ele>1996.7</ele>
      </trkpt>
      <trkpt lat="46.860397" lon="9.336353">
        <ele>1996.3</ele>
      </trkpt>
      <trkpt lat="46.860497" lon="9.336405">
        <ele>1993.9</ele>
      </trkpt>
      <trkpt lat="46.860544" lon="9.336416">
        <ele>1993.1</ele>
      </trkpt>
      <trkpt lat="46.860593" lon="9.336424">
        <ele>1992.0</ele>
      </trkpt>
      <trkpt lat="46.860626" lon="9.336431">
        <ele>1991.5</ele>
      </trkpt>
      <trkpt lat="46.860697" lon="9.336489">
        <ele>1990.2</ele>
      </trkpt>
      <trkpt lat="46.860734" lon="9.336576">
        <ele>1989.6</ele>
      </trkpt>
      <trkpt lat="46.860748" lon="9.336641">
        <ele>1989.7</ele>
      </trkpt>
      <trkpt lat="46.860791" lon="9.336675">
        <ele>1988.1</ele>
      </trkpt>
      <trkpt lat="46.860857" lon="9.336712">
        <ele>1986.6</ele>
      </trkpt>
      <trkpt lat="46.860917" lon="9.33669">
        <ele>1984.7</ele>
      </trkpt>
      <trkpt lat="46.860976" lon="9.336722">
        <ele>1983.8</ele>
      </trkpt>
      <trkpt lat="46.861031" lon="9.336749">
        <ele>1982.8</ele>
      </trkpt>
      <trkpt lat="46.86107" lon="9.336754">
        <ele>1981.8</ele>
      </trkpt>
      <trkpt lat="46.861104" lon="9.336717">
        <ele>1980.4</ele>
      </trkpt>
      <trkpt lat="46.861132" lon="9.336702">
        <ele>1980.8</ele>
      </trkpt>
      <trkpt lat="46.861178" lon="9.336713">
        <ele>1980.7</ele>
      </trkpt>
      <trkpt lat="46.861202" lon="9.336732">
        <ele>1980.0</ele>
      </trkpt>
      <trkpt lat="46.861214" lon="9.336779">
        <ele>1982.7</ele>
      </trkpt>
      <trkpt lat="46.861229" lon="9.336801">
        <ele>1981.6</ele>
      </trkpt>
      <trkpt lat="46.861257" lon="9.336811">
        <ele>1981.1</ele>
      </trkpt>
      <trkpt lat="46.861289" lon="9.336812">
        <ele>1981.9</ele>
      </trkpt>
      <trkpt lat="46.861314" lon="9.336805">
        <ele>1982.2</ele>
      </trkpt>
      <trkpt lat="46.861342" lon="9.336752">
        <ele>1981.9</ele>
      </trkpt>
      <trkpt lat="46.861376" lon="9.336724">
        <ele>1982.9</ele>
      </trkpt>
      <trkpt lat="46.861426" lon="9.336624">
        <ele>1982.9</ele>
      </trkpt>
      <trkpt lat="46.861433" lon="9.336549">
        <ele>1982.2</ele>
      </trkpt>
      <trkpt lat="46.861448" lon="9.33646">
        <ele>1981.8</ele>
      </trkpt>
      <trkpt lat="46.861479" lon="9.336401">
        <ele>1982.8</ele>
      </trkpt>
      <trkpt lat="46.861512" lon="9.336355">
        <ele>1984.3</ele>
      </trkpt>
      <trkpt lat="46.861556" lon="9.336323">
        <ele>1986.7</ele>
      </trkpt>
      <trkpt lat="46.86175" lon="9.336218">
        <ele>1988.7</ele>
      </trkpt>
      <trkpt lat="46.861828" lon="9.3362">
        <ele>1989.3</ele>
      </trkpt>
      <trkpt lat="46.861882" lon="9.336158">
        <ele>1990.9</ele>
      </trkpt>
      <trkpt lat="46.86191" lon="9.336147">
        <ele>1991.9</ele>
      </trkpt>
      <trkpt lat="46.861977" lon="9.336062">
        <ele>1991.5</ele>
      </trkpt>
      <trkpt lat="46.862014" lon="9.335992">
        <ele>1992.1</ele>
      </trkpt>
      <trkpt lat="46.862045" lon="9.335953">
        <ele>1993.2</ele>
      </trkpt>
      <trkpt lat="46.862079" lon="9.335947">
        <ele>1993.9</ele>
      </trkpt>
      <trkpt lat="46.862123" lon="9.335958">
        <ele>1994.9</ele>
      </trkpt>
      <trkpt lat="46.862181" lon="9.335975">
        <ele>1995.9</ele>
      </trkpt>
      <trkpt lat="46.862212" lon="9.335968">
        <ele>1996.2</ele>
      </trkpt>
      <trkpt lat="46.862236" lon="9.335954">
        <ele>1996.6</ele>
      </trkpt>
      <trkpt lat="46.862274" lon="9.33592">
        <ele>1997.6</ele>
      </trkpt>
      <trkpt lat="46.862313" lon="9.335912">
        <ele>1998.9</ele>
      </trkpt>
      <trkpt lat="46.862359" lon="9.335887">
        <ele>2000.0</ele>
      </trkpt>
      <trkpt lat="46.862413" lon="9.335884">
        <ele>2001.2</ele>
      </trkpt>
      <trkpt lat="46.862453" lon="9.335859">
        <ele>2002.1</ele>
      </trkpt>
      <trkpt lat="46.862533" lon="9.335854">
        <ele>2002.8</ele>
      </trkpt>
      <trkpt lat="46.862611" lon="9.335843">
        <ele>2004.1</ele>
      </trkpt>
      <trkpt lat="46.862667" lon="9.335796">
        <ele>2004.0</ele>
      </trkpt>
      <trkpt lat="46.862771" lon="9.335791">
        <ele>2004.8</ele>
      </trkpt>
      <trkpt lat="46.862852" lon="9.335843">
        <ele>2006.1</ele>
      </trkpt>
      <trkpt lat="46.862896" lon="9.335891">
        <ele>2006.6</ele>
      </trkpt>
      <trkpt lat="46.862922" lon="9.335873">
        <ele>2006.2</ele>
      </trkpt>
      <trkpt lat="46.862934" lon="9.335833">
        <ele>2006.9</ele>
      </trkpt>
      <trkpt lat="46.862937" lon="9.335768">
        <ele>2007.3</ele>
      </trkpt>
      <trkpt lat="46.862949" lon="9.335723">
        <ele>2007.5</ele>
      </trkpt>
      <trkpt lat="46.86297" lon="9.335706">
        <ele>2007.7</ele>
      </trkpt>
      <trkpt lat="46.863036" lon="9.335716">
        <ele>2008.4</ele>
      </trkpt>
      <trkpt lat="46.863086" lon="9.335716">
        <ele>2009.1</ele>
      </trkpt>
      <trkpt lat="46.86313" lon="9.33569">
        <ele>2009.6</ele>
      </trkpt>
      <trkpt lat="46.863182" lon="9.335667">
        <ele>2010.8</ele>
      </trkpt>
      <trkpt lat="46.86323" lon="9.33566">
        <ele>2012.2</ele>
      </trkpt>
      <trkpt lat="46.8633" lon="9.335628">
        <ele>2013.3</ele>
      </trkpt>
      <trkpt lat="46.863316" lon="9.33563">
        <ele>2014.4</ele>
      </trkpt>
      <trkpt lat="46.863343" lon="9.335643">
        <ele>2015.1</ele>
      </trkpt>
      <trkpt lat="46.863362" lon="9.335666">
        <ele>2015.7</ele>
      </trkpt>
      <trkpt lat="46.863383" lon="9.33567">
        <ele>2015.8</ele>
      </trkpt>
      <trkpt lat="46.86341" lon="9.335672">
        <ele>2016.0</ele>
      </trkpt>
      <trkpt lat="46.863424" lon="9.335655">
        <ele>2015.8</ele>
      </trkpt>
      <trkpt lat="46.863435" lon="9.335627">
        <ele>2016.0</ele>
      </trkpt>
      <trkpt lat="46.863454" lon="9.335565">
        <ele>2016.9</ele>
      </trkpt>
      <trkpt lat="46.863483" lon="9.33552">
        <ele>2017.8</ele>
      </trkpt>
      <trkpt lat="46.863519" lon="9.335491">
        <ele>2018.8</ele>
      </trkpt>
      <trkpt lat="46.863544" lon="9.335478">
        <ele>2019.4</ele>
      </trkpt>
      <trkpt lat="46.863557" lon="9.335445">
        <ele>2019.2</ele>
      </trkpt>
      <trkpt lat="46.86358" lon="9.335413">
        <ele>2019.7</ele>
      </trkpt>
      <trkpt lat="46.863604" lon="9.335346">
        <ele>2020.4</ele>
      </trkpt>
      <trkpt lat="46.863635" lon="9.335282">
        <ele>2022.0</ele>
      </trkpt>
      <trkpt lat="46.863662" lon="9.335231">
        <ele>2023.5</ele>
      </trkpt>
      <trkpt lat="46.86368" lon="9.335143">
        <ele>2024.8</ele>
      </trkpt>
      <trkpt lat="46.863698" lon="9.335085">
        <ele>2026.2</ele>
      </trkpt>
      <trkpt lat="46.863693" lon="9.335021">
        <ele>2026.9</ele>
      </trkpt>
      <trkpt lat="46.863708" lon="9.334978">
        <ele>2027.7</ele>
      </trkpt>
      <trkpt lat="46.863738" lon="9.334946">
        <ele>2027.8</ele>
      </trkpt>
      <trkpt lat="46.863811" lon="9.33493">
        <ele>2027.5</ele>
      </trkpt>
      <trkpt lat="46.863853" lon="9.334905">
        <ele>2027.1</ele>
      </trkpt>
      <trkpt lat="46.863913" lon="9.334855">
        <ele>2026.4</ele>
      </trkpt>
      <trkpt lat="46.863947" lon="9.334837">
        <ele>2026.3</ele>
      </trkpt>
      <trkpt lat="46.864034" lon="9.334803">
        <ele>2026.1</ele>
      </trkpt>
      <trkpt lat="46.864091" lon="9.334765">
        <ele>2025.8</ele>
      </trkpt>
      <trkpt lat="46.864121" lon="9.334757">
        <ele>2026.0</ele>
      </trkpt>
      <trkpt lat="46.864169" lon="9.334772">
        <ele>2025.9</ele>
      </trkpt>
      <trkpt lat="46.864184" lon="9.334764">
        <ele>2025.7</ele>
      </trkpt>
      <trkpt lat="46.864198" lon="9.334723">
        <ele>2025.6</ele>
      </trkpt>
      <trkpt lat="46.864226" lon="9.334685">
        <ele>2026.2</ele>
      </trkpt>
      <trkpt lat="46.864252" lon="9.334654">
        <ele>2026.2</ele>
      </trkpt>
      <trkpt lat="46.864305" lon="9.334516">
        <ele>2027.5</ele>
      </trkpt>
      <trkpt lat="46.864328" lon="9.334455">
        <ele>2028.4</ele>
      </trkpt>
      <trkpt lat="46.864361" lon="9.334389">
        <ele>2029.8</ele>
      </trkpt>
      <trkpt lat="46.864356" lon="9.334331">
        <ele>2029.4</ele>
      </trkpt>
      <trkpt lat="46.864325" lon="9.334209">
        <ele>2031.9</ele>
      </trkpt>
      <trkpt lat="46.864293" lon="9.334093">
        <ele>2032.9</ele>
      </trkpt>
      <trkpt lat="46.864293" lon="9.334018">
        <ele>2034.3</ele>
      </trkpt>
      <trkpt lat="46.864314" lon="9.333964">
        <ele>2035.2</ele>
      </trkpt>
      <trkpt lat="46.864364" lon="9.333872">
        <ele>2037.0</ele>
      </trkpt>
      <trkpt lat="46.864376" lon="9.333814">
        <ele>2037.9</ele>
      </trkpt>
      <trkpt lat="46.864378" lon="9.333728">
        <ele>2040.0</ele>
      </trkpt>
      <trkpt lat="46.864364" lon="9.333673">
        <ele>2040.9</ele>
      </trkpt>
      <trkpt lat="46.864342" lon="9.333617">
        <ele>2041.9</ele>
      </trkpt>
      <trkpt lat="46.864312" lon="9.33358">
        <ele>2042.6</ele>
      </trkpt>
      <trkpt lat="46.864279" lon="9.333528">
        <ele>2043.7</ele>
      </trkpt>
      <trkpt lat="46.864263" lon="9.333473">
        <ele>2044.5</ele>
      </trkpt>
      <trkpt lat="46.864264" lon="9.333444">
        <ele>2045.1</ele>
      </trkpt>
      <trkpt lat="46.864282" lon="9.333388">
        <ele>2046.2</ele>
      </trkpt>
      <trkpt lat="46.864305" lon="9.333314">
        <ele>2047.4</ele>
      </trkpt>
      <trkpt lat="46.864353" lon="9.333252">
        <ele>2048.6</ele>
      </trkpt>
      <trkpt lat="46.864376" lon="9.333191">
        <ele>2049.9</ele>
      </trkpt>
      <trkpt lat="46.864427" lon="9.333039">
        <ele>2052.4</ele>
      </trkpt>
      <trkpt lat="46.864435" lon="9.332917">
        <ele>2054.1</ele>
      </trkpt>
      <trkpt lat="46.864409" lon="9.332828">
        <ele>2054.5</ele>
      </trkpt>
      <trkpt lat="46.864417" lon="9.332775">
        <ele>2055.0</ele>
      </trkpt>
      <trkpt lat="46.86447" lon="9.332677">
        <ele>2056.9</ele>
      </trkpt>
      <trkpt lat="46.864484" lon="9.332604">
        <ele>2056.7</ele>
      </trkpt>
      <trkpt lat="46.864501" lon="9.332561">
        <ele>2057.2</ele>
      </trkpt>
      <trkpt lat="46.864549" lon="9.332514">
        <ele>2057.3</ele>
      </trkpt>
      <trkpt lat="46.864577" lon="9.332455">
        <ele>2058.0</ele>
      </trkpt>
      <trkpt lat="46.864591" lon="9.332371">
        <ele>2058.3</ele>
      </trkpt>
      <trkpt lat="46.864618" lon="9.332305">
        <ele>2058.7</ele>
      </trkpt>
      <trkpt lat="46.864681" lon="9.332269">
        <ele>2059.6</ele>
      </trkpt>
      <trkpt lat="46.864778" lon="9.332209">
        <ele>2060.3</ele>
      </trkpt>
      <trkpt lat="46.864972" lon="9.33216">
        <ele>2061.6</ele>
      </trkpt>
      <trkpt lat="46.865131" lon="9.332112">
        <ele>2063.1</ele>
      </trkpt>
      <trkpt lat="46.865289" lon="9.332072">
        <ele>2064.5</ele>
      </trkpt>
      <trkpt lat="46.865388" lon="9.332041">
        <ele>2066.3</ele>
      </trkpt>
      <trkpt lat="46.865435" lon="9.332032">
        <ele>2066.4</ele>
      </trkpt>
      <trkpt lat="46.865498" lon="9.332006">
        <ele>2067.2</ele>
      </trkpt>
      <trkpt lat="46.865555" lon="9.331979">
        <ele>2068.0</ele>
      </trkpt>
      <trkpt lat="46.865612" lon="9.331964">
        <ele>2069.1</ele>
      </trkpt>
      <trkpt lat="46.865676" lon="9.331965">
        <ele>2070.2</ele>
      </trkpt>
      <trkpt lat="46.865737" lon="9.33198">
        <ele>2070.5</ele>
      </trkpt>
      <trkpt lat="46.865788" lon="9.332008">
        <ele>2071.1</ele>
      </trkpt>
      <trkpt lat="46.865838" lon="9.332026">
        <ele>2071.3</ele>
      </trkpt>
      <trkpt lat="46.865897" lon="9.33205">
        <ele>2071.5</ele>
      </trkpt>
      <trkpt lat="46.865949" lon="9.332054">
        <ele>2071.9</ele>
      </trkpt>
      <trkpt lat="46.865996" lon="9.332071">
        <ele>2072.3</ele>
      </trkpt>
      <trkpt lat="46.86602" lon="9.332056">
        <ele>2072.3</ele>
      </trkpt>
      <trkpt lat="46.866029" lon="9.332034">
        <ele>2072.1</ele>
      </trkpt>
      <trkpt lat="46.866042" lon="9.331983">
        <ele>2071.9</ele>
      </trkpt>
      <trkpt lat="46.866063" lon="9.331927">
        <ele>2072.4</ele>
      </trkpt>
      <trkpt lat="46.866077" lon="9.331868">
        <ele>2072.9</ele>
      </trkpt>
      <trkpt lat="46.866086" lon="9.331741">
        <ele>2073.7</ele>
      </trkpt>
      <trkpt lat="46.866093" lon="9.331716">
        <ele>2073.9</ele>
      </trkpt>
      <trkpt lat="46.866113" lon="9.331682">
        <ele>2074.1</ele>
      </trkpt>
      <trkpt lat="46.86615" lon="9.331651">
        <ele>2074.9</ele>
      </trkpt>
      <trkpt lat="46.866207" lon="9.331624">
        <ele>2076.0</ele>
      </trkpt>
      <trkpt lat="46.866325" lon="9.331599">
        <ele>2078.1</ele>
      </trkpt>
      <trkpt lat="46.866411" lon="9.331574">
        <ele>2079.9</ele>
      </trkpt>
      <trkpt lat="46.866473" lon="9.331504">
        <ele>2081.0</ele>
      </trkpt>
      <trkpt lat="46.866526" lon="9.331497">
        <ele>2082.2</ele>
      </trkpt>
      <trkpt lat="46.86662" lon="9.331497">
        <ele>2083.9</ele>
      </trkpt>
      <trkpt lat="46.866667" lon="9.331473">
        <ele>2084.7</ele>
      </trkpt>
      <trkpt lat="46.866739" lon="9.331424">
        <ele>2086.2</ele>
      </trkpt>
      <trkpt lat="46.866814" lon="9.331392">
        <ele>2087.6</ele>
      </trkpt>
      <trkpt lat="46.866893" lon="9.331369">
        <ele>2088.7</ele>
      </trkpt>
      <trkpt lat="46.866958" lon="9.331363">
        <ele>2089.2</ele>
      </trkpt>
      <trkpt lat="46.867028" lon="9.331366">
        <ele>2091.1</ele>
      </trkpt>
      <trkpt lat="46.867074" lon="9.331351">
        <ele>2091.1</ele>
      </trkpt>
      <trkpt lat="46.86713" lon="9.331313">
        <ele>2089.7</ele>
      </trkpt>
      <trkpt lat="46.867199" lon="9.331259">
        <ele>2089.8</ele>
      </trkpt>
      <trkpt lat="46.867265" lon="9.331254">
        <ele>2092.0</ele>
      </trkpt>
      <trkpt lat="46.867317" lon="9.331218">
        <ele>2090.7</ele>
      </trkpt>
      <trkpt lat="46.867388" lon="9.331175">
        <ele>2090.5</ele>
      </trkpt>
      <trkpt lat="46.867435" lon="9.331154">
        <ele>2090.3</ele>
      </trkpt>
      <trkpt lat="46.867488" lon="9.33113">
        <ele>2088.8</ele>
      </trkpt>
      <trkpt lat="46.86757" lon="9.331107">
        <ele>2089.0</ele>
      </trkpt>
      <trkpt lat="46.867622" lon="9.331083">
        <ele>2088.5</ele>
      </trkpt>
      <trkpt lat="46.867668" lon="9.331086">
        <ele>2090.2</ele>
      </trkpt>
      <trkpt lat="46.867716" lon="9.331096">
        <ele>2091.7</ele>
      </trkpt>
      <trkpt lat="46.867751" lon="9.331085">
        <ele>2090.8</ele>
      </trkpt>
      <trkpt lat="46.867788" lon="9.331097">
        <ele>2092.0</ele>
      </trkpt>
      <trkpt lat="46.867807" lon="9.331089">
        <ele>2092.1</ele>
      </trkpt>
      <trkpt lat="46.867895" lon="9.331099">
        <ele>2091.3</ele>
      </trkpt>
      <trkpt lat="46.867972" lon="9.331113">
        <ele>2091.1</ele>
      </trkpt>
      <trkpt lat="46.868017" lon="9.331094">
        <ele>2092.1</ele>
      </trkpt>
      <trkpt lat="46.868036" lon="9.331071">
        <ele>2092.4</ele>
      </trkpt>
      <trkpt lat="46.868041" lon="9.331021">
        <ele>2091.7</ele>
      </trkpt>
      <trkpt lat="46.868061" lon="9.330972">
        <ele>2092.2</ele>
      </trkpt>
      <trkpt lat="46.868091" lon="9.330924">
        <ele>2091.8</ele>
      </trkpt>
      <trkpt lat="46.868125" lon="9.330908">
        <ele>2091.7</ele>
      </trkpt>
      <trkpt lat="46.868179" lon="9.330887">
        <ele>2092.2</ele>
      </trkpt>
      <trkpt lat="46.868205" lon="9.330869">
        <ele>2092.5</ele>
      </trkpt>
      <trkpt lat="46.868232" lon="9.330858">
        <ele>2093.2</ele>
      </trkpt>
      <trkpt lat="46.868241" lon="9.330824">
        <ele>2092.9</ele>
      </trkpt>
      <trkpt lat="46.86824" lon="9.330781">
        <ele>2092.8</ele>
      </trkpt>
      <trkpt lat="46.868224" lon="9.330766">
        <ele>2092.6</ele>
      </trkpt>
      <trkpt lat="46.868207" lon="9.330748">
        <ele>2092.6</ele>
      </trkpt>
      <trkpt lat="46.868168" lon="9.330708">
        <ele>2092.7</ele>
      </trkpt>
      <trkpt lat="46.868139" lon="9.330673">
        <ele>2093.2</ele>
      </trkpt>
      <trkpt lat="46.868091" lon="9.330646">
        <ele>2092.5</ele>
      </trkpt>
      <trkpt lat="46.868072" lon="9.330624">
        <ele>2093.2</ele>
      </trkpt>
      <trkpt lat="46.868021" lon="9.330534">
        <ele>2095.9</ele>
      </trkpt>
      <trkpt lat="46.867963" lon="9.33044">
        <ele>2097.6</ele>
      </trkpt>
      <trkpt lat="46.867926" lon="9.330407">
        <ele>2097.9</ele>
      </trkpt>
      <trkpt lat="46.867889" lon="9.330393">
        <ele>2098.1</ele>
      </trkpt>
      <trkpt lat="46.867811" lon="9.330374">
        <ele>2098.4</ele>
      </trkpt>
      <trkpt lat="46.867771" lon="9.33035">
        <ele>2098.7</ele>
      </trkpt>
      <trkpt lat="46.867732" lon="9.330269">
        <ele>2099.6</ele>
      </trkpt>
      <trkpt lat="46.867688" lon="9.330142">
        <ele>2100.6</ele>
      </trkpt>
      <trkpt lat="46.867662" lon="9.330044">
        <ele>2101.5</ele>
      </trkpt>
      <trkpt lat="46.867642" lon="9.329983">
        <ele>2102.1</ele>
      </trkpt>
      <trkpt lat="46.867588" lon="9.32993">
        <ele>2102.8</ele>
      </trkpt>
      <trkpt lat="46.867574" lon="9.329918">
        <ele>2103.0</ele>
      </trkpt>
      <trkpt lat="46.867549" lon="9.329897">
        <ele>2103.4</ele>
      </trkpt>
      <trkpt lat="46.867507" lon="9.329881">
        <ele>2103.5</ele>
      </trkpt>
      <trkpt lat="46.867438" lon="9.329841">
        <ele>2104.4</ele>
      </trkpt>
      <trkpt lat="46.86739" lon="9.32981">
        <ele>2104.9</ele>
      </trkpt>
      <trkpt lat="46.867364" lon="9.329745">
        <ele>2106.1</ele>
      </trkpt>
      <trkpt lat="46.867325" lon="9.329709">
        <ele>2106.1</ele>
      </trkpt>
      <trkpt lat="46.867301" lon="9.329666">
        <ele>2106.1</ele>
      </trkpt>
      <trkpt lat="46.86728" lon="9.329619">
        <ele>2106.1</ele>
      </trkpt>
      <trkpt lat="46.867278" lon="9.329526">
        <ele>2106.1</ele>
      </trkpt>
      <trkpt lat="46.867308" lon="9.329405">
        <ele>2105.8</ele>
      </trkpt>
      <trkpt lat="46.867343" lon="9.329331">
        <ele>2105.6</ele>
      </trkpt>
      <trkpt lat="46.867374" lon="9.329263">
        <ele>2105.4</ele>
      </trkpt>
      <trkpt lat="46.867416" lon="9.329211">
        <ele>2105.4</ele>
      </trkpt>
      <trkpt lat="46.867459" lon="9.329152">
        <ele>2105.0</ele>
      </trkpt>
      <trkpt lat="46.867498" lon="9.329093">
        <ele>2104.6</ele>
      </trkpt>
      <trkpt lat="46.867567" lon="9.329078">
        <ele>2105.5</ele>
      </trkpt>
      <trkpt lat="46.867619" lon="9.329048">
        <ele>2105.4</ele>
      </trkpt>
      <trkpt lat="46.867689" lon="9.329026">
        <ele>2105.2</ele>
      </trkpt>
      <trkpt lat="46.867753" lon="9.329061">
        <ele>2105.5</ele>
      </trkpt>
      <trkpt lat="46.867819" lon="9.329097">
        <ele>2105.6</ele>
      </trkpt>
      <trkpt lat="46.86787" lon="9.329121">
        <ele>2106.0</ele>
      </trkpt>
      <trkpt lat="46.867912" lon="9.329082">
        <ele>2105.9</ele>
      </trkpt>
      <trkpt lat="46.867956" lon="9.328963">
        <ele>2105.1</ele>
      </trkpt>
      <trkpt lat="46.868023" lon="9.328843">
        <ele>2104.3</ele>
      </trkpt>
      <trkpt lat="46.8681" lon="9.328728">
        <ele>2104.0</ele>
      </trkpt>
      <trkpt lat="46.868187" lon="9.328638">
        <ele>2103.6</ele>
      </trkpt>
      <trkpt lat="46.868242" lon="9.328627">
        <ele>2104.3</ele>
      </trkpt>
      <trkpt lat="46.868292" lon="9.328571">
        <ele>2104.3</ele>
      </trkpt>
      <trkpt lat="46.868357" lon="9.328493">
        <ele>2103.8</ele>
      </trkpt>
      <trkpt lat="46.868413" lon="9.328451">
        <ele>2103.9</ele>
      </trkpt>
      <trkpt lat="46.868437" lon="9.328412">
        <ele>2104.0</ele>
      </trkpt>
      <trkpt lat="46.86844" lon="9.328363">
        <ele>2103.8</ele>
      </trkpt>
      <trkpt lat="46.868429" lon="9.328249">
        <ele>2103.8</ele>
      </trkpt>
      <trkpt lat="46.868437" lon="9.328221">
        <ele>2103.7</ele>
      </trkpt>
      <trkpt lat="46.868466" lon="9.328181">
        <ele>2103.6</ele>
      </trkpt>
      <trkpt lat="46.868486" lon="9.32817">
        <ele>2103.8</ele>
      </trkpt>
      <trkpt lat="46.868499" lon="9.328153">
        <ele>2103.8</ele>
      </trkpt>
      <trkpt lat="46.868518" lon="9.328093">
        <ele>2103.3</ele>
      </trkpt>
      <trkpt lat="46.86855" lon="9.328052">
        <ele>2103.3</ele>
      </trkpt>
      <trkpt lat="46.868606" lon="9.328012">
        <ele>2103.2</ele>
      </trkpt>
      <trkpt lat="46.868667" lon="9.327933">
        <ele>2102.5</ele>
      </trkpt>
      <trkpt lat="46.868716" lon="9.327873">
        <ele>2101.9</ele>
      </trkpt>
      <trkpt lat="46.868771" lon="9.327833">
        <ele>2101.9</ele>
      </trkpt>
      <trkpt lat="46.868824" lon="9.327753">
        <ele>2101.6</ele>
      </trkpt>
      <trkpt lat="46.868856" lon="9.327725">
        <ele>2101.8</ele>
      </trkpt>
      <trkpt lat="46.868927" lon="9.32763">
        <ele>2102.0</ele>
      </trkpt>
      <trkpt lat="46.86895" lon="9.32757">
        <ele>2102.0</ele>
      </trkpt>
      <trkpt lat="46.869021" lon="9.327475">
        <ele>2102.1</ele>
      </trkpt>
      <trkpt lat="46.869128" lon="9.32739">
        <ele>2101.6</ele>
      </trkpt>
      <trkpt lat="46.869157" lon="9.327353">
        <ele>2101.0</ele>
      </trkpt>
      <trkpt lat="46.869233" lon="9.327301">
        <ele>2100.2</ele>
      </trkpt>
      <trkpt lat="46.869278" lon="9.327252">
        <ele>2099.1</ele>
      </trkpt>
      <trkpt lat="46.869383" lon="9.327174">
        <ele>2097.3</ele>
      </trkpt>
      <trkpt lat="46.869424" lon="9.327158">
        <ele>2096.9</ele>
      </trkpt>
      <trkpt lat="46.869493" lon="9.327092">
        <ele>2095.7</ele>
      </trkpt>
      <trkpt lat="46.869554" lon="9.327042">
        <ele>2094.1</ele>
      </trkpt>
      <trkpt lat="46.86962" lon="9.327002">
        <ele>2093.0</ele>
      </trkpt>
      <trkpt lat="46.869714" lon="9.326856">
        <ele>2089.5</ele>
      </trkpt>
      <trkpt lat="46.869821" lon="9.326777">
        <ele>2087.2</ele>
      </trkpt>
      <trkpt lat="46.869861" lon="9.326738">
        <ele>2086.2</ele>
      </trkpt>
      <trkpt lat="46.869905" lon="9.326692">
        <ele>2085.0</ele>
      </trkpt>
      <trkpt lat="46.869975" lon="9.326655">
        <ele>2084.3</ele>
      </trkpt>
      <trkpt lat="46.870022" lon="9.326626">
        <ele>2083.5</ele>
      </trkpt>
      <trkpt lat="46.870092" lon="9.326582">
        <ele>2081.9</ele>
      </trkpt>
      <trkpt lat="46.870144" lon="9.326527">
        <ele>2079.9</ele>
      </trkpt>
      <trkpt lat="46.870244" lon="9.326463">
        <ele>2078.1</ele>
      </trkpt>
      <trkpt lat="46.870322" lon="9.326419">
        <ele>2077.0</ele>
      </trkpt>
      <trkpt lat="46.870397" lon="9.326406">
        <ele>2075.7</ele>
      </trkpt>
      <trkpt lat="46.870435" lon="9.326428">
        <ele>2075.7</ele>
      </trkpt>
      <trkpt lat="46.870486" lon="9.326507">
        <ele>2075.2</ele>
      </trkpt>
      <trkpt lat="46.870532" lon="9.32658">
        <ele>2074.0</ele>
      </trkpt>
      <trkpt lat="46.870588" lon="9.326618">
        <ele>2072.3</ele>
      </trkpt>
      <trkpt lat="46.870654" lon="9.326639">
        <ele>2070.8</ele>
      </trkpt>
      <trkpt lat="46.870699" lon="9.326642">
        <ele>2069.6</ele>
      </trkpt>
      <trkpt lat="46.870752" lon="9.326628">
        <ele>2068.3</ele>
      </trkpt>
      <trkpt lat="46.870838" lon="9.326583">
        <ele>2066.3</ele>
      </trkpt>
      <trkpt lat="46.870937" lon="9.326549">
        <ele>2064.6</ele>
      </trkpt>
      <trkpt lat="46.870978" lon="9.326512">
        <ele>2063.5</ele>
      </trkpt>
      <trkpt lat="46.871077" lon="9.326467">
        <ele>2062.1</ele>
      </trkpt>
      <trkpt lat="46.87112" lon="9.326434">
        <ele>2061.2</ele>
      </trkpt>
      <trkpt lat="46.871159" lon="9.326385">
        <ele>2059.7</ele>
      </trkpt>
      <trkpt lat="46.871218" lon="9.326353">
        <ele>2058.9</ele>
      </trkpt>
      <trkpt lat="46.871267" lon="9.326321">
        <ele>2057.9</ele>
      </trkpt>
      <trkpt lat="46.871294" lon="9.326272">
        <ele>2056.6</ele>
      </trkpt>
      <trkpt lat="46.871337" lon="9.326214">
        <ele>2055.2</ele>
      </trkpt>
      <trkpt lat="46.8714" lon="9.326169">
        <ele>2054.4</ele>
      </trkpt>
      <trkpt lat="46.871435" lon="9.326122">
        <ele>2053.2</ele>
      </trkpt>
      <trkpt lat="46.871493" lon="9.326056">
        <ele>2051.1</ele>
      </trkpt>
      <trkpt lat="46.871534" lon="9.326021">
        <ele>2050.6</ele>
      </trkpt>
      <trkpt lat="46.871584" lon="9.32593">
        <ele>2048.5</ele>
      </trkpt>
      <trkpt lat="46.871617" lon="9.325883">
        <ele>2047.6</ele>
      </trkpt>
      <trkpt lat="46.871664" lon="9.325801">
        <ele>2045.7</ele>
      </trkpt>
      <trkpt lat="46.871693" lon="9.325777">
        <ele>2045.5</ele>
      </trkpt>
      <trkpt lat="46.871746" lon="9.325707">
        <ele>2044.3</ele>
      </trkpt>
      <trkpt lat="46.871754" lon="9.32567">
        <ele>2043.2</ele>
      </trkpt>
      <trkpt lat="46.871782" lon="9.325641">
        <ele>2042.4</ele>
      </trkpt>
      <trkpt lat="46.871801" lon="9.325612">
        <ele>2041.9</ele>
      </trkpt>
      <trkpt lat="46.87183" lon="9.325563">
        <ele>2040.8</ele>
      </trkpt>
      <trkpt lat="46.871847" lon="9.325532">
        <ele>2040.4</ele>
      </trkpt>
      <trkpt lat="46.871878" lon="9.325464">
        <ele>2038.9</ele>
      </trkpt>
      <trkpt lat="46.871908" lon="9.325396">
        <ele>2037.9</ele>
      </trkpt>
      <trkpt lat="46.871915" lon="9.325358">
        <ele>2036.6</ele>
      </trkpt>
      <trkpt lat="46.87194" lon="9.325305">
        <ele>2036.1</ele>
      </trkpt>
      <trkpt lat="46.871955" lon="9.325232">
        <ele>2034.4</ele>
      </trkpt>
      <trkpt lat="46.871986" lon="9.325133">
        <ele>2032.7</ele>
      </trkpt>
      <trkpt lat="46.872001" lon="9.325009">
        <ele>2030.0</ele>
      </trkpt>
      <trkpt lat="46.872019" lon="9.324871">
        <ele>2028.1</ele>
      </trkpt>
      <trkpt lat="46.872018" lon="9.324813">
        <ele>2027.2</ele>
      </trkpt>
      <trkpt lat="46.871993" lon="9.324726">
        <ele>2026.4</ele>
      </trkpt>
      <trkpt lat="46.871952" lon="9.324592">
        <ele>2026.6</ele>
      </trkpt>
      <trkpt lat="46.871909" lon="9.324503">
        <ele>2026.4</ele>
      </trkpt>
      <trkpt lat="46.871879" lon="9.324451">
        <ele>2026.2</ele>
      </trkpt>
      <trkpt lat="46.871816" lon="9.3244">
        <ele>2026.6</ele>
      </trkpt>
      <trkpt lat="46.871787" lon="9.324353">
        <ele>2026.3</ele>
      </trkpt>
      <trkpt lat="46.871723" lon="9.324274">
        <ele>2026.1</ele>
      </trkpt>
      <trkpt lat="46.871699" lon="9.324255">
        <ele>2026.2</ele>
      </trkpt>
      <trkpt lat="46.871656" lon="9.324211">
        <ele>2026.4</ele>
      </trkpt>
      <trkpt lat="46.871622" lon="9.324212">
        <ele>2026.3</ele>
      </trkpt>
      <trkpt lat="46.871588" lon="9.324223">
        <ele>2025.9</ele>
      </trkpt>
      <trkpt lat="46.871547" lon="9.324216">
        <ele>2025.9</ele>
      </trkpt>
      <trkpt lat="46.871505" lon="9.324187">
        <ele>2025.4</ele>
      </trkpt>
      <trkpt lat="46.871431" lon="9.324127">
        <ele>2025.1</ele>
      </trkpt>
      <trkpt lat="46.871393" lon="9.324105">
        <ele>2024.6</ele>
      </trkpt>
      <trkpt lat="46.871344" lon="9.324105">
        <ele>2024.1</ele>
      </trkpt>
      <trkpt lat="46.871297" lon="9.3241">
        <ele>2023.5</ele>
      </trkpt>
      <trkpt lat="46.871259" lon="9.324083">
        <ele>2022.9</ele>
      </trkpt>
      <trkpt lat="46.871224" lon="9.324105">
        <ele>2022.4</ele>
      </trkpt>
      <trkpt lat="46.871202" lon="9.324112">
        <ele>2021.9</ele>
      </trkpt>
      <trkpt lat="46.871179" lon="9.324135">
        <ele>2021.8</ele>
      </trkpt>
      <trkpt lat="46.871168" lon="9.324133">
        <ele>2021.5</ele>
      </trkpt>
      <trkpt lat="46.871136" lon="9.324102">
        <ele>2020.6</ele>
      </trkpt>
      <trkpt lat="46.871119" lon="9.324084">
        <ele>2020.1</ele>
      </trkpt>
      <trkpt lat="46.871115" lon="9.324063">
        <ele>2019.8</ele>
      </trkpt>
      <trkpt lat="46.871116" lon="9.324021">
        <ele>2019.3</ele>
      </trkpt>
      <trkpt lat="46.871122" lon="9.323994">
        <ele>2018.9</ele>
      </trkpt>
      <trkpt lat="46.871137" lon="9.32396">
        <ele>2018.4</ele>
      </trkpt>
      <trkpt lat="46.871139" lon="9.323916">
        <ele>2017.6</ele>
      </trkpt>
      <trkpt lat="46.87114" lon="9.32386">
        <ele>2016.3</ele>
      </trkpt>
      <trkpt lat="46.871165" lon="9.323779">
        <ele>2014.9</ele>
      </trkpt>
      <trkpt lat="46.871196" lon="9.323719">
        <ele>2014.1</ele>
      </trkpt>
      <trkpt lat="46.87121" lon="9.323692">
        <ele>2013.7</ele>
      </trkpt>
      <trkpt lat="46.871238" lon="9.323667">
        <ele>2013.4</ele>
      </trkpt>
      <trkpt lat="46.871253" lon="9.323658">
        <ele>2013.1</ele>
      </trkpt>
      <trkpt lat="46.87128" lon="9.323609">
        <ele>2011.5</ele>
      </trkpt>
      <trkpt lat="46.871281" lon="9.323598">
        <ele>2011.2</ele>
      </trkpt>
      <trkpt lat="46.871275" lon="9.323589">
        <ele>2011.0</ele>
      </trkpt>
      <trkpt lat="46.871269" lon="9.323585">
        <ele>2010.9</ele>
      </trkpt>
      <trkpt lat="46.871255" lon="9.323585">
        <ele>2010.6</ele>
      </trkpt>
      <trkpt lat="46.871253" lon="9.323577">
        <ele>2010.2</ele>
      </trkpt>
      <trkpt lat="46.871252" lon="9.323556">
        <ele>2009.5</ele>
      </trkpt>
      <trkpt lat="46.871244" lon="9.323526">
        <ele>2008.7</ele>
      </trkpt>
      <trkpt lat="46.871237" lon="9.323501">
        <ele>2008.0</ele>
      </trkpt>
      <trkpt lat="46.87124" lon="9.323481">
        <ele>2007.4</ele>
      </trkpt>
      <trkpt lat="46.87125" lon="9.323464">
        <ele>2006.9</ele>
      </trkpt>
      <trkpt lat="46.871288" lon="9.323436">
        <ele>2005.7</ele>
      </trkpt>
      <trkpt lat="46.871322" lon="9.32342">
        <ele>2004.7</ele>
      </trkpt>
      <trkpt lat="46.871342" lon="9.323407">
        <ele>2004.3</ele>
      </trkpt>
      <trkpt lat="46.871388" lon="9.323365">
        <ele>2003.4</ele>
      </trkpt>
      <trkpt lat="46.871406" lon="9.323313">
        <ele>2002.7</ele>
      </trkpt>
      <trkpt lat="46.871423" lon="9.323285">
        <ele>2002.2</ele>
      </trkpt>
      <trkpt lat="46.871468" lon="9.323249">
        <ele>2001.8</ele>
      </trkpt>
      <trkpt lat="46.871525" lon="9.323203">
        <ele>2001.9</ele>
      </trkpt>
      <trkpt lat="46.87156" lon="9.32316">
        <ele>2001.9</ele>
      </trkpt>
      <trkpt lat="46.87163" lon="9.323098">
        <ele>2002.3</ele>
      </trkpt>
      <trkpt lat="46.871666" lon="9.32302">
        <ele>2002.3</ele>
      </trkpt>
      <trkpt lat="46.871703" lon="9.322961">
        <ele>2002.1</ele>
      </trkpt>
      <trkpt lat="46.87175" lon="9.322873">
        <ele>2001.8</ele>
      </trkpt>
      <trkpt lat="46.871742" lon="9.322788">
        <ele>2001.8</ele>
      </trkpt>
      <trkpt lat="46.871734" lon="9.322704">
        <ele>2001.9</ele>
      </trkpt>
      <trkpt lat="46.871713" lon="9.322641">
        <ele>2003.2</ele>
      </trkpt>
      <trkpt lat="46.871685" lon="9.322608">
        <ele>2003.4</ele>
      </trkpt>
      <trkpt lat="46.871488" lon="9.322519">
        <ele>2001.3</ele>
      </trkpt>
      <trkpt lat="46.871291" lon="9.322446">
        <ele>2000.4</ele>
      </trkpt>
      <trkpt lat="46.871199" lon="9.322368">
        <ele>2000.2</ele>
      </trkpt>
      <trkpt lat="46.871194" lon="9.322366">
        <ele>2000.2</ele>
      </trkpt>
      <trkpt lat="46.871161" lon="9.32235">
        <ele>2000.3</ele>
      </trkpt>
      <trkpt lat="46.871132" lon="9.322348">
        <ele>2000.2</ele>
      </trkpt>
      <trkpt lat="46.871077" lon="9.322393">
        <ele>2000.7</ele>
      </trkpt>
      <trkpt lat="46.871027" lon="9.322414">
        <ele>2000.6</ele>
      </trkpt>
      <trkpt lat="46.870983" lon="9.322414">
        <ele>2000.3</ele>
      </trkpt>
      <trkpt lat="46.870851" lon="9.322386">
        <ele>1997.8</ele>
      </trkpt>
      <trkpt lat="46.870705" lon="9.322392">
        <ele>1995.9</ele>
      </trkpt>
      <trkpt lat="46.870592" lon="9.322382">
        <ele>1994.4</ele>
      </trkpt>
      <trkpt lat="46.870436" lon="9.322386">
        <ele>1992.9</ele>
      </trkpt>
      <trkpt lat="46.870335" lon="9.322378">
        <ele>1992.0</ele>
      </trkpt>
      <trkpt lat="46.870181" lon="9.322325">
        <ele>1989.6</ele>
      </trkpt>
      <trkpt lat="46.870129" lon="9.322296">
        <ele>1988.4</ele>
      </trkpt>
      <trkpt lat="46.870029" lon="9.322166">
        <ele>1985.6</ele>
      </trkpt>
      <trkpt lat="46.869938" lon="9.32204">
        <ele>1983.1</ele>
      </trkpt>
      <trkpt lat="46.869892" lon="9.322005">
        <ele>1982.0</ele>
      </trkpt>
      <trkpt lat="46.869729" lon="9.321952">
        <ele>1977.7</ele>
      </trkpt>
      <trkpt lat="46.869626" lon="9.321898">
        <ele>1974.4</ele>
      </trkpt>
      <trkpt lat="46.869568" lon="9.321866">
        <ele>1972.0</ele>
      </trkpt>
      <trkpt lat="46.869348" lon="9.321765">
        <ele>1964.1</ele>
      </trkpt>
      <trkpt lat="46.869211" lon="9.321717">
        <ele>1961.3</ele>
      </trkpt>
      <trkpt lat="46.86906" lon="9.321671">
        <ele>1957.3</ele>
      </trkpt>
      <trkpt lat="46.868956" lon="9.321641">
        <ele>1953.7</ele>
      </trkpt>
      <trkpt lat="46.868847" lon="9.321647">
        <ele>1949.6</ele>
      </trkpt>
      <trkpt lat="46.868759" lon="9.321637">
        <ele>1946.5</ele>
      </trkpt>
      <trkpt lat="46.868706" lon="9.321617">
        <ele>1944.9</ele>
      </trkpt>
      <trkpt lat="46.86865" lon="9.321594">
        <ele>1943.1</ele>
      </trkpt>
      <trkpt lat="46.868521" lon="9.321559">
        <ele>1939.6</ele>
      </trkpt>
      <trkpt lat="46.86837" lon="9.321519">
        <ele>1934.7</ele>
      </trkpt>
      <trkpt lat="46.868241" lon="9.321477">
        <ele>1930.8</ele>
      </trkpt>
      <trkpt lat="46.868135" lon="9.321459">
        <ele>1927.3</ele>
      </trkpt>
      <trkpt lat="46.868083" lon="9.32143">
        <ele>1925.8</ele>
      </trkpt>
      <trkpt lat="46.86802" lon="9.3214">
        <ele>1923.5</ele>
      </trkpt>
      <trkpt lat="46.867975" lon="9.321385">
        <ele>1922.4</ele>
      </trkpt>
      <trkpt lat="46.867879" lon="9.321376">
        <ele>1919.6</ele>
      </trkpt>
      <trkpt lat="46.86779" lon="9.321359">
        <ele>1917.1</ele>
      </trkpt>
      <trkpt lat="46.86771" lon="9.321369">
        <ele>1914.6</ele>
      </trkpt>
      <trkpt lat="46.86766" lon="9.321362">
        <ele>1913.5</ele>
      </trkpt>
      <trkpt lat="46.867574" lon="9.321338">
        <ele>1911.5</ele>
      </trkpt>
      <trkpt lat="46.867462" lon="9.321312">
        <ele>1908.6</ele>
      </trkpt>
      <trkpt lat="46.86736" lon="9.321295">
        <ele>1904.6</ele>
      </trkpt>
      <trkpt lat="46.867302" lon="9.321282">
        <ele>1903.5</ele>
      </trkpt>
      <trkpt lat="46.867216" lon="9.321259">
        <ele>1901.5</ele>
      </trkpt>
      <trkpt lat="46.867124" lon="9.321216">
        <ele>1899.4</ele>
      </trkpt>
      <trkpt lat="46.867047" lon="9.321202">
        <ele>1897.1</ele>
      </trkpt>
      <trkpt lat="46.866943" lon="9.321166">
        <ele>1893.8</ele>
      </trkpt>
      <trkpt lat="46.866855" lon="9.321134">
        <ele>1890.5</ele>
      </trkpt>
      <trkpt lat="46.866833" lon="9.321122">
        <ele>1890.0</ele>
      </trkpt>
      <trkpt lat="46.866807" lon="9.321108">
        <ele>1889.4</ele>
      </trkpt>
      <trkpt lat="46.866742" lon="9.321085">
        <ele>1888.6</ele>
      </trkpt>
      <trkpt lat="46.866769" lon="9.321173">
        <ele>1887.0</ele>
      </trkpt>
      <trkpt lat="46.866803" lon="9.321252">
        <ele>1885.6</ele>
      </trkpt>
      <trkpt lat="46.866818" lon="9.321312">
        <ele>1884.4</ele>
      </trkpt>
      <trkpt lat="46.866849" lon="9.321433">
        <ele>1882.6</ele>
      </trkpt>
      <trkpt lat="46.86685" lon="9.321436">
        <ele>1882.6</ele>
      </trkpt>
      <trkpt lat="46.866873" lon="9.321495">
        <ele>1881.9</ele>
      </trkpt>
      <trkpt lat="46.866905" lon="9.321549">
        <ele>1880.9</ele>
      </trkpt>
      <trkpt lat="46.866958" lon="9.32163">
        <ele>1879.3</ele>
      </trkpt>
      <trkpt lat="46.866992" lon="9.321725">
        <ele>1877.6</ele>
      </trkpt>
      <trkpt lat="46.867038" lon="9.321805">
        <ele>1876.8</ele>
      </trkpt>
      <trkpt lat="46.86707" lon="9.321864">
        <ele>1876.1</ele>
      </trkpt>
      <trkpt lat="46.867085" lon="9.321903">
        <ele>1875.3</ele>
      </trkpt>
      <trkpt lat="46.86709" lon="9.321937">
        <ele>1874.7</ele>
      </trkpt>
      <trkpt lat="46.867084" lon="9.321982">
        <ele>1874.0</ele>
      </trkpt>
      <trkpt lat="46.867063" lon="9.322043">
        <ele>1873.2</ele>
      </trkpt>
      <trkpt lat="46.86702" lon="9.322148">
        <ele>1872.3</ele>
      </trkpt>
      <trkpt lat="46.866986" lon="9.322176">
        <ele>1872.0</ele>
      </trkpt>
      <trkpt lat="46.866936" lon="9.322199">
        <ele>1871.7</ele>
      </trkpt>
      <trkpt lat="46.866826" lon="9.322215">
        <ele>1871.4</ele>
      </trkpt>
      <trkpt lat="46.866655" lon="9.32223">
        <ele>1871.7</ele>
      </trkpt>
      <trkpt lat="46.86646" lon="9.322267">
        <ele>1871.3</ele>
      </trkpt>
      <trkpt lat="46.866342" lon="9.322319">
        <ele>1870.8</ele>
      </trkpt>
      <trkpt lat="46.866273" lon="9.32237">
        <ele>1870.4</ele>
      </trkpt>
      <trkpt lat="46.866229" lon="9.322416">
        <ele>1869.8</ele>
      </trkpt>
      <trkpt lat="46.866188" lon="9.322481">
        <ele>1869.2</ele>
      </trkpt>
      <trkpt lat="46.866148" lon="9.322551">
        <ele>1867.9</ele>
      </trkpt>
      <trkpt lat="46.866114" lon="9.322602">
        <ele>1867.0</ele>
      </trkpt>
      <trkpt lat="46.866077" lon="9.322632">
        <ele>1866.4</ele>
      </trkpt>
      <trkpt lat="46.86602" lon="9.322671">
        <ele>1865.9</ele>
      </trkpt>
      <trkpt lat="46.865963" lon="9.322723">
        <ele>1864.1</ele>
      </trkpt>
      <trkpt lat="46.865916" lon="9.322785">
        <ele>1862.2</ele>
      </trkpt>
      <trkpt lat="46.865872" lon="9.322865">
        <ele>1860.2</ele>
      </trkpt>
      <trkpt lat="46.865841" lon="9.322956">
        <ele>1858.2</ele>
      </trkpt>
      <trkpt lat="46.865823" lon="9.323035">
        <ele>1857.3</ele>
      </trkpt>
      <trkpt lat="46.865808" lon="9.323144">
        <ele>1855.9</ele>
      </trkpt>
      <trkpt lat="46.865788" lon="9.323223">
        <ele>1855.1</ele>
      </trkpt>
      <trkpt lat="46.865757" lon="9.32331">
        <ele>1854.4</ele>
      </trkpt>
      <trkpt lat="46.865722" lon="9.323374">
        <ele>1853.5</ele>
      </trkpt>
      <trkpt lat="46.865692" lon="9.323489">
        <ele>1852.7</ele>
      </trkpt>
      <trkpt lat="46.865662" lon="9.323551">
        <ele>1851.7</ele>
      </trkpt>
      <trkpt lat="46.865614" lon="9.323604">
        <ele>1850.5</ele>
      </trkpt>
      <trkpt lat="46.865552" lon="9.323638">
        <ele>1849.4</ele>
      </trkpt>
      <trkpt lat="46.865494" lon="9.32365">
        <ele>1848.2</ele>
      </trkpt>
      <trkpt lat="46.865422" lon="9.323655">
        <ele>1847.2</ele>
      </trkpt>
      <trkpt lat="46.865358" lon="9.323678">
        <ele>1846.2</ele>
      </trkpt>
      <trkpt lat="46.865292" lon="9.323694">
        <ele>1844.7</ele>
      </trkpt>
      <trkpt lat="46.865209" lon="9.323719">
        <ele>1842.7</ele>
      </trkpt>
      <trkpt lat="46.865116" lon="9.32374">
        <ele>1840.2</ele>
      </trkpt>
      <trkpt lat="46.865057" lon="9.323752">
        <ele>1839.1</ele>
      </trkpt>
      <trkpt lat="46.864989" lon="9.323766">
        <ele>1837.3</ele>
      </trkpt>
      <trkpt lat="46.864966" lon="9.323771">
        <ele>1837.2</ele>
      </trkpt>
      <trkpt lat="46.864841" lon="9.323807">
        <ele>1834.9</ele>
      </trkpt>
      <trkpt lat="46.864741" lon="9.323832">
        <ele>1833.3</ele>
      </trkpt>
      <trkpt lat="46.864649" lon="9.323854">
        <ele>1830.6</ele>
      </trkpt>
      <trkpt lat="46.864492" lon="9.323875">
        <ele>1827.1</ele>
      </trkpt>
      <trkpt lat="46.864254" lon="9.323859">
        <ele>1822.1</ele>
      </trkpt>
      <trkpt lat="46.864182" lon="9.323859">
        <ele>1820.9</ele>
      </trkpt>
      <trkpt lat="46.864105" lon="9.323878">
        <ele>1819.1</ele>
      </trkpt>
      <trkpt lat="46.864017" lon="9.323878">
        <ele>1816.2</ele>
      </trkpt>
      <trkpt lat="46.86394" lon="9.32388">
        <ele>1813.8</ele>
      </trkpt>
      <trkpt lat="46.863898" lon="9.323905">
        <ele>1812.9</ele>
      </trkpt>
      <trkpt lat="46.863856" lon="9.32393">
        <ele>1811.9</ele>
      </trkpt>
      <trkpt lat="46.863733" lon="9.323962">
        <ele>1808.3</ele>
      </trkpt>
      <trkpt lat="46.863712" lon="9.323963">
        <ele>1807.9</ele>
      </trkpt>
      <trkpt lat="46.863683" lon="9.323965">
        <ele>1807.1</ele>
      </trkpt>
      <trkpt lat="46.863652" lon="9.323972">
        <ele>1805.8</ele>
      </trkpt>
      <trkpt lat="46.863584" lon="9.324001">
        <ele>1803.9</ele>
      </trkpt>
      <trkpt lat="46.863498" lon="9.32403">
        <ele>1801.8</ele>
      </trkpt>
      <trkpt lat="46.863414" lon="9.324053">
        <ele>1799.4</ele>
      </trkpt>
      <trkpt lat="46.863267" lon="9.32406">
        <ele>1795.8</ele>
      </trkpt>
      <trkpt lat="46.8631" lon="9.324115">
        <ele>1792.1</ele>
      </trkpt>
      <trkpt lat="46.863049" lon="9.324144">
        <ele>1791.0</ele>
      </trkpt>
      <trkpt lat="46.862995" lon="9.324169">
        <ele>1789.6</ele>
      </trkpt>
      <trkpt lat="46.862902" lon="9.324208">
        <ele>1787.4</ele>
      </trkpt>
      <trkpt lat="46.862755" lon="9.324265">
        <ele>1783.9</ele>
      </trkpt>
      <trkpt lat="46.862679" lon="9.324289">
        <ele>1781.9</ele>
      </trkpt>
      <trkpt lat="46.862578" lon="9.324305">
        <ele>1779.2</ele>
      </trkpt>
      <trkpt lat="46.862535" lon="9.324301">
        <ele>1778.1</ele>
      </trkpt>
      <trkpt lat="46.862535" lon="9.3243">
        <ele>1778.1</ele>
      </trkpt>
      <trkpt lat="46.862513" lon="9.324279">
        <ele>1777.3</ele>
      </trkpt>
      <trkpt lat="46.862505" lon="9.324249">
        <ele>1777.0</ele>
      </trkpt>
      <trkpt lat="46.862505" lon="9.324193">
        <ele>1776.0</ele>
      </trkpt>
      <trkpt lat="46.862506" lon="9.324131">
        <ele>1775.0</ele>
      </trkpt>
      <trkpt lat="46.862547" lon="9.323858">
        <ele>1770.7</ele>
      </trkpt>
      <trkpt lat="46.86255" lon="9.323783">
        <ele>1769.6</ele>
      </trkpt>
      <trkpt lat="46.862537" lon="9.323721">
        <ele>1768.9</ele>
      </trkpt>
      <trkpt lat="46.862516" lon="9.323657">
        <ele>1768.3</ele>
      </trkpt>
      <trkpt lat="46.86248" lon="9.323569">
        <ele>1766.7</ele>
      </trkpt>
      <trkpt lat="46.862445" lon="9.32351">
        <ele>1765.2</ele>
      </trkpt>
      <trkpt lat="46.862424" lon="9.323479">
        <ele>1764.4</ele>
      </trkpt>
      <trkpt lat="46.862415" lon="9.323449">
        <ele>1763.8</ele>
      </trkpt>
      <trkpt lat="46.862417" lon="9.323423">
        <ele>1763.3</ele>
      </trkpt>
      <trkpt lat="46.862434" lon="9.323384">
        <ele>1762.6</ele>
      </trkpt>
      <trkpt lat="46.862461" lon="9.32335">
        <ele>1761.5</ele>
      </trkpt>
      <trkpt lat="46.862515" lon="9.323315">
        <ele>1760.7</ele>
      </trkpt>
      <trkpt lat="46.86257" lon="9.323283">
        <ele>1759.9</ele>
      </trkpt>
      <trkpt lat="46.862583" lon="9.323263">
        <ele>1759.3</ele>
      </trkpt>
      <trkpt lat="46.862585" lon="9.323241">
        <ele>1759.0</ele>
      </trkpt>
      <trkpt lat="46.862579" lon="9.323228">
        <ele>1758.8</ele>
      </trkpt>
      <trkpt lat="46.862564" lon="9.323213">
        <ele>1758.3</ele>
      </trkpt>
      <trkpt lat="46.862535" lon="9.323211">
        <ele>1757.6</ele>
      </trkpt>
      <trkpt lat="46.862488" lon="9.323203">
        <ele>1756.5</ele>
      </trkpt>
      <trkpt lat="46.862452" lon="9.323194">
        <ele>1755.9</ele>
      </trkpt>
      <trkpt lat="46.86238" lon="9.323164">
        <ele>1754.0</ele>
      </trkpt>
      <trkpt lat="46.862344" lon="9.323153">
        <ele>1753.4</ele>
      </trkpt>
      <trkpt lat="46.862296" lon="9.32315">
        <ele>1752.5</ele>
      </trkpt>
      <trkpt lat="46.862252" lon="9.323155">
        <ele>1751.6</ele>
      </trkpt>
      <trkpt lat="46.862222" lon="9.323169">
        <ele>1751.1</ele>
      </trkpt>
      <trkpt lat="46.862193" lon="9.323189">
        <ele>1750.6</ele>
      </trkpt>
      <trkpt lat="46.862153" lon="9.323226">
        <ele>1749.6</ele>
      </trkpt>
      <trkpt lat="46.862114" lon="9.323284">
        <ele>1748.5</ele>
      </trkpt>
      <trkpt lat="46.862098" lon="9.323323">
        <ele>1747.9</ele>
      </trkpt>
      <trkpt lat="46.862063" lon="9.323439">
        <ele>1745.9</ele>
      </trkpt>
      <trkpt lat="46.862049" lon="9.323481">
        <ele>1745.4</ele>
      </trkpt>
      <trkpt lat="46.862016" lon="9.323526">
        <ele>1744.4</ele>
      </trkpt>
      <trkpt lat="46.861908" lon="9.323595">
        <ele>1742.1</ele>
      </trkpt>
      <trkpt lat="46.861797" lon="9.323693">
        <ele>1739.2</ele>
      </trkpt>
      <trkpt lat="46.861688" lon="9.323825">
        <ele>1736.4</ele>
      </trkpt>
      <trkpt lat="46.861619" lon="9.323888">
        <ele>1735.0</ele>
      </trkpt>
      <trkpt lat="46.861542" lon="9.323941">
        <ele>1733.6</ele>
      </trkpt>
      <trkpt lat="46.861457" lon="9.323999">
        <ele>1731.7</ele>
      </trkpt>
      <trkpt lat="46.861394" lon="9.324055">
        <ele>1729.8</ele>
      </trkpt>
      <trkpt lat="46.861341" lon="9.324153">
        <ele>1727.7</ele>
      </trkpt>
      <trkpt lat="46.861288" lon="9.324219">
        <ele>1726.3</ele>
      </trkpt>
      <trkpt lat="46.861234" lon="9.324249">
        <ele>1725.0</ele>
      </trkpt>
      <trkpt lat="46.861163" lon="9.324259">
        <ele>1723.6</ele>
      </trkpt>
      <trkpt lat="46.861046" lon="9.324259">
        <ele>1721.1</ele>
      </trkpt>
      <trkpt lat="46.860938" lon="9.32427">
        <ele>1718.8</ele>
      </trkpt>
      <trkpt lat="46.860859" lon="9.324281">
        <ele>1717.2</ele>
      </trkpt>
      <trkpt lat="46.860777" lon="9.324309">
        <ele>1715.2</ele>
      </trkpt>
      <trkpt lat="46.860731" lon="9.324334">
        <ele>1713.7</ele>
      </trkpt>
      <trkpt lat="46.860658" lon="9.324385">
        <ele>1710.8</ele>
      </trkpt>
      <trkpt lat="46.86056" lon="9.324436">
        <ele>1707.3</ele>
      </trkpt>
      <trkpt lat="46.860524" lon="9.324453">
        <ele>1705.6</ele>
      </trkpt>
      <trkpt lat="46.860456" lon="9.3245">
        <ele>1703.3</ele>
      </trkpt>
      <trkpt lat="46.860418" lon="9.324512">
        <ele>1702.0</ele>
      </trkpt>
      <trkpt lat="46.860397" lon="9.324508">
        <ele>1701.2</ele>
      </trkpt>
      <trkpt lat="46.86038" lon="9.3245">
        <ele>1700.6</ele>
      </trkpt>
      <trkpt lat="46.860365" lon="9.324471">
        <ele>1699.7</ele>
      </trkpt>
      <trkpt lat="46.860342" lon="9.324379">
        <ele>1697.7</ele>
      </trkpt>
      <trkpt lat="46.860298" lon="9.324203">
        <ele>1693.2</ele>
      </trkpt>
      <trkpt lat="46.860297" lon="9.324183">
        <ele>1692.8</ele>
      </trkpt>
      <trkpt lat="46.860294" lon="9.324117">
        <ele>1691.4</ele>
      </trkpt>
      <trkpt lat="46.860295" lon="9.324038">
        <ele>1689.9</ele>
      </trkpt>
      <trkpt lat="46.860296" lon="9.32402">
        <ele>1689.5</ele>
      </trkpt>
      <trkpt lat="46.860309" lon="9.323948">
        <ele>1687.3</ele>
      </trkpt>
      <trkpt lat="46.860314" lon="9.323933">
        <ele>1687.0</ele>
      </trkpt>
      <trkpt lat="46.860343" lon="9.323871">
        <ele>1686.8</ele>
      </trkpt>
      <trkpt lat="46.860378" lon="9.323815">
        <ele>1686.2</ele>
      </trkpt>
      <trkpt lat="46.860402" lon="9.323756">
        <ele>1685.0</ele>
      </trkpt>
      <trkpt lat="46.860408" lon="9.323706">
        <ele>1684.2</ele>
      </trkpt>
      <trkpt lat="46.860406" lon="9.323675">
        <ele>1683.8</ele>
      </trkpt>
      <trkpt lat="46.860396" lon="9.323647">
        <ele>1683.3</ele>
      </trkpt>
      <trkpt lat="46.86038" lon="9.323627">
        <ele>1682.7</ele>
      </trkpt>
      <trkpt lat="46.860349" lon="9.323617">
        <ele>1681.8</ele>
      </trkpt>
      <trkpt lat="46.860323" lon="9.323617">
        <ele>1681.1</ele>
      </trkpt>
      <trkpt lat="46.860297" lon="9.323629">
        <ele>1680.4</ele>
      </trkpt>
      <trkpt lat="46.860152" lon="9.32372">
        <ele>1675.8</ele>
      </trkpt>
      <trkpt lat="46.860038" lon="9.323809">
        <ele>1672.2</ele>
      </trkpt>
      <trkpt lat="46.859966" lon="9.323863">
        <ele>1669.6</ele>
      </trkpt>
      <trkpt lat="46.859868" lon="9.323938">
        <ele>1665.7</ele>
      </trkpt>
      <trkpt lat="46.859822" lon="9.323972">
        <ele>1664.1</ele>
      </trkpt>
      <trkpt lat="46.859774" lon="9.324023">
        <ele>1662.6</ele>
      </trkpt>
      <trkpt lat="46.859727" lon="9.324063">
        <ele>1660.4</ele>
      </trkpt>
      <trkpt lat="46.859644" lon="9.324141">
        <ele>1657.1</ele>
      </trkpt>
      <trkpt lat="46.859585" lon="9.324228">
        <ele>1654.7</ele>
      </trkpt>
      <trkpt lat="46.859494" lon="9.324372">
        <ele>1649.8</ele>
      </trkpt>
      <trkpt lat="46.859442" lon="9.324472">
        <ele>1646.7</ele>
      </trkpt>
      <trkpt lat="46.859402" lon="9.324599">
        <ele>1644.0</ele>
      </trkpt>
      <trkpt lat="46.859384" lon="9.324673">
        <ele>1642.6</ele>
      </trkpt>
      <trkpt lat="46.859372" lon="9.324703">
        <ele>1641.9</ele>
      </trkpt>
      <trkpt lat="46.859353" lon="9.324719">
        <ele>1641.3</ele>
      </trkpt>
      <trkpt lat="46.859339" lon="9.324713">
        <ele>1641.0</ele>
      </trkpt>
      <trkpt lat="46.859332" lon="9.324688">
        <ele>1640.8</ele>
      </trkpt>
      <trkpt lat="46.85933" lon="9.32461">
        <ele>1639.8</ele>
      </trkpt>
      <trkpt lat="46.859325" lon="9.324527">
        <ele>1637.5</ele>
      </trkpt>
      <trkpt lat="46.859304" lon="9.324415">
        <ele>1636.5</ele>
      </trkpt>
      <trkpt lat="46.859297" lon="9.324306">
        <ele>1635.6</ele>
      </trkpt>
      <trkpt lat="46.859291" lon="9.324192">
        <ele>1633.9</ele>
      </trkpt>
      <trkpt lat="46.859293" lon="9.324076">
        <ele>1632.4</ele>
      </trkpt>
      <trkpt lat="46.859292" lon="9.323979">
        <ele>1630.8</ele>
      </trkpt>
      <trkpt lat="46.859291" lon="9.323945">
        <ele>1630.4</ele>
      </trkpt>
      <trkpt lat="46.859282" lon="9.323937">
        <ele>1630.1</ele>
      </trkpt>
      <trkpt lat="46.859262" lon="9.32395">
        <ele>1629.6</ele>
      </trkpt>
      <trkpt lat="46.859244" lon="9.324002">
        <ele>1628.9</ele>
      </trkpt>
      <trkpt lat="46.85917" lon="9.324133">
        <ele>1626.8</ele>
      </trkpt>
      <trkpt lat="46.85914" lon="9.324218">
        <ele>1625.7</ele>
      </trkpt>
      <trkpt lat="46.859127" lon="9.324295">
        <ele>1624.3</ele>
      </trkpt>
      <trkpt lat="46.85912" lon="9.324383">
        <ele>1623.8</ele>
      </trkpt>
      <trkpt lat="46.859117" lon="9.324456">
        <ele>1622.4</ele>
      </trkpt>
      <trkpt lat="46.859106" lon="9.324513">
        <ele>1621.5</ele>
      </trkpt>
      <trkpt lat="46.859089" lon="9.324587">
        <ele>1619.9</ele>
      </trkpt>
      <trkpt lat="46.859001" lon="9.324793">
        <ele>1616.8</ele>
      </trkpt>
      <trkpt lat="46.858916" lon="9.324899">
        <ele>1613.5</ele>
      </trkpt>
      <trkpt lat="46.858796" lon="9.325063">
        <ele>1610.3</ele>
      </trkpt>
      <trkpt lat="46.858714" lon="9.325188">
        <ele>1607.5</ele>
      </trkpt>
      <trkpt lat="46.858676" lon="9.325292">
        <ele>1606.2</ele>
      </trkpt>
      <trkpt lat="46.858661" lon="9.325391">
        <ele>1604.5</ele>
      </trkpt>
      <trkpt lat="46.858648" lon="9.325437">
        <ele>1604.1</ele>
      </trkpt>
      <trkpt lat="46.858609" lon="9.325529">
        <ele>1602.7</ele>
      </trkpt>
      <trkpt lat="46.858581" lon="9.325593">
        <ele>1601.3</ele>
      </trkpt>
      <trkpt lat="46.858566" lon="9.325661">
        <ele>1600.3</ele>
      </trkpt>
      <trkpt lat="46.858559" lon="9.325705">
        <ele>1599.5</ele>
      </trkpt>
      <trkpt lat="46.858541" lon="9.325768">
        <ele>1598.4</ele>
      </trkpt>
      <trkpt lat="46.858531" lon="9.325795">
        <ele>1598.1</ele>
      </trkpt>
      <trkpt lat="46.858493" lon="9.325874">
        <ele>1596.5</ele>
      </trkpt>
      <trkpt lat="46.858468" lon="9.325946">
        <ele>1594.9</ele>
      </trkpt>
      <trkpt lat="46.85844" lon="9.32604">
        <ele>1594.0</ele>
      </trkpt>
      <trkpt lat="46.858402" lon="9.326174">
        <ele>1591.7</ele>
      </trkpt>
      <trkpt lat="46.858376" lon="9.326287">
        <ele>1589.5</ele>
      </trkpt>
      <trkpt lat="46.858362" lon="9.326394">
        <ele>1588.6</ele>
      </trkpt>
      <trkpt lat="46.858335" lon="9.326562">
        <ele>1585.0</ele>
      </trkpt>
      <trkpt lat="46.858309" lon="9.326714">
        <ele>1582.8</ele>
      </trkpt>
      <trkpt lat="46.858283" lon="9.326815">
        <ele>1581.0</ele>
      </trkpt>
      <trkpt lat="46.858248" lon="9.326915">
        <ele>1579.5</ele>
      </trkpt>
      <trkpt lat="46.858173" lon="9.327108">
        <ele>1576.5</ele>
      </trkpt>
      <trkpt lat="46.858137" lon="9.327186">
        <ele>1575.6</ele>
      </trkpt>
      <trkpt lat="46.85811" lon="9.32722">
        <ele>1575.0</ele>
      </trkpt>
      <trkpt lat="46.858077" lon="9.32724">
        <ele>1574.0</ele>
      </trkpt>
      <trkpt lat="46.858045" lon="9.327245">
        <ele>1573.6</ele>
      </trkpt>
      <trkpt lat="46.857999" lon="9.327237">
        <ele>1573.0</ele>
      </trkpt>
      <trkpt lat="46.857964" lon="9.327223">
        <ele>1572.4</ele>
      </trkpt>
      <trkpt lat="46.857932" lon="9.327207">
        <ele>1571.8</ele>
      </trkpt>
      <trkpt lat="46.857905" lon="9.327175">
        <ele>1570.9</ele>
      </trkpt>
      <trkpt lat="46.85789" lon="9.327137">
        <ele>1570.6</ele>
      </trkpt>
      <trkpt lat="46.857881" lon="9.327087">
        <ele>1569.9</ele>
      </trkpt>
      <trkpt lat="46.857878" lon="9.32695">
        <ele>1567.7</ele>
      </trkpt>
      <trkpt lat="46.857873" lon="9.326881">
        <ele>1567.1</ele>
      </trkpt>
      <trkpt lat="46.857851" lon="9.326711">
        <ele>1565.6</ele>
      </trkpt>
      <trkpt lat="46.857829" lon="9.326588">
        <ele>1564.5</ele>
      </trkpt>
      <trkpt lat="46.857799" lon="9.326529">
        <ele>1563.4</ele>
      </trkpt>
      <trkpt lat="46.857715" lon="9.326448">
        <ele>1560.4</ele>
      </trkpt>
      <trkpt lat="46.857582" lon="9.326363">
        <ele>1556.8</ele>
      </trkpt>
      <trkpt lat="46.857514" lon="9.326332">
        <ele>1555.3</ele>
      </trkpt>
      <trkpt lat="46.857309" lon="9.326305">
        <ele>1552.0</ele>
      </trkpt>
      <trkpt lat="46.857226" lon="9.326276">
        <ele>1550.8</ele>
      </trkpt>
      <trkpt lat="46.856977" lon="9.326116">
        <ele>1548.2</ele>
      </trkpt>
      <trkpt lat="46.856845" lon="9.32607">
        <ele>1547.0</ele>
      </trkpt>
      <trkpt lat="46.856696" lon="9.326004">
        <ele>1545.3</ele>
      </trkpt>
      <trkpt lat="46.856564" lon="9.325992">
        <ele>1543.0</ele>
      </trkpt>
      <trkpt lat="46.856433" lon="9.326">
        <ele>1540.0</ele>
      </trkpt>
      <trkpt lat="46.856361" lon="9.326025">
        <ele>1538.2</ele>
      </trkpt>
      <trkpt lat="46.856314" lon="9.326046">
        <ele>1537.1</ele>
      </trkpt>
      <trkpt lat="46.856281" lon="9.326044">
        <ele>1536.3</ele>
      </trkpt>
      <trkpt lat="46.856252" lon="9.326033">
        <ele>1535.7</ele>
      </trkpt>
      <trkpt lat="46.856216" lon="9.326012">
        <ele>1535.2</ele>
      </trkpt>
      <trkpt lat="46.856168" lon="9.326037">
        <ele>1535.2</ele>
      </trkpt>
      <trkpt lat="46.856155" lon="9.326042">
        <ele>1535.2</ele>
      </trkpt>
      <trkpt lat="46.856111" lon="9.326052">
        <ele>1535.4</ele>
      </trkpt>
      <trkpt lat="46.856074" lon="9.326061">
        <ele>1535.5</ele>
      </trkpt>
      <trkpt lat="46.856042" lon="9.326067">
        <ele>1535.7</ele>
      </trkpt>
      <trkpt lat="46.856011" lon="9.326073">
        <ele>1535.9</ele>
      </trkpt>
      <trkpt lat="46.855949" lon="9.326087">
        <ele>1535.8</ele>
      </trkpt>
      <trkpt lat="46.855882" lon="9.326106">
        <ele>1536.1</ele>
      </trkpt>
      <trkpt lat="46.855857" lon="9.326105">
        <ele>1536.3</ele>
      </trkpt>
      <trkpt lat="46.855846" lon="9.326105">
        <ele>1536.3</ele>
      </trkpt>
      <trkpt lat="46.855775" lon="9.326142">
        <ele>1536.7</ele>
      </trkpt>
      <trkpt lat="46.855722" lon="9.326137">
        <ele>1536.9</ele>
      </trkpt>
      <trkpt lat="46.855661" lon="9.326113">
        <ele>1537.3</ele>
      </trkpt>
      <trkpt lat="46.85558" lon="9.326044">
        <ele>1537.8</ele>
      </trkpt>
      <trkpt lat="46.855513" lon="9.325976">
        <ele>1538.6</ele>
      </trkpt>
      <trkpt lat="46.855384" lon="9.325833">
        <ele>1540.1</ele>
      </trkpt>
      <trkpt lat="46.855324" lon="9.32579">
        <ele>1540.6</ele>
      </trkpt>
      <trkpt lat="46.855258" lon="9.325773">
        <ele>1540.9</ele>
      </trkpt>
      <trkpt lat="46.855171" lon="9.325772">
        <ele>1541.5</ele>
      </trkpt>
      <trkpt lat="46.855078" lon="9.325791">
        <ele>1542.2</ele>
      </trkpt>
      <trkpt lat="46.854923" lon="9.325849">
        <ele>1543.5</ele>
      </trkpt>
      <trkpt lat="46.854848" lon="9.325883">
        <ele>1544.1</ele>
      </trkpt>
      <trkpt lat="46.854757" lon="9.325925">
        <ele>1545.1</ele>
      </trkpt>
      <trkpt lat="46.854636" lon="9.326011">
        <ele>1546.1</ele>
      </trkpt>
      <trkpt lat="46.854465" lon="9.326173">
        <ele>1547.5</ele>
      </trkpt>
      <trkpt lat="46.854285" lon="9.326331">
        <ele>1548.8</ele>
      </trkpt>
      <trkpt lat="46.854255" lon="9.326357">
        <ele>1549.1</ele>
      </trkpt>
      <trkpt lat="46.854174" lon="9.326452">
        <ele>1549.4</ele>
        <name>Bargis</name>
      </trkpt>
      <trkpt lat="46.854143" lon="9.326412">
        <ele>1549.7</ele>
      </trkpt>
      <trkpt lat="46.854093" lon="9.326325">
        <ele>1550.8</ele>
      </trkpt>
      <trkpt lat="46.854035" lon="9.326228">
        <ele>1550.8</ele>
      </trkpt>
      <trkpt lat="46.854009" lon="9.326188">
        <ele>1551.0</ele>
      </trkpt>
      <trkpt lat="46.853933" lon="9.326084">
        <ele>1551.1</ele>
      </trkpt>
      <trkpt lat="46.853867" lon="9.32599">
        <ele>1551.0</ele>
      </trkpt>
      <trkpt lat="46.853833" lon="9.325907">
        <ele>1552.2</ele>
      </trkpt>
      <trkpt lat="46.853771" lon="9.32581">
        <ele>1553.4</ele>
      </trkpt>
      <trkpt lat="46.8537" lon="9.32569">
        <ele>1554.4</ele>
      </trkpt>
      <trkpt lat="46.85364" lon="9.325606">
        <ele>1555.4</ele>
      </trkpt>
      <trkpt lat="46.853571" lon="9.325491">
        <ele>1556.6</ele>
      </trkpt>
      <trkpt lat="46.853498" lon="9.32537">
        <ele>1558.3</ele>
      </trkpt>
      <trkpt lat="46.853419" lon="9.325245">
        <ele>1559.1</ele>
      </trkpt>
      <trkpt lat="46.853341" lon="9.32513">
        <ele>1560.2</ele>
      </trkpt>
      <trkpt lat="46.853271" lon="9.325022">
        <ele>1560.9</ele>
      </trkpt>
      <trkpt lat="46.853194" lon="9.324904">
        <ele>1562.1</ele>
      </trkpt>
      <trkpt lat="46.853113" lon="9.324778">
        <ele>1563.4</ele>
      </trkpt>
      <trkpt lat="46.853038" lon="9.324661">
        <ele>1564.3</ele>
      </trkpt>
      <trkpt lat="46.852969" lon="9.324567">
        <ele>1564.7</ele>
      </trkpt>
      <trkpt lat="46.852947" lon="9.324531">
        <ele>1564.9</ele>
      </trkpt>
      <trkpt lat="46.852931" lon="9.324504">
        <ele>1565.0</ele>
      </trkpt>
      <trkpt lat="46.852839" lon="9.324333">
        <ele>1566.2</ele>
      </trkpt>
      <trkpt lat="46.852798" lon="9.324235">
        <ele>1566.6</ele>
      </trkpt>
      <trkpt lat="46.852763" lon="9.324167">
        <ele>1567.5</ele>
      </trkpt>
      <trkpt lat="46.852717" lon="9.32407">
        <ele>1567.6</ele>
      </trkpt>
      <trkpt lat="46.852706" lon="9.324044">
        <ele>1568.0</ele>
      </trkpt>
      <trkpt lat="46.852692" lon="9.323987">
        <ele>1568.5</ele>
      </trkpt>
      <trkpt lat="46.852682" lon="9.323898">
        <ele>1569.3</ele>
      </trkpt>
      <trkpt lat="46.85269" lon="9.323793">
        <ele>1570.4</ele>
      </trkpt>
      <trkpt lat="46.852696" lon="9.323611">
        <ele>1572.8</ele>
      </trkpt>
      <trkpt lat="46.852726" lon="9.323441">
        <ele>1572.1</ele>
      </trkpt>
      <trkpt lat="46.852732" lon="9.323365">
        <ele>1573.3</ele>
      </trkpt>
      <trkpt lat="46.852737" lon="9.323246">
        <ele>1575.5</ele>
      </trkpt>
      <trkpt lat="46.852747" lon="9.323205">
        <ele>1574.8</ele>
      </trkpt>
      <trkpt lat="46.852755" lon="9.323111">
        <ele>1575.0</ele>
      </trkpt>
      <trkpt lat="46.852752" lon="9.323036">
        <ele>1573.5</ele>
      </trkpt>
      <trkpt lat="46.852743" lon="9.322951">
        <ele>1576.2</ele>
      </trkpt>
      <trkpt lat="46.852732" lon="9.322859">
        <ele>1576.7</ele>
      </trkpt>
      <trkpt lat="46.852723" lon="9.322746">
        <ele>1578.2</ele>
      </trkpt>
      <trkpt lat="46.852714" lon="9.322606">
        <ele>1578.1</ele>
      </trkpt>
      <trkpt lat="46.85272" lon="9.322531">
        <ele>1579.0</ele>
      </trkpt>
      <trkpt lat="46.852732" lon="9.322457">
        <ele>1579.2</ele>
      </trkpt>
      <trkpt lat="46.852734" lon="9.322385">
        <ele>1579.8</ele>
      </trkpt>
      <trkpt lat="46.852726" lon="9.322281">
        <ele>1580.0</ele>
      </trkpt>
      <trkpt lat="46.852724" lon="9.322225">
        <ele>1581.2</ele>
      </trkpt>
      <trkpt lat="46.852733" lon="9.322175">
        <ele>1581.4</ele>
      </trkpt>
      <trkpt lat="46.852761" lon="9.32207">
        <ele>1583.6</ele>
      </trkpt>
      <trkpt lat="46.852778" lon="9.322005">
        <ele>1585.3</ele>
      </trkpt>
      <trkpt lat="46.852796" lon="9.321923">
        <ele>1586.6</ele>
      </trkpt>
      <trkpt lat="46.852818" lon="9.321782">
        <ele>1589.4</ele>
      </trkpt>
      <trkpt lat="46.852841" lon="9.321603">
        <ele>1593.0</ele>
      </trkpt>
      <trkpt lat="46.852883" lon="9.321474">
        <ele>1595.9</ele>
      </trkpt>
      <trkpt lat="46.852911" lon="9.321358">
        <ele>1598.9</ele>
      </trkpt>
      <trkpt lat="46.852921" lon="9.321247">
        <ele>1601.6</ele>
      </trkpt>
      <trkpt lat="46.852936" lon="9.321009">
        <ele>1605.2</ele>
      </trkpt>
      <trkpt lat="46.852933" lon="9.320922">
        <ele>1607.3</ele>
      </trkpt>
      <trkpt lat="46.852956" lon="9.320811">
        <ele>1608.5</ele>
      </trkpt>
      <trkpt lat="46.852978" lon="9.320746">
        <ele>1609.2</ele>
      </trkpt>
      <trkpt lat="46.853002" lon="9.320694">
        <ele>1610.0</ele>
      </trkpt>
      <trkpt lat="46.853006" lon="9.320658">
        <ele>1611.0</ele>
      </trkpt>
      <trkpt lat="46.853009" lon="9.320583">
        <ele>1612.7</ele>
      </trkpt>
      <trkpt lat="46.853012" lon="9.320544">
        <ele>1613.6</ele>
      </trkpt>
      <trkpt lat="46.853036" lon="9.320476">
        <ele>1614.4</ele>
      </trkpt>
      <trkpt lat="46.853054" lon="9.320404">
        <ele>1615.6</ele>
      </trkpt>
      <trkpt lat="46.853073" lon="9.320277">
        <ele>1619.1</ele>
      </trkpt>
      <trkpt lat="46.853081" lon="9.320183">
        <ele>1621.7</ele>
      </trkpt>
      <trkpt lat="46.853081" lon="9.319941">
        <ele>1625.5</ele>
      </trkpt>
      <trkpt lat="46.853094" lon="9.319845">
        <ele>1627.4</ele>
      </trkpt>
      <trkpt lat="46.853129" lon="9.319665">
        <ele>1631.0</ele>
      </trkpt>
      <trkpt lat="46.853163" lon="9.319589">
        <ele>1633.3</ele>
      </trkpt>
      <trkpt lat="46.853224" lon="9.319483">
        <ele>1638.0</ele>
      </trkpt>
      <trkpt lat="46.853265" lon="9.319387">
        <ele>1640.4</ele>
      </trkpt>
      <trkpt lat="46.853311" lon="9.31923">
        <ele>1643.1</ele>
      </trkpt>
      <trkpt lat="46.853323" lon="9.319128">
        <ele>1646.7</ele>
      </trkpt>
      <trkpt lat="46.853343" lon="9.319059">
        <ele>1647.4</ele>
      </trkpt>
      <trkpt lat="46.853369" lon="9.31898">
        <ele>1649.2</ele>
      </trkpt>
      <trkpt lat="46.853381" lon="9.318936">
        <ele>1649.6</ele>
      </trkpt>
      <trkpt lat="46.853408" lon="9.318806">
        <ele>1651.5</ele>
      </trkpt>
      <trkpt lat="46.85343" lon="9.318694">
        <ele>1654.2</ele>
      </trkpt>
      <trkpt lat="46.853492" lon="9.318189">
        <ele>1663.4</ele>
      </trkpt>
      <trkpt lat="46.853495" lon="9.318004">
        <ele>1667.1</ele>
      </trkpt>
      <trkpt lat="46.853543" lon="9.317795">
        <ele>1671.2</ele>
      </trkpt>
      <trkpt lat="46.85358" lon="9.317687">
        <ele>1674.9</ele>
      </trkpt>
      <trkpt lat="46.853644" lon="9.317543">
        <ele>1677.2</ele>
      </trkpt>
      <trkpt lat="46.853747" lon="9.317362">
        <ele>1682.8</ele>
      </trkpt>
      <trkpt lat="46.853844" lon="9.317232">
        <ele>1687.1</ele>
      </trkpt>
      <trkpt lat="46.853906" lon="9.317118">
        <ele>1691.5</ele>
      </trkpt>
      <trkpt lat="46.853966" lon="9.317045">
        <ele>1694.7</ele>
      </trkpt>
      <trkpt lat="46.854001" lon="9.317007">
        <ele>1695.7</ele>
      </trkpt>
      <trkpt lat="46.854033" lon="9.316966">
        <ele>1697.6</ele>
      </trkpt>
      <trkpt lat="46.854053" lon="9.316912">
        <ele>1699.3</ele>
      </trkpt>
      <trkpt lat="46.854094" lon="9.316861">
        <ele>1700.9</ele>
      </trkpt>
      <trkpt lat="46.854118" lon="9.316805">
        <ele>1702.6</ele>
      </trkpt>
      <trkpt lat="46.854166" lon="9.316715">
        <ele>1705.7</ele>
      </trkpt>
      <trkpt lat="46.854196" lon="9.31667">
        <ele>1707.0</ele>
      </trkpt>
      <trkpt lat="46.854244" lon="9.316597">
        <ele>1709.0</ele>
      </trkpt>
      <trkpt lat="46.854284" lon="9.316542">
        <ele>1710.7</ele>
      </trkpt>
      <trkpt lat="46.854315" lon="9.316485">
        <ele>1712.3</ele>
      </trkpt>
      <trkpt lat="46.854344" lon="9.316424">
        <ele>1714.0</ele>
      </trkpt>
      <trkpt lat="46.854377" lon="9.316363">
        <ele>1715.7</ele>
      </trkpt>
      <trkpt lat="46.854396" lon="9.316318">
        <ele>1717.1</ele>
      </trkpt>
      <trkpt lat="46.854429" lon="9.316211">
        <ele>1719.8</ele>
      </trkpt>
      <trkpt lat="46.85446" lon="9.316131">
        <ele>1721.1</ele>
      </trkpt>
      <trkpt lat="46.854486" lon="9.316035">
        <ele>1723.4</ele>
      </trkpt>
      <trkpt lat="46.854515" lon="9.315938">
        <ele>1725.1</ele>
      </trkpt>
      <trkpt lat="46.854539" lon="9.315868">
        <ele>1726.6</ele>
      </trkpt>
      <trkpt lat="46.854563" lon="9.315806">
        <ele>1728.2</ele>
      </trkpt>
      <trkpt lat="46.854604" lon="9.315753">
        <ele>1728.9</ele>
      </trkpt>
      <trkpt lat="46.854629" lon="9.315721">
        <ele>1729.8</ele>
      </trkpt>
      <trkpt lat="46.854662" lon="9.315664">
        <ele>1731.1</ele>
      </trkpt>
      <trkpt lat="46.854686" lon="9.315621">
        <ele>1732.6</ele>
      </trkpt>
      <trkpt lat="46.854713" lon="9.315561">
        <ele>1733.9</ele>
      </trkpt>
      <trkpt lat="46.854732" lon="9.315509">
        <ele>1735.6</ele>
      </trkpt>
      <trkpt lat="46.854755" lon="9.315447">
        <ele>1737.6</ele>
      </trkpt>
      <trkpt lat="46.854788" lon="9.315401">
        <ele>1738.7</ele>
      </trkpt>
      <trkpt lat="46.854813" lon="9.315365">
        <ele>1739.8</ele>
      </trkpt>
      <trkpt lat="46.854836" lon="9.315347">
        <ele>1740.4</ele>
      </trkpt>
      <trkpt lat="46.854871" lon="9.315339">
        <ele>1741.6</ele>
      </trkpt>
      <trkpt lat="46.854921" lon="9.315333">
        <ele>1742.6</ele>
      </trkpt>
      <trkpt lat="46.854958" lon="9.315318">
        <ele>1744.1</ele>
      </trkpt>
      <trkpt lat="46.854988" lon="9.315292">
        <ele>1745.4</ele>
      </trkpt>
      <trkpt lat="46.854996" lon="9.31526">
        <ele>1746.5</ele>
      </trkpt>
      <trkpt lat="46.854985" lon="9.315212">
        <ele>1747.6</ele>
      </trkpt>
      <trkpt lat="46.854983" lon="9.315183">
        <ele>1748.6</ele>
      </trkpt>
      <trkpt lat="46.85496" lon="9.315131">
        <ele>1749.9</ele>
      </trkpt>
      <trkpt lat="46.854945" lon="9.315105">
        <ele>1750.9</ele>
      </trkpt>
      <trkpt lat="46.854918" lon="9.315077">
        <ele>1751.7</ele>
      </trkpt>
      <trkpt lat="46.854898" lon="9.315074">
        <ele>1752.2</ele>
      </trkpt>
      <trkpt lat="46.854871" lon="9.315058">
        <ele>1752.8</ele>
      </trkpt>
      <trkpt lat="46.854852" lon="9.315036">
        <ele>1753.5</ele>
      </trkpt>
      <trkpt lat="46.854823" lon="9.31499">
        <ele>1754.9</ele>
      </trkpt>
      <trkpt lat="46.854825" lon="9.314942">
        <ele>1756.3</ele>
      </trkpt>
      <trkpt lat="46.854846" lon="9.314926">
        <ele>1757.3</ele>
      </trkpt>
      <trkpt lat="46.854871" lon="9.314934">
        <ele>1757.5</ele>
      </trkpt>
      <trkpt lat="46.854922" lon="9.314894">
        <ele>1759.5</ele>
      </trkpt>
      <trkpt lat="46.855057" lon="9.31484">
        <ele>1763.6</ele>
      </trkpt>
      <trkpt lat="46.855098" lon="9.314827">
        <ele>1764.9</ele>
      </trkpt>
      <trkpt lat="46.855134" lon="9.314823">
        <ele>1766.3</ele>
      </trkpt>
      <trkpt lat="46.855152" lon="9.314804">
        <ele>1767.4</ele>
      </trkpt>
      <trkpt lat="46.855184" lon="9.314799">
        <ele>1768.3</ele>
      </trkpt>
      <trkpt lat="46.855216" lon="9.314766">
        <ele>1769.9</ele>
      </trkpt>
      <trkpt lat="46.855272" lon="9.314728">
        <ele>1772.0</ele>
      </trkpt>
      <trkpt lat="46.855296" lon="9.314693">
        <ele>1772.8</ele>
      </trkpt>
      <trkpt lat="46.855339" lon="9.314644">
        <ele>1774.4</ele>
      </trkpt>
      <trkpt lat="46.855391" lon="9.314575">
        <ele>1777.0</ele>
      </trkpt>
      <trkpt lat="46.855428" lon="9.314522">
        <ele>1778.0</ele>
      </trkpt>
      <trkpt lat="46.855469" lon="9.314474">
        <ele>1779.7</ele>
      </trkpt>
      <trkpt lat="46.855506" lon="9.314418">
        <ele>1781.3</ele>
      </trkpt>
      <trkpt lat="46.855547" lon="9.314362">
        <ele>1783.4</ele>
      </trkpt>
      <trkpt lat="46.85556" lon="9.314327">
        <ele>1783.8</ele>
      </trkpt>
      <trkpt lat="46.855582" lon="9.314278">
        <ele>1785.3</ele>
      </trkpt>
      <trkpt lat="46.855624" lon="9.314213">
        <ele>1787.1</ele>
      </trkpt>
      <trkpt lat="46.855648" lon="9.314179">
        <ele>1788.2</ele>
      </trkpt>
      <trkpt lat="46.85569" lon="9.314133">
        <ele>1789.8</ele>
      </trkpt>
      <trkpt lat="46.855716" lon="9.314108">
        <ele>1790.9</ele>
      </trkpt>
      <trkpt lat="46.85573" lon="9.31408">
        <ele>1791.6</ele>
      </trkpt>
      <trkpt lat="46.855734" lon="9.314037">
        <ele>1792.4</ele>
      </trkpt>
      <trkpt lat="46.855723" lon="9.31399">
        <ele>1793.6</ele>
      </trkpt>
      <trkpt lat="46.855692" lon="9.313967">
        <ele>1794.8</ele>
      </trkpt>
      <trkpt lat="46.855648" lon="9.313934">
        <ele>1796.6</ele>
      </trkpt>
      <trkpt lat="46.855592" lon="9.313937">
        <ele>1798.4</ele>
      </trkpt>
      <trkpt lat="46.85555" lon="9.313936">
        <ele>1800.0</ele>
      </trkpt>
      <trkpt lat="46.855512" lon="9.31395">
        <ele>1801.4</ele>
      </trkpt>
      <trkpt lat="46.855446" lon="9.313956">
        <ele>1803.4</ele>
      </trkpt>
      <trkpt lat="46.855367" lon="9.313959">
        <ele>1805.1</ele>
      </trkpt>
      <trkpt lat="46.855303" lon="9.313963">
        <ele>1806.4</ele>
      </trkpt>
      <trkpt lat="46.855252" lon="9.313948">
        <ele>1808.3</ele>
      </trkpt>
      <trkpt lat="46.855196" lon="9.313934">
        <ele>1810.5</ele>
      </trkpt>
      <trkpt lat="46.855149" lon="9.313932">
        <ele>1812.3</ele>
      </trkpt>
      <trkpt lat="46.85514" lon="9.313917">
        <ele>1813.1</ele>
      </trkpt>
      <trkpt lat="46.855146" lon="9.313897">
        <ele>1813.5</ele>
      </trkpt>
      <trkpt lat="46.855157" lon="9.313879">
        <ele>1813.6</ele>
      </trkpt>
      <trkpt lat="46.855195" lon="9.313849">
        <ele>1815.3</ele>
      </trkpt>
      <trkpt lat="46.855232" lon="9.313806">
        <ele>1817.4</ele>
      </trkpt>
      <trkpt lat="46.855269" lon="9.313765">
        <ele>1819.5</ele>
      </trkpt>
      <trkpt lat="46.855329" lon="9.313703">
        <ele>1823.1</ele>
      </trkpt>
      <trkpt lat="46.855368" lon="9.313656">
        <ele>1825.2</ele>
      </trkpt>
      <trkpt lat="46.855408" lon="9.313621">
        <ele>1826.8</ele>
      </trkpt>
      <trkpt lat="46.855442" lon="9.313607">
        <ele>1828.4</ele>
      </trkpt>
      <trkpt lat="46.855475" lon="9.313602">
        <ele>1829.7</ele>
      </trkpt>
      <trkpt lat="46.855514" lon="9.313573">
        <ele>1831.4</ele>
      </trkpt>
      <trkpt lat="46.855544" lon="9.313539">
        <ele>1832.9</ele>
      </trkpt>
      <trkpt lat="46.855584" lon="9.313481">
        <ele>1835.2</ele>
      </trkpt>
      <trkpt lat="46.855629" lon="9.313425">
        <ele>1837.2</ele>
      </trkpt>
      <trkpt lat="46.855643" lon="9.313396">
        <ele>1838.6</ele>
      </trkpt>
      <trkpt lat="46.855686" lon="9.313343">
        <ele>1840.6</ele>
      </trkpt>
      <trkpt lat="46.85572" lon="9.313295">
        <ele>1842.4</ele>
      </trkpt>
      <trkpt lat="46.855768" lon="9.313221">
        <ele>1844.9</ele>
      </trkpt>
      <trkpt lat="46.855812" lon="9.313154">
        <ele>1847.7</ele>
      </trkpt>
      <trkpt lat="46.855861" lon="9.313075">
        <ele>1851.0</ele>
      </trkpt>
      <trkpt lat="46.85591" lon="9.312995">
        <ele>1854.2</ele>
      </trkpt>
      <trkpt lat="46.855936" lon="9.312935">
        <ele>1855.4</ele>
      </trkpt>
      <trkpt lat="46.855969" lon="9.312861">
        <ele>1857.9</ele>
      </trkpt>
      <trkpt lat="46.855996" lon="9.312811">
        <ele>1859.1</ele>
      </trkpt>
      <trkpt lat="46.856041" lon="9.312735">
        <ele>1861.1</ele>
      </trkpt>
      <trkpt lat="46.856103" lon="9.312645">
        <ele>1864.2</ele>
      </trkpt>
      <trkpt lat="46.856203" lon="9.312505">
        <ele>1868.3</ele>
      </trkpt>
      <trkpt lat="46.856262" lon="9.312415">
        <ele>1871.7</ele>
      </trkpt>
      <trkpt lat="46.856313" lon="9.312317">
        <ele>1874.5</ele>
      </trkpt>
      <trkpt lat="46.856352" lon="9.312246">
        <ele>1876.8</ele>
      </trkpt>
      <trkpt lat="46.856387" lon="9.312196">
        <ele>1878.1</ele>
      </trkpt>
      <trkpt lat="46.856442" lon="9.312113">
        <ele>1880.5</ele>
      </trkpt>
      <trkpt lat="46.856479" lon="9.312056">
        <ele>1882.1</ele>
      </trkpt>
      <trkpt lat="46.8565" lon="9.312013">
        <ele>1883.3</ele>
      </trkpt>
      <trkpt lat="46.856523" lon="9.311962">
        <ele>1884.9</ele>
      </trkpt>
      <trkpt lat="46.85656" lon="9.3119">
        <ele>1886.9</ele>
      </trkpt>
      <trkpt lat="46.856611" lon="9.311818">
        <ele>1888.9</ele>
      </trkpt>
      <trkpt lat="46.856635" lon="9.311769">
        <ele>1890.1</ele>
      </trkpt>
      <trkpt lat="46.856678" lon="9.311691">
        <ele>1892.1</ele>
      </trkpt>
      <trkpt lat="46.856708" lon="9.311624">
        <ele>1893.8</ele>
      </trkpt>
      <trkpt lat="46.856736" lon="9.311533">
        <ele>1896.1</ele>
      </trkpt>
      <trkpt lat="46.856749" lon="9.311494">
        <ele>1896.8</ele>
      </trkpt>
      <trkpt lat="46.856747" lon="9.311462">
        <ele>1897.5</ele>
      </trkpt>
      <trkpt lat="46.856738" lon="9.311456">
        <ele>1897.8</ele>
      </trkpt>
      <trkpt lat="46.85672" lon="9.311463">
        <ele>1898.3</ele>
      </trkpt>
      <trkpt lat="46.856693" lon="9.311487">
        <ele>1898.9</ele>
      </trkpt>
      <trkpt lat="46.856638" lon="9.311519">
        <ele>1899.7</ele>
      </trkpt>
      <trkpt lat="46.856593" lon="9.311559">
        <ele>1900.7</ele>
      </trkpt>
      <trkpt lat="46.856541" lon="9.311607">
        <ele>1901.5</ele>
      </trkpt>
      <trkpt lat="46.856489" lon="9.31165">
        <ele>1902.5</ele>
      </trkpt>
      <trkpt lat="46.856445" lon="9.31168">
        <ele>1903.7</ele>
      </trkpt>
      <trkpt lat="46.856411" lon="9.311705">
        <ele>1904.2</ele>
      </trkpt>
      <trkpt lat="46.85639" lon="9.311706">
        <ele>1904.6</ele>
      </trkpt>
      <trkpt lat="46.856377" lon="9.311691">
        <ele>1905.3</ele>
      </trkpt>
      <trkpt lat="46.856377" lon="9.311663">
        <ele>1906.0</ele>
      </trkpt>
      <trkpt lat="46.856398" lon="9.311606">
        <ele>1907.3</ele>
      </trkpt>
      <trkpt lat="46.856421" lon="9.311533">
        <ele>1909.2</ele>
      </trkpt>
      <trkpt lat="46.856439" lon="9.311463">
        <ele>1910.7</ele>
      </trkpt>
      <trkpt lat="46.856459" lon="9.311361">
        <ele>1913.2</ele>
      </trkpt>
      <trkpt lat="46.856477" lon="9.311276">
        <ele>1915.3</ele>
      </trkpt>
      <trkpt lat="46.856503" lon="9.311202">
        <ele>1917.2</ele>
      </trkpt>
      <trkpt lat="46.856539" lon="9.311125">
        <ele>1918.6</ele>
      </trkpt>
      <trkpt lat="46.856575" lon="9.31106">
        <ele>1920.1</ele>
      </trkpt>
      <trkpt lat="46.856591" lon="9.311014">
        <ele>1921.3</ele>
      </trkpt>
      <trkpt lat="46.856629" lon="9.310923">
        <ele>1923.4</ele>
      </trkpt>
      <trkpt lat="46.856681" lon="9.310795">
        <ele>1926.4</ele>
      </trkpt>
      <trkpt lat="46.856717" lon="9.310693">
        <ele>1929.4</ele>
      </trkpt>
      <trkpt lat="46.856743" lon="9.310634">
        <ele>1930.8</ele>
      </trkpt>
      <trkpt lat="46.856789" lon="9.310566">
        <ele>1932.2</ele>
      </trkpt>
      <trkpt lat="46.856809" lon="9.310524">
        <ele>1933.3</ele>
      </trkpt>
      <trkpt lat="46.856831" lon="9.310456">
        <ele>1935.2</ele>
      </trkpt>
      <trkpt lat="46.856859" lon="9.310407">
        <ele>1936.0</ele>
      </trkpt>
      <trkpt lat="46.856894" lon="9.310363">
        <ele>1937.1</ele>
      </trkpt>
      <trkpt lat="46.856947" lon="9.310313">
        <ele>1938.5</ele>
      </trkpt>
      <trkpt lat="46.856981" lon="9.310289">
        <ele>1939.3</ele>
      </trkpt>
      <trkpt lat="46.857026" lon="9.310252">
        <ele>1940.6</ele>
      </trkpt>
      <trkpt lat="46.857068" lon="9.31021">
        <ele>1941.8</ele>
      </trkpt>
      <trkpt lat="46.857104" lon="9.310166">
        <ele>1943.0</ele>
      </trkpt>
      <trkpt lat="46.857142" lon="9.310094">
        <ele>1944.8</ele>
      </trkpt>
      <trkpt lat="46.857168" lon="9.310053">
        <ele>1945.8</ele>
      </trkpt>
      <trkpt lat="46.857213" lon="9.309982">
        <ele>1947.8</ele>
      </trkpt>
      <trkpt lat="46.857259" lon="9.309915">
        <ele>1949.8</ele>
      </trkpt>
      <trkpt lat="46.857301" lon="9.309841">
        <ele>1951.4</ele>
      </trkpt>
      <trkpt lat="46.857341" lon="9.30975">
        <ele>1953.4</ele>
      </trkpt>
      <trkpt lat="46.857368" lon="9.309675">
        <ele>1954.8</ele>
      </trkpt>
      <trkpt lat="46.857383" lon="9.309604">
        <ele>1956.0</ele>
      </trkpt>
      <trkpt lat="46.857391" lon="9.309527">
        <ele>1957.2</ele>
      </trkpt>
      <trkpt lat="46.857399" lon="9.309436">
        <ele>1958.4</ele>
      </trkpt>
      <trkpt lat="46.857409" lon="9.309388">
        <ele>1958.9</ele>
      </trkpt>
      <trkpt lat="46.857425" lon="9.309342">
        <ele>1959.4</ele>
      </trkpt>
      <trkpt lat="46.857456" lon="9.309282">
        <ele>1960.2</ele>
      </trkpt>
      <trkpt lat="46.857472" lon="9.309236">
        <ele>1960.9</ele>
      </trkpt>
      <trkpt lat="46.857487" lon="9.309199">
        <ele>1961.4</ele>
      </trkpt>
      <trkpt lat="46.857529" lon="9.309108">
        <ele>1962.8</ele>
      </trkpt>
      <trkpt lat="46.857568" lon="9.309057">
        <ele>1964.0</ele>
      </trkpt>
      <trkpt lat="46.857608" lon="9.308988">
        <ele>1965.4</ele>
      </trkpt>
      <trkpt lat="46.857648" lon="9.308921">
        <ele>1966.8</ele>
      </trkpt>
      <trkpt lat="46.85768" lon="9.308855">
        <ele>1968.2</ele>
      </trkpt>
      <trkpt lat="46.85773" lon="9.308779">
        <ele>1969.9</ele>
      </trkpt>
      <trkpt lat="46.857775" lon="9.308721">
        <ele>1971.4</ele>
      </trkpt>
      <trkpt lat="46.857817" lon="9.308685">
        <ele>1972.4</ele>
      </trkpt>
      <trkpt lat="46.857844" lon="9.308647">
        <ele>1973.4</ele>
      </trkpt>
      <trkpt lat="46.857883" lon="9.308591">
        <ele>1974.5</ele>
      </trkpt>
      <trkpt lat="46.85791" lon="9.308547">
        <ele>1975.1</ele>
      </trkpt>
      <trkpt lat="46.857916" lon="9.308516">
        <ele>1975.8</ele>
      </trkpt>
      <trkpt lat="46.857908" lon="9.308493">
        <ele>1976.4</ele>
      </trkpt>
      <trkpt lat="46.857885" lon="9.308483">
        <ele>1976.8</ele>
      </trkpt>
      <trkpt lat="46.857878" lon="9.308484">
        <ele>1977.0</ele>
      </trkpt>
      <trkpt lat="46.857861" lon="9.308488">
        <ele>1977.3</ele>
      </trkpt>
      <trkpt lat="46.85783" lon="9.308503">
        <ele>1977.9</ele>
      </trkpt>
      <trkpt lat="46.857799" lon="9.308507">
        <ele>1978.4</ele>
      </trkpt>
      <trkpt lat="46.857736" lon="9.308504">
        <ele>1979.5</ele>
      </trkpt>
      <trkpt lat="46.857658" lon="9.308513">
        <ele>1980.7</ele>
      </trkpt>
      <trkpt lat="46.857583" lon="9.308543">
        <ele>1982.2</ele>
      </trkpt>
      <trkpt lat="46.857506" lon="9.308562">
        <ele>1983.4</ele>
      </trkpt>
      <trkpt lat="46.85744" lon="9.308578">
        <ele>1984.5</ele>
      </trkpt>
      <trkpt lat="46.857377" lon="9.308602">
        <ele>1985.3</ele>
      </trkpt>
      <trkpt lat="46.857306" lon="9.308622">
        <ele>1986.9</ele>
      </trkpt>
      <trkpt lat="46.857247" lon="9.308649">
        <ele>1988.0</ele>
      </trkpt>
      <trkpt lat="46.857202" lon="9.308695">
        <ele>1989.0</ele>
      </trkpt>
      <trkpt lat="46.857142" lon="9.308744">
        <ele>1990.1</ele>
      </trkpt>
      <trkpt lat="46.857082" lon="9.308784">
        <ele>1991.0</ele>
      </trkpt>
      <trkpt lat="46.85701" lon="9.308827">
        <ele>1992.0</ele>
      </trkpt>
      <trkpt lat="46.856961" lon="9.308868">
        <ele>1993.3</ele>
      </trkpt>
      <trkpt lat="46.856923" lon="9.308917">
        <ele>1993.9</ele>
      </trkpt>
      <trkpt lat="46.856872" lon="9.308982">
        <ele>1994.8</ele>
      </trkpt>
      <trkpt lat="46.85682" lon="9.309044">
        <ele>1995.7</ele>
      </trkpt>
      <trkpt lat="46.856686" lon="9.309159">
        <ele>1998.9</ele>
      </trkpt>
      <trkpt lat="46.856638" lon="9.309215">
        <ele>1999.7</ele>
      </trkpt>
      <trkpt lat="46.856572" lon="9.309293">
        <ele>2001.1</ele>
      </trkpt>
      <trkpt lat="46.856505" lon="9.309347">
        <ele>2003.0</ele>
      </trkpt>
      <trkpt lat="46.85647" lon="9.309373">
        <ele>2003.9</ele>
      </trkpt>
      <trkpt lat="46.856446" lon="9.309388">
        <ele>2004.1</ele>
      </trkpt>
      <trkpt lat="46.856425" lon="9.309398">
        <ele>2004.4</ele>
      </trkpt>
      <trkpt lat="46.85642" lon="9.309401">
        <ele>2004.5</ele>
      </trkpt>
      <trkpt lat="46.856391" lon="9.309408">
        <ele>2004.9</ele>
      </trkpt>
      <trkpt lat="46.856333" lon="9.309408">
        <ele>2005.1</ele>
      </trkpt>
      <trkpt lat="46.85631" lon="9.30937">
        <ele>2005.4</ele>
      </trkpt>
      <trkpt lat="46.856297" lon="9.30933">
        <ele>2005.5</ele>
      </trkpt>
      <trkpt lat="46.85628" lon="9.309296">
        <ele>2005.7</ele>
      </trkpt>
      <trkpt lat="46.856237" lon="9.309256">
        <ele>2006.1</ele>
      </trkpt>
      <trkpt lat="46.856218" lon="9.309221">
        <ele>2006.5</ele>
      </trkpt>
      <trkpt lat="46.856134" lon="9.309147">
        <ele>2007.6</ele>
      </trkpt>
      <trkpt lat="46.856076" lon="9.309105">
        <ele>2008.3</ele>
      </trkpt>
      <trkpt lat="46.855998" lon="9.309087">
        <ele>2009.3</ele>
      </trkpt>
      <trkpt lat="46.855912" lon="9.309043">
        <ele>2010.5</ele>
      </trkpt>
      <trkpt lat="46.855833" lon="9.308939">
        <ele>2012.3</ele>
      </trkpt>
      <trkpt lat="46.855732" lon="9.308849">
        <ele>2014.1</ele>
      </trkpt>
      <trkpt lat="46.855641" lon="9.308726">
        <ele>2015.8</ele>
      </trkpt>
      <trkpt lat="46.855585" lon="9.308615">
        <ele>2016.8</ele>
      </trkpt>
      <trkpt lat="46.855457" lon="9.308404">
        <ele>2018.7</ele>
      </trkpt>
      <trkpt lat="46.855461" lon="9.308356">
        <ele>2019.3</ele>
      </trkpt>
      <trkpt lat="46.855505" lon="9.30834">
        <ele>2019.9</ele>
      </trkpt>
      <trkpt lat="46.855552" lon="9.308293">
        <ele>2020.6</ele>
      </trkpt>
      <trkpt lat="46.855602" lon="9.308213">
        <ele>2021.9</ele>
      </trkpt>
      <trkpt lat="46.855627" lon="9.308142">
        <ele>2022.8</ele>
      </trkpt>
      <trkpt lat="46.855632" lon="9.30811">
        <ele>2023.2</ele>
      </trkpt>
      <trkpt lat="46.855629" lon="9.308081">
        <ele>2023.5</ele>
      </trkpt>
      <trkpt lat="46.855618" lon="9.308044">
        <ele>2024.0</ele>
      </trkpt>
      <trkpt lat="46.85556" lon="9.307914">
        <ele>2025.6</ele>
      </trkpt>
      <trkpt lat="46.85553" lon="9.307854">
        <ele>2026.4</ele>
      </trkpt>
      <trkpt lat="46.855477" lon="9.307719">
        <ele>2027.8</ele>
      </trkpt>
      <trkpt lat="46.855443" lon="9.307626">
        <ele>2028.7</ele>
      </trkpt>
      <trkpt lat="46.855353" lon="9.307414">
        <ele>2031.4</ele>
      </trkpt>
      <trkpt lat="46.855219" lon="9.307159">
        <ele>2033.5</ele>
      </trkpt>
      <trkpt lat="46.855154" lon="9.307075">
        <ele>2034.9</ele>
      </trkpt>
      <trkpt lat="46.855122" lon="9.30703">
        <ele>2035.2</ele>
      </trkpt>
      <trkpt lat="46.855083" lon="9.30699">
        <ele>2035.6</ele>
      </trkpt>
      <trkpt lat="46.855051" lon="9.306961">
        <ele>2036.0</ele>
      </trkpt>
      <trkpt lat="46.854988" lon="9.306925">
        <ele>2036.8</ele>
      </trkpt>
      <trkpt lat="46.854933" lon="9.306911">
        <ele>2037.0</ele>
      </trkpt>
      <trkpt lat="46.854876" lon="9.306904">
        <ele>2037.5</ele>
      </trkpt>
      <trkpt lat="46.854831" lon="9.306884">
        <ele>2038.2</ele>
      </trkpt>
      <trkpt lat="46.854788" lon="9.306871">
        <ele>2038.8</ele>
      </trkpt>
      <trkpt lat="46.854743" lon="9.306871">
        <ele>2039.0</ele>
      </trkpt>
      <trkpt lat="46.854679" lon="9.306876">
        <ele>2039.7</ele>
      </trkpt>
      <trkpt lat="46.854647" lon="9.306866">
        <ele>2040.5</ele>
      </trkpt>
      <trkpt lat="46.854627" lon="9.306834">
        <ele>2041.0</ele>
      </trkpt>
      <trkpt lat="46.85462" lon="9.306787">
        <ele>2041.4</ele>
      </trkpt>
      <trkpt lat="46.854631" lon="9.30672">
        <ele>2041.8</ele>
      </trkpt>
      <trkpt lat="46.854642" lon="9.306632">
        <ele>2042.3</ele>
      </trkpt>
      <trkpt lat="46.854643" lon="9.306542">
        <ele>2043.1</ele>
      </trkpt>
      <trkpt lat="46.854631" lon="9.306467">
        <ele>2043.4</ele>
      </trkpt>
      <trkpt lat="46.854612" lon="9.306408">
        <ele>2044.0</ele>
      </trkpt>
      <trkpt lat="46.854602" lon="9.306355">
        <ele>2044.7</ele>
      </trkpt>
      <trkpt lat="46.8546" lon="9.306212">
        <ele>2045.9</ele>
      </trkpt>
      <trkpt lat="46.854603" lon="9.306069">
        <ele>2047.7</ele>
      </trkpt>
      <trkpt lat="46.854621" lon="9.305817">
        <ele>2050.1</ele>
      </trkpt>
      <trkpt lat="46.854641" lon="9.305566">
        <ele>2052.8</ele>
      </trkpt>
      <trkpt lat="46.854657" lon="9.305355">
        <ele>2054.5</ele>
      </trkpt>
      <trkpt lat="46.854662" lon="9.305356">
        <ele>2054.3</ele>
      </trkpt>
      <trkpt lat="46.854673" lon="9.305269">
        <ele>2054.9</ele>
      </trkpt>
      <trkpt lat="46.854735" lon="9.304922">
        <ele>2055.8</ele>
      </trkpt>
      <trkpt lat="46.854765" lon="9.304773">
        <ele>2056.1</ele>
      </trkpt>
      <trkpt lat="46.854817" lon="9.304557">
        <ele>2056.8</ele>
        <name>Tegia Gronda</name>
      </trkpt>
      <trkpt lat="46.854883" lon="9.304466">
        <ele>2057.5</ele>
      </trkpt>
      <trkpt lat="46.854955" lon="9.304327">
        <ele>2058.6</ele>
      </trkpt>
      <trkpt lat="46.855139" lon="9.303931">
        <ele>2061.0</ele>
      </trkpt>
      <trkpt lat="46.85521" lon="9.303823">
        <ele>2061.8</ele>
      </trkpt>
      <trkpt lat="46.855234" lon="9.303799">
        <ele>2062.0</ele>
      </trkpt>
      <trkpt lat="46.855263" lon="9.303786">
        <ele>2062.4</ele>
      </trkpt>
      <trkpt lat="46.855287" lon="9.303787">
        <ele>2062.5</ele>
      </trkpt>
      <trkpt lat="46.855307" lon="9.303808">
        <ele>2062.6</ele>
      </trkpt>
      <trkpt lat="46.855319" lon="9.303834">
        <ele>2062.9</ele>
      </trkpt>
      <trkpt lat="46.855326" lon="9.303862">
        <ele>2063.1</ele>
      </trkpt>
      <trkpt lat="46.855329" lon="9.303934">
        <ele>2063.6</ele>
      </trkpt>
      <trkpt lat="46.855325" lon="9.304019">
        <ele>2064.1</ele>
      </trkpt>
      <trkpt lat="46.855281" lon="9.304496">
        <ele>2067.2</ele>
      </trkpt>
      <trkpt lat="46.855277" lon="9.304594">
        <ele>2067.3</ele>
      </trkpt>
      <trkpt lat="46.855297" lon="9.304839">
        <ele>2069.1</ele>
      </trkpt>
      <trkpt lat="46.855317" lon="9.304916">
        <ele>2069.6</ele>
      </trkpt>
      <trkpt lat="46.855336" lon="9.304944">
        <ele>2069.9</ele>
      </trkpt>
      <trkpt lat="46.855362" lon="9.304964">
        <ele>2070.3</ele>
      </trkpt>
      <trkpt lat="46.855383" lon="9.304967">
        <ele>2070.4</ele>
      </trkpt>
      <trkpt lat="46.855421" lon="9.304963">
        <ele>2071.1</ele>
      </trkpt>
      <trkpt lat="46.855565" lon="9.304908">
        <ele>2073.0</ele>
      </trkpt>
      <trkpt lat="46.855626" lon="9.304904">
        <ele>2073.8</ele>
      </trkpt>
      <trkpt lat="46.855671" lon="9.304915">
        <ele>2074.6</ele>
      </trkpt>
      <trkpt lat="46.855718" lon="9.304954">
        <ele>2075.5</ele>
      </trkpt>
      <trkpt lat="46.855866" lon="9.305138">
        <ele>2078.7</ele>
      </trkpt>
      <trkpt lat="46.855915" lon="9.30518">
        <ele>2079.5</ele>
      </trkpt>
      <trkpt lat="46.855955" lon="9.305207">
        <ele>2080.1</ele>
      </trkpt>
      <trkpt lat="46.856006" lon="9.305224">
        <ele>2081.1</ele>
      </trkpt>
      <trkpt lat="46.856074" lon="9.305231">
        <ele>2082.2</ele>
      </trkpt>
      <trkpt lat="46.856149" lon="9.305208">
        <ele>2083.0</ele>
      </trkpt>
      <trkpt lat="46.856202" lon="9.30521">
        <ele>2084.0</ele>
      </trkpt>
      <trkpt lat="46.856241" lon="9.305225">
        <ele>2084.5</ele>
      </trkpt>
      <trkpt lat="46.856271" lon="9.305258">
        <ele>2084.9</ele>
      </trkpt>
      <trkpt lat="46.85632" lon="9.30533">
        <ele>2086.1</ele>
      </trkpt>
      <trkpt lat="46.856337" lon="9.305353">
        <ele>2086.3</ele>
      </trkpt>
      <trkpt lat="46.856352" lon="9.305365">
        <ele>2086.4</ele>
      </trkpt>
      <trkpt lat="46.856376" lon="9.305362">
        <ele>2086.7</ele>
      </trkpt>
      <trkpt lat="46.856416" lon="9.305335">
        <ele>2087.4</ele>
      </trkpt>
      <trkpt lat="46.85651" lon="9.305223">
        <ele>2089.8</ele>
      </trkpt>
      <trkpt lat="46.856542" lon="9.305202">
        <ele>2090.2</ele>
      </trkpt>
      <trkpt lat="46.856583" lon="9.305186">
        <ele>2090.9</ele>
      </trkpt>
      <trkpt lat="46.856729" lon="9.305174">
        <ele>2093.0</ele>
      </trkpt>
      <trkpt lat="46.856777" lon="9.305159">
        <ele>2093.5</ele>
      </trkpt>
      <trkpt lat="46.856804" lon="9.305135">
        <ele>2094.1</ele>
      </trkpt>
      <trkpt lat="46.85682" lon="9.305093">
        <ele>2094.5</ele>
      </trkpt>
      <trkpt lat="46.856824" lon="9.305042">
        <ele>2095.1</ele>
      </trkpt>
      <trkpt lat="46.856805" lon="9.304961">
        <ele>2096.1</ele>
      </trkpt>
      <trkpt lat="46.856794" lon="9.304892">
        <ele>2096.8</ele>
      </trkpt>
      <trkpt lat="46.856792" lon="9.304812">
        <ele>2097.7</ele>
      </trkpt>
      <trkpt lat="46.856817" lon="9.304243">
        <ele>2103.1</ele>
      </trkpt>
      <trkpt lat="46.856818" lon="9.304158">
        <ele>2103.7</ele>
      </trkpt>
      <trkpt lat="46.856837" lon="9.304059">
        <ele>2104.6</ele>
      </trkpt>
      <trkpt lat="46.857003" lon="9.303514">
        <ele>2109.5</ele>
      </trkpt>
      <trkpt lat="46.857121" lon="9.303124">
        <ele>2113.6</ele>
      </trkpt>
      <trkpt lat="46.857237" lon="9.302733">
        <ele>2116.5</ele>
      </trkpt>
      <trkpt lat="46.857281" lon="9.302601">
        <ele>2117.3</ele>
      </trkpt>
      <trkpt lat="46.857308" lon="9.302483">
        <ele>2118.2</ele>
      </trkpt>
      <trkpt lat="46.857318" lon="9.302396">
        <ele>2119.0</ele>
      </trkpt>
      <trkpt lat="46.857317" lon="9.302309">
        <ele>2119.5</ele>
      </trkpt>
      <trkpt lat="46.85729" lon="9.302101">
        <ele>2121.1</ele>
      </trkpt>
      <trkpt lat="46.857286" lon="9.302029">
        <ele>2121.8</ele>
      </trkpt>
      <trkpt lat="46.857298" lon="9.301915">
        <ele>2122.8</ele>
      </trkpt>
      <trkpt lat="46.85733" lon="9.301728">
        <ele>2123.9</ele>
      </trkpt>
      <trkpt lat="46.857359" lon="9.301662">
        <ele>2124.4</ele>
      </trkpt>
      <trkpt lat="46.857394" lon="9.301623">
        <ele>2124.7</ele>
      </trkpt>
      <trkpt lat="46.857631" lon="9.301422">
        <ele>2127.3</ele>
      </trkpt>
      <trkpt lat="46.857786" lon="9.301302">
        <ele>2129.5</ele>
      </trkpt>
      <trkpt lat="46.857964" lon="9.301128">
        <ele>2131.9</ele>
      </trkpt>
      <trkpt lat="46.858076" lon="9.300996">
        <ele>2133.8</ele>
      </trkpt>
      <trkpt lat="46.858318" lon="9.300896">
        <ele>2139.8</ele>
      </trkpt>
      <trkpt lat="46.858498" lon="9.300817">
        <ele>2143.6</ele>
      </trkpt>
      <trkpt lat="46.858597" lon="9.30078">
        <ele>2146.0</ele>
      </trkpt>
      <trkpt lat="46.858671" lon="9.300684">
        <ele>2148.6</ele>
      </trkpt>
      <trkpt lat="46.858817" lon="9.300641">
        <ele>2150.9</ele>
      </trkpt>
      <trkpt lat="46.859008" lon="9.300501">
        <ele>2155.7</ele>
      </trkpt>
      <trkpt lat="46.859147" lon="9.30033">
        <ele>2158.4</ele>
      </trkpt>
      <trkpt lat="46.85925" lon="9.300266">
        <ele>2160.6</ele>
      </trkpt>
      <trkpt lat="46.859382" lon="9.300201">
        <ele>2164.1</ele>
      </trkpt>
      <trkpt lat="46.859573" lon="9.300019">
        <ele>2167.1</ele>
      </trkpt>
      <trkpt lat="46.859734" lon="9.299729">
        <ele>2172.5</ele>
      </trkpt>
      <trkpt lat="46.859866" lon="9.29959">
        <ele>2176.4</ele>
      </trkpt>
      <trkpt lat="46.859976" lon="9.299439">
        <ele>2179.1</ele>
      </trkpt>
      <trkpt lat="46.860116" lon="9.299236">
        <ele>2181.7</ele>
      </trkpt>
      <trkpt lat="46.860189" lon="9.299021">
        <ele>2181.6</ele>
      </trkpt>
      <trkpt lat="46.86027" lon="9.29886">
        <ele>2180.9</ele>
      </trkpt>
      <trkpt lat="46.860365" lon="9.298796">
        <ele>2180.1</ele>
      </trkpt>
      <trkpt lat="46.860556" lon="9.29871">
        <ele>2181.1</ele>
      </trkpt>
      <trkpt lat="46.860791" lon="9.298742">
        <ele>2181.0</ele>
      </trkpt>
      <trkpt lat="46.860981" lon="9.298592">
        <ele>2181.8</ele>
      </trkpt>
      <trkpt lat="46.861099" lon="9.298345">
        <ele>2184.8</ele>
      </trkpt>
      <trkpt lat="46.861209" lon="9.298077">
        <ele>2188.0</ele>
      </trkpt>
      <trkpt lat="46.86129" lon="9.297894">
        <ele>2189.7</ele>
      </trkpt>
      <trkpt lat="46.861429" lon="9.297776">
        <ele>2191.8</ele>
      </trkpt>
      <trkpt lat="46.861601" lon="9.297753">
        <ele>2195.7</ele>
      </trkpt>
      <trkpt lat="46.861763" lon="9.297719">
        <ele>2200.7</ele>
      </trkpt>
      <trkpt lat="46.862022" lon="9.297458">
        <ele>2212.5</ele>
      </trkpt>
      <trkpt lat="46.862089" lon="9.297422">
        <ele>2214.6</ele>
      </trkpt>
      <trkpt lat="46.862192" lon="9.297401">
        <ele>2217.6</ele>
      </trkpt>
      <trkpt lat="46.862309" lon="9.297294">
        <ele>2219.2</ele>
      </trkpt>
      <trkpt lat="46.862456" lon="9.29724">
        <ele>2222.9</ele>
      </trkpt>
      <trkpt lat="46.862529" lon="9.297229">
        <ele>2225.8</ele>
      </trkpt>
      <trkpt lat="46.862639" lon="9.297315">
        <ele>2229.0</ele>
      </trkpt>
      <trkpt lat="46.862808" lon="9.297294">
        <ele>2233.1</ele>
      </trkpt>
      <trkpt lat="46.862852" lon="9.29724">
        <ele>2234.3</ele>
      </trkpt>
      <trkpt lat="46.862918" lon="9.297197">
        <ele>2234.6</ele>
      </trkpt>
      <trkpt lat="46.863028" lon="9.297143">
        <ele>2236.8</ele>
      </trkpt>
      <trkpt lat="46.863094" lon="9.297004">
        <ele>2240.5</ele>
      </trkpt>
      <trkpt lat="46.863175" lon="9.29695">
        <ele>2242.3</ele>
      </trkpt>
      <trkpt lat="46.863219" lon="9.296821">
        <ele>2244.8</ele>
      </trkpt>
      <trkpt lat="46.863241" lon="9.296725">
        <ele>2245.7</ele>
      </trkpt>
      <trkpt lat="46.8633" lon="9.296693">
        <ele>2247.2</ele>
      </trkpt>
      <trkpt lat="46.863395" lon="9.296693">
        <ele>2248.7</ele>
      </trkpt>
      <trkpt lat="46.863454" lon="9.296661">
        <ele>2250.8</ele>
      </trkpt>
      <trkpt lat="46.863556" lon="9.296618">
        <ele>2254.2</ele>
      </trkpt>
      <trkpt lat="46.863578" lon="9.296704">
        <ele>2256.4</ele>
      </trkpt>
      <trkpt lat="46.863688" lon="9.296746">
        <ele>2260.9</ele>
      </trkpt>
      <trkpt lat="46.863762" lon="9.296811">
        <ele>2262.3</ele>
      </trkpt>
      <trkpt lat="46.863806" lon="9.296897">
        <ele>2262.7</ele>
      </trkpt>
      <trkpt lat="46.863879" lon="9.296993">
        <ele>2263.6</ele>
      </trkpt>
      <trkpt lat="46.863974" lon="9.297015">
        <ele>2265.8</ele>
      </trkpt>
      <trkpt lat="46.864026" lon="9.297101">
        <ele>2267.2</ele>
      </trkpt>
      <trkpt lat="46.864092" lon="9.297251">
        <ele>2269.0</ele>
      </trkpt>
      <trkpt lat="46.864173" lon="9.297326">
        <ele>2271.5</ele>
      </trkpt>
      <trkpt lat="46.864246" lon="9.297229">
        <ele>2274.8</ele>
      </trkpt>
      <trkpt lat="46.864319" lon="9.297122">
        <ele>2278.8</ele>
      </trkpt>
      <trkpt lat="46.864407" lon="9.296972">
        <ele>2282.7</ele>
      </trkpt>
      <trkpt lat="46.864488" lon="9.296907">
        <ele>2286.1</ele>
      </trkpt>
      <trkpt lat="46.86462" lon="9.2968">
        <ele>2290.0</ele>
      </trkpt>
      <trkpt lat="46.864671" lon="9.296682">
        <ele>2291.1</ele>
      </trkpt>
      <trkpt lat="46.864759" lon="9.296532">
        <ele>2293.1</ele>
      </trkpt>
      <trkpt lat="46.86482" lon="9.296491">
        <ele>2294.5</ele>
      </trkpt>
      <trkpt lat="46.864855" lon="9.296467">
        <ele>2295.3</ele>
      </trkpt>
      <trkpt lat="46.864965" lon="9.296414">
        <ele>2297.6</ele>
      </trkpt>
      <trkpt lat="46.865009" lon="9.29651">
        <ele>2299.2</ele>
      </trkpt>
      <trkpt lat="46.865082" lon="9.296586">
        <ele>2301.9</ele>
      </trkpt>
      <trkpt lat="46.865156" lon="9.296704">
        <ele>2302.3</ele>
      </trkpt>
      <trkpt lat="46.865214" lon="9.296854">
        <ele>2304.0</ele>
      </trkpt>
      <trkpt lat="46.86528" lon="9.296972">
        <ele>2306.0</ele>
      </trkpt>
      <trkpt lat="46.865339" lon="9.29695">
        <ele>2307.2</ele>
      </trkpt>
      <trkpt lat="46.865471" lon="9.296864">
        <ele>2310.0</ele>
      </trkpt>
      <trkpt lat="46.865632" lon="9.296821">
        <ele>2311.9</ele>
      </trkpt>
      <trkpt lat="46.865794" lon="9.296693">
        <ele>2315.2</ele>
      </trkpt>
      <trkpt lat="46.86586" lon="9.296575">
        <ele>2317.4</ele>
      </trkpt>
      <trkpt lat="46.865904" lon="9.296693">
        <ele>2317.4</ele>
      </trkpt>
      <trkpt lat="46.865904" lon="9.296918">
        <ele>2316.8</ele>
      </trkpt>
      <trkpt lat="46.865955" lon="9.297004">
        <ele>2318.6</ele>
      </trkpt>
      <trkpt lat="46.866028" lon="9.296918">
        <ele>2319.6</ele>
      </trkpt>
      <trkpt lat="46.866094" lon="9.296757">
        <ele>2321.6</ele>
      </trkpt>
      <trkpt lat="46.866219" lon="9.296661">
        <ele>2324.3</ele>
      </trkpt>
      <trkpt lat="46.866314" lon="9.296628">
        <ele>2325.5</ele>
      </trkpt>
      <trkpt lat="46.866395" lon="9.296521">
        <ele>2326.5</ele>
      </trkpt>
      <trkpt lat="46.866476" lon="9.296392">
        <ele>2325.7</ele>
      </trkpt>
      <trkpt lat="46.866571" lon="9.296285">
        <ele>2326.0</ele>
      </trkpt>
      <trkpt lat="46.866703" lon="9.296124">
        <ele>2326.8</ele>
      </trkpt>
      <trkpt lat="46.866806" lon="9.296092">
        <ele>2328.1</ele>
      </trkpt>
      <trkpt lat="46.866916" lon="9.296049">
        <ele>2329.0</ele>
      </trkpt>
      <trkpt lat="46.866989" lon="9.296028">
        <ele>2329.4</ele>
      </trkpt>
      <trkpt lat="46.867136" lon="9.295974">
        <ele>2329.8</ele>
      </trkpt>
      <trkpt lat="46.867239" lon="9.295953">
        <ele>2332.0</ele>
      </trkpt>
      <trkpt lat="46.867385" lon="9.29592">
        <ele>2337.9</ele>
      </trkpt>
      <trkpt lat="46.867488" lon="9.295824">
        <ele>2340.6</ele>
      </trkpt>
      <trkpt lat="46.867583" lon="9.295749">
        <ele>2344.7</ele>
      </trkpt>
      <trkpt lat="46.86765" lon="9.295674">
        <ele>2348.3</ele>
      </trkpt>
      <trkpt lat="46.867664" lon="9.295599">
        <ele>2349.7</ele>
      </trkpt>
      <trkpt lat="46.867738" lon="9.295577">
        <ele>2353.0</ele>
      </trkpt>
      <trkpt lat="46.867826" lon="9.295609">
        <ele>2357.6</ele>
      </trkpt>
      <trkpt lat="46.867906" lon="9.295599">
        <ele>2361.9</ele>
      </trkpt>
      <trkpt lat="46.867958" lon="9.295534">
        <ele>2364.1</ele>
      </trkpt>
      <trkpt lat="46.868009" lon="9.295352">
        <ele>2365.6</ele>
      </trkpt>
      <trkpt lat="46.86806" lon="9.295277">
        <ele>2368.0</ele>
      </trkpt>
      <trkpt lat="46.868104" lon="9.295126">
        <ele>2369.9</ele>
      </trkpt>
      <trkpt lat="46.868104" lon="9.295008">
        <ele>2371.1</ele>
      </trkpt>
      <trkpt lat="46.868141" lon="9.29489">
        <ele>2374.3</ele>
      </trkpt>
      <trkpt lat="46.868214" lon="9.294869">
        <ele>2378.2</ele>
      </trkpt>
      <trkpt lat="46.86831" lon="9.294858">
        <ele>2382.0</ele>
      </trkpt>
      <trkpt lat="46.868427" lon="9.294815">
        <ele>2386.8</ele>
      </trkpt>
      <trkpt lat="46.86853" lon="9.29474">
        <ele>2391.0</ele>
      </trkpt>
      <trkpt lat="46.868618" lon="9.294676">
        <ele>2393.0</ele>
      </trkpt>
      <trkpt lat="46.868706" lon="9.294579">
        <ele>2395.9</ele>
      </trkpt>
      <trkpt lat="46.868787" lon="9.294429">
        <ele>2399.1</ele>
      </trkpt>
      <trkpt lat="46.86886" lon="9.294354">
        <ele>2399.5</ele>
      </trkpt>
      <trkpt lat="46.868919" lon="9.294322">
        <ele>2400.3</ele>
      </trkpt>
      <trkpt lat="46.869014" lon="9.294375">
        <ele>2405.5</ele>
      </trkpt>
      <trkpt lat="46.869072" lon="9.294386">
        <ele>2407.4</ele>
      </trkpt>
      <trkpt lat="46.869131" lon="9.294322">
        <ele>2409.1</ele>
      </trkpt>
      <trkpt lat="46.869219" lon="9.294182">
        <ele>2412.8</ele>
      </trkpt>
      <trkpt lat="46.869285" lon="9.294043">
        <ele>2416.0</ele>
      </trkpt>
      <trkpt lat="46.869373" lon="9.293946">
        <ele>2417.6</ele>
      </trkpt>
      <trkpt lat="46.869454" lon="9.293871">
        <ele>2419.0</ele>
      </trkpt>
      <trkpt lat="46.869571" lon="9.293818">
        <ele>2422.8</ele>
      </trkpt>
      <trkpt lat="46.869659" lon="9.293732">
        <ele>2426.1</ele>
      </trkpt>
      <trkpt lat="46.869777" lon="9.293732">
        <ele>2430.0</ele>
      </trkpt>
      <trkpt lat="46.869843" lon="9.293721">
        <ele>2432.0</ele>
      </trkpt>
      <trkpt lat="46.869923" lon="9.293538">
        <ele>2436.4</ele>
      </trkpt>
      <trkpt lat="46.869931" lon="9.293399">
        <ele>2439.5</ele>
      </trkpt>
      <trkpt lat="46.870019" lon="9.293367">
        <ele>2441.8</ele>
      </trkpt>
      <trkpt lat="46.87018" lon="9.293324">
        <ele>2442.5</ele>
      </trkpt>
      <trkpt lat="46.870239" lon="9.293249">
        <ele>2443.1</ele>
      </trkpt>
      <trkpt lat="46.870305" lon="9.293077">
        <ele>2442.3</ele>
      </trkpt>
      <trkpt lat="46.870371" lon="9.293013">
        <ele>2440.3</ele>
      </trkpt>
      <trkpt lat="46.870422" lon="9.29283">
        <ele>2450.2</ele>
      </trkpt>
      <trkpt lat="46.870451" lon="9.292712">
        <ele>2452.6</ele>
      </trkpt>
      <trkpt lat="46.87051" lon="9.292584">
        <ele>2457.8</ele>
      </trkpt>
      <trkpt lat="46.870613" lon="9.292562">
        <ele>2441.5</ele>
      </trkpt>
      <trkpt lat="46.870686" lon="9.292455">
        <ele>2441.7</ele>
      </trkpt>
      <trkpt lat="46.870708" lon="9.292251">
        <ele>2447.9</ele>
      </trkpt>
      <trkpt lat="46.870789" lon="9.292079">
        <ele>2444.6</ele>
      </trkpt>
      <trkpt lat="46.87084" lon="9.291919">
        <ele>2444.8</ele>
      </trkpt>
      <trkpt lat="46.870936" lon="9.291779">
        <ele>2446.6</ele>
      </trkpt>
      <trkpt lat="46.871068" lon="9.291704">
        <ele>2450.0</ele>
      </trkpt>
      <trkpt lat="46.871163" lon="9.291757">
        <ele>2451.8</ele>
      </trkpt>
      <trkpt lat="46.871258" lon="9.291833">
        <ele>2453.9</ele>
      </trkpt>
      <trkpt lat="46.871434" lon="9.291908">
        <ele>2458.0</ele>
      </trkpt>
      <trkpt lat="46.871537" lon="9.291929">
        <ele>2459.7</ele>
      </trkpt>
      <trkpt lat="46.871669" lon="9.291908">
        <ele>2458.2</ele>
      </trkpt>
      <trkpt lat="46.87175" lon="9.291854">
        <ele>2457.8</ele>
      </trkpt>
      <trkpt lat="46.871882" lon="9.291833">
        <ele>2458.6</ele>
      </trkpt>
      <trkpt lat="46.87197" lon="9.291822">
        <ele>2458.4</ele>
      </trkpt>
      <trkpt lat="46.872102" lon="9.291757">
        <ele>2458.5</ele>
      </trkpt>
      <trkpt lat="46.872197" lon="9.291618">
        <ele>2462.3</ele>
      </trkpt>
      <trkpt lat="46.872249" lon="9.291457">
        <ele>2466.0</ele>
      </trkpt>
      <trkpt lat="46.872263" lon="9.291361">
        <ele>2468.0</ele>
      </trkpt>
      <trkpt lat="46.872322" lon="9.291275">
        <ele>2467.0</ele>
      </trkpt>
      <trkpt lat="46.872446" lon="9.291189">
        <ele>2466.4</ele>
      </trkpt>
      <trkpt lat="46.87252" lon="9.291124">
        <ele>2465.1</ele>
      </trkpt>
      <trkpt lat="46.87263" lon="9.291071">
        <ele>2463.7</ele>
      </trkpt>
      <trkpt lat="46.872733" lon="9.290964">
        <ele>2462.7</ele>
      </trkpt>
      <trkpt lat="46.872828" lon="9.290813">
        <ele>2465.5</ele>
      </trkpt>
      <trkpt lat="46.872901" lon="9.290856">
        <ele>2467.5</ele>
      </trkpt>
      <trkpt lat="46.873004" lon="9.290835">
        <ele>2470.8</ele>
      </trkpt>
      <trkpt lat="46.873209" lon="9.290749">
        <ele>2473.2</ele>
      </trkpt>
      <trkpt lat="46.873341" lon="9.290717">
        <ele>2475.2</ele>
      </trkpt>
      <trkpt lat="46.873415" lon="9.290717">
        <ele>2475.4</ele>
      </trkpt>
      <trkpt lat="46.873517" lon="9.290792">
        <ele>2478.7</ele>
      </trkpt>
      <trkpt lat="46.873627" lon="9.290921">
        <ele>2477.8</ele>
      </trkpt>
      <trkpt lat="46.873723" lon="9.290921">
        <ele>2477.3</ele>
      </trkpt>
      <trkpt lat="46.87384" lon="9.291028">
        <ele>2482.9</ele>
      </trkpt>
      <trkpt lat="46.873899" lon="9.291157">
        <ele>2484.6</ele>
      </trkpt>
      <trkpt lat="46.873987" lon="9.291243">
        <ele>2485.3</ele>
      </trkpt>
      <trkpt lat="46.874075" lon="9.291275">
        <ele>2485.4</ele>
      </trkpt>
      <trkpt lat="46.874163" lon="9.291393">
        <ele>2487.6</ele>
      </trkpt>
      <trkpt lat="46.874221" lon="9.291489">
        <ele>2489.3</ele>
      </trkpt>
      <trkpt lat="46.87428" lon="9.291597">
        <ele>2490.5</ele>
      </trkpt>
      <trkpt lat="46.874339" lon="9.291661">
        <ele>2491.6</ele>
      </trkpt>
      <trkpt lat="46.874383" lon="9.29179">
        <ele>2494.3</ele>
      </trkpt>
      <trkpt lat="46.874427" lon="9.291961">
        <ele>2496.5</ele>
      </trkpt>
      <trkpt lat="46.874522" lon="9.292069">
        <ele>2500.6</ele>
      </trkpt>
      <trkpt lat="46.874625" lon="9.292187">
        <ele>2504.4</ele>
      </trkpt>
      <trkpt lat="46.874662" lon="9.292272">
        <ele>2506.7</ele>
      </trkpt>
      <trkpt lat="46.874698" lon="9.292315">
        <ele>2508.1</ele>
      </trkpt>
      <trkpt lat="46.874801" lon="9.292401">
        <ele>2512.0</ele>
      </trkpt>
      <trkpt lat="46.874889" lon="9.292509">
        <ele>2514.7</ele>
      </trkpt>
      <trkpt lat="46.87494" lon="9.292573">
        <ele>2516.3</ele>
      </trkpt>
      <trkpt lat="46.875116" lon="9.292605">
        <ele>2522.4</ele>
      </trkpt>
      <trkpt lat="46.875358" lon="9.292616">
        <ele>2531.6</ele>
      </trkpt>
      <trkpt lat="46.875432" lon="9.292659">
        <ele>2533.9</ele>
      </trkpt>
      <trkpt lat="46.875542" lon="9.292745">
        <ele>2536.8</ele>
      </trkpt>
      <trkpt lat="46.875637" lon="9.292788">
        <ele>2539.9</ele>
      </trkpt>
      <trkpt lat="46.875769" lon="9.292745">
        <ele>2545.3</ele>
      </trkpt>
      <trkpt lat="46.875857" lon="9.29268">
        <ele>2548.6</ele>
      </trkpt>
      <trkpt lat="46.87593" lon="9.292605">
        <ele>2550.6</ele>
      </trkpt>
      <trkpt lat="46.876018" lon="9.29253">
        <ele>2553.5</ele>
      </trkpt>
      <trkpt lat="46.876106" lon="9.29253">
        <ele>2556.8</ele>
      </trkpt>
      <trkpt lat="46.876165" lon="9.292551">
        <ele>2559.5</ele>
      </trkpt>
      <trkpt lat="46.876253" lon="9.292648">
        <ele>2563.7</ele>
      </trkpt>
      <trkpt lat="46.876304" lon="9.292852">
        <ele>2567.7</ele>
      </trkpt>
      <trkpt lat="46.876326" lon="9.29297">
        <ele>2569.4</ele>
      </trkpt>
      <trkpt lat="46.8764" lon="9.293034">
        <ele>2573.0</ele>
      </trkpt>
      <trkpt lat="46.876466" lon="9.292991">
        <ele>2576.4</ele>
      </trkpt>
      <trkpt lat="46.876576" lon="9.292841">
        <ele>2580.9</ele>
      </trkpt>
      <trkpt lat="46.876656" lon="9.29282">
        <ele>2585.6</ele>
      </trkpt>
      <trkpt lat="46.876727" lon="9.29266">
        <ele>2588.9</ele>
      </trkpt>
      <trkpt lat="46.876737" lon="9.292637">
        <ele>2589.4</ele>
      </trkpt>
      <trkpt lat="46.876788" lon="9.292498">
        <ele>2591.8</ele>
      </trkpt>
      <trkpt lat="46.876876" lon="9.292433">
        <ele>2596.6</ele>
      </trkpt>
      <trkpt lat="46.876935" lon="9.292391">
        <ele>2600.5</ele>
      </trkpt>
      <trkpt lat="46.876994" lon="9.292348">
        <ele>2604.4</ele>
      </trkpt>
      <trkpt lat="46.877067" lon="9.292272">
        <ele>2609.4</ele>
      </trkpt>
      <trkpt lat="46.877162" lon="9.292079">
        <ele>2615.8</ele>
      </trkpt>
      <trkpt lat="46.877214" lon="9.291961">
        <ele>2617.5</ele>
      </trkpt>
      <trkpt lat="46.877243" lon="9.291768">
        <ele>2618.3</ele>
      </trkpt>
      <trkpt lat="46.877272" lon="9.291618">
        <ele>2619.5</ele>
      </trkpt>
      <trkpt lat="46.877331" lon="9.291489">
        <ele>2621.0</ele>
      </trkpt>
      <trkpt lat="46.877404" lon="9.291382">
        <ele>2621.1</ele>
      </trkpt>
      <trkpt lat="46.87747" lon="9.291232">
        <ele>2626.1</ele>
      </trkpt>
      <trkpt lat="46.877544" lon="9.291146">
        <ele>2630.3</ele>
      </trkpt>
      <trkpt lat="46.877632" lon="9.290985">
        <ele>2629.5</ele>
      </trkpt>
      <trkpt lat="46.877668" lon="9.290728">
        <ele>2635.9</ele>
      </trkpt>
      <trkpt lat="46.87772" lon="9.290449">
        <ele>2638.6</ele>
      </trkpt>
      <trkpt lat="46.877727" lon="9.290234">
        <ele>2639.3</ele>
      </trkpt>
      <trkpt lat="46.877778" lon="9.290116">
        <ele>2641.7</ele>
      </trkpt>
      <trkpt lat="46.877786" lon="9.289891">
        <ele>2643.5</ele>
      </trkpt>
      <trkpt lat="46.877837" lon="9.289665">
        <ele>2642.9</ele>
      </trkpt>
      <trkpt lat="46.877888" lon="9.289494">
        <ele>2643.5</ele>
      </trkpt>
      <trkpt lat="46.877896" lon="9.289258">
        <ele>2648.3</ele>
      </trkpt>
      <trkpt lat="46.877822" lon="9.289043">
        <ele>2645.3</ele>
      </trkpt>
      <trkpt lat="46.877793" lon="9.288818">
        <ele>2643.9</ele>
      </trkpt>
      <trkpt lat="46.877793" lon="9.288614">
        <ele>2644.3</ele>
      </trkpt>
      <trkpt lat="46.877837" lon="9.288271">
        <ele>2645.3</ele>
      </trkpt>
      <trkpt lat="46.877866" lon="9.288045">
        <ele>2644.6</ele>
      </trkpt>
      <trkpt lat="46.877947" lon="9.287788">
        <ele>2649.9</ele>
      </trkpt>
      <trkpt lat="46.878042" lon="9.287552">
        <ele>2657.4</ele>
      </trkpt>
      <trkpt lat="46.87816" lon="9.287155">
        <ele>2667.4</ele>
      </trkpt>
      <trkpt lat="46.878248" lon="9.287048">
        <ele>2673.4</ele>
      </trkpt>
      <trkpt lat="46.878314" lon="9.286887">
        <ele>2678.7</ele>
      </trkpt>
      <trkpt lat="46.878387" lon="9.286661">
        <ele>2679.6</ele>
      </trkpt>
      <trkpt lat="46.878343" lon="9.286468">
        <ele>2680.6</ele>
      </trkpt>
      <trkpt lat="46.878336" lon="9.286329">
        <ele>2679.0</ele>
      </trkpt>
      <trkpt lat="46.878358" lon="9.286189">
        <ele>2681.5</ele>
      </trkpt>
      <trkpt lat="46.878365" lon="9.286007">
        <ele>2681.5</ele>
      </trkpt>
      <trkpt lat="46.878343" lon="9.285846">
        <ele>2679.6</ele>
      </trkpt>
      <trkpt lat="46.87835" lon="9.285664">
        <ele>2681.1</ele>
      </trkpt>
      <trkpt lat="46.87838" lon="9.285556">
        <ele>2680.6</ele>
      </trkpt>
      <trkpt lat="46.878387" lon="9.285309">
        <ele>2683.4</ele>
      </trkpt>
      <trkpt lat="46.878372" lon="9.284998">
        <ele>2683.6</ele>
      </trkpt>
      <trkpt lat="46.87835" lon="9.284784">
        <ele>2684.5</ele>
      </trkpt>
      <trkpt lat="46.878292" lon="9.284462">
        <ele>2684.8</ele>
      </trkpt>
      <trkpt lat="46.878262" lon="9.284344">
        <ele>2683.7</ele>
      </trkpt>
      <trkpt lat="46.878219" lon="9.284119">
        <ele>2685.7</ele>
      </trkpt>
      <trkpt lat="46.878197" lon="9.28385">
        <ele>2687.2</ele>
      </trkpt>
      <trkpt lat="46.878197" lon="9.283679">
        <ele>2688.1</ele>
      </trkpt>
      <trkpt lat="46.878204" lon="9.283507">
        <ele>2687.9</ele>
      </trkpt>
      <trkpt lat="46.878248" lon="9.283389">
        <ele>2688.1</ele>
      </trkpt>
      <trkpt lat="46.878321" lon="9.283078">
        <ele>2686.6</ele>
      </trkpt>
      <trkpt lat="46.878358" lon="9.282842">
        <ele>2686.1</ele>
      </trkpt>
      <trkpt lat="46.878372" lon="9.282627">
        <ele>2685.5</ele>
      </trkpt>
      <trkpt lat="46.878409" lon="9.282498">
        <ele>2684.9</ele>
      </trkpt>
      <trkpt lat="46.878417" lon="9.282338">
        <ele>2683.7</ele>
      </trkpt>
      <trkpt lat="46.87846" lon="9.282155">
        <ele>2684.8</ele>
      </trkpt>
      <trkpt lat="46.878527" lon="9.281887">
        <ele>2685.3</ele>
      </trkpt>
      <trkpt lat="46.878541" lon="9.281747">
        <ele>2685.2</ele>
      </trkpt>
      <trkpt lat="46.878504" lon="9.28149">
        <ele>2681.7</ele>
      </trkpt>
      <trkpt lat="46.878504" lon="9.281114">
        <ele>2686.4</ele>
      </trkpt>
      <trkpt lat="46.878541" lon="9.280814">
        <ele>2688.3</ele>
      </trkpt>
      <trkpt lat="46.878541" lon="9.280342">
        <ele>2691.6</ele>
      </trkpt>
      <trkpt lat="46.878538" lon="9.28011">
        <ele>2692.4</ele>
      </trkpt>
      <trkpt lat="46.878534" lon="9.279752">
        <ele>2693.5</ele>
      </trkpt>
      <trkpt lat="46.878592" lon="9.279312">
        <ele>2693.7</ele>
      </trkpt>
      <trkpt lat="46.878607" lon="9.279162">
        <ele>2693.3</ele>
      </trkpt>
      <trkpt lat="46.878717" lon="9.278851">
        <ele>2692.2</ele>
      </trkpt>
      <trkpt lat="46.878805" lon="9.278722">
        <ele>2691.8</ele>
      </trkpt>
      <trkpt lat="46.878908" lon="9.278561">
        <ele>2689.6</ele>
      </trkpt>
      <trkpt lat="46.878981" lon="9.278336">
        <ele>2685.5</ele>
      </trkpt>
      <trkpt lat="46.878952" lon="9.278068">
        <ele>2681.5</ele>
      </trkpt>
      <trkpt lat="46.878908" lon="9.277907">
        <ele>2679.4</ele>
      </trkpt>
      <trkpt lat="46.878864" lon="9.277724">
        <ele>2676.6</ele>
      </trkpt>
      <trkpt lat="46.878856" lon="9.277606">
        <ele>2674.3</ele>
      </trkpt>
      <trkpt lat="46.878871" lon="9.277338">
        <ele>2670.6</ele>
      </trkpt>
      <trkpt lat="46.878864" lon="9.277166">
        <ele>2667.9</ele>
      </trkpt>
      <trkpt lat="46.878835" lon="9.276941">
        <ele>2665.0</ele>
      </trkpt>
      <trkpt lat="46.878827" lon="9.27663">
        <ele>2660.4</ele>
      </trkpt>
      <trkpt lat="46.878754" lon="9.276265">
        <ele>2655.1</ele>
      </trkpt>
      <trkpt lat="46.878754" lon="9.276158">
        <ele>2653.8</ele>
      </trkpt>
      <trkpt lat="46.878732" lon="9.275836">
        <ele>2650.9</ele>
      </trkpt>
      <trkpt lat="46.878732" lon="9.275546">
        <ele>2648.2</ele>
      </trkpt>
      <trkpt lat="46.878798" lon="9.27516">
        <ele>2644.8</ele>
      </trkpt>
      <trkpt lat="46.878835" lon="9.274763">
        <ele>2643.9</ele>
      </trkpt>
      <trkpt lat="46.878798" lon="9.274366">
        <ele>2643.0</ele>
      </trkpt>
      <trkpt lat="46.878776" lon="9.274098">
        <ele>2642.4</ele>
      </trkpt>
      <trkpt lat="46.878827" lon="9.273879">
        <ele>2641.2</ele>
      </trkpt>
      <trkpt lat="46.878798" lon="9.273594">
        <ele>2638.9</ele>
      </trkpt>
      <trkpt lat="46.878849" lon="9.273358">
        <ele>2640.0</ele>
      </trkpt>
      <trkpt lat="46.878849" lon="9.273111">
        <ele>2639.6</ele>
      </trkpt>
      <trkpt lat="46.878835" lon="9.272885">
        <ele>2638.5</ele>
      </trkpt>
      <trkpt lat="46.878791" lon="9.272585">
        <ele>2638.0</ele>
      </trkpt>
      <trkpt lat="46.878791" lon="9.272253">
        <ele>2639.5</ele>
      </trkpt>
      <trkpt lat="46.878813" lon="9.271877">
        <ele>2641.2</ele>
      </trkpt>
      <trkpt lat="46.878835" lon="9.27162">
        <ele>2642.3</ele>
      </trkpt>
      <trkpt lat="46.878842" lon="9.271212">
        <ele>2642.0</ele>
      </trkpt>
      <trkpt lat="46.878886" lon="9.270804">
        <ele>2641.5</ele>
      </trkpt>
      <trkpt lat="46.8789" lon="9.270622">
        <ele>2643.0</ele>
      </trkpt>
      <trkpt lat="46.878959" lon="9.270429">
        <ele>2644.8</ele>
      </trkpt>
      <trkpt lat="46.87901" lon="9.270311">
        <ele>2646.4</ele>
      </trkpt>
      <trkpt lat="46.879025" lon="9.270246">
        <ele>2646.5</ele>
      </trkpt>
      <trkpt lat="46.879025" lon="9.270075">
        <ele>2647.2</ele>
      </trkpt>
      <trkpt lat="46.879054" lon="9.269935">
        <ele>2648.4</ele>
      </trkpt>
      <trkpt lat="46.879106" lon="9.269828">
        <ele>2650.2</ele>
      </trkpt>
      <trkpt lat="46.879113" lon="9.269667">
        <ele>2651.4</ele>
      </trkpt>
      <trkpt lat="46.879069" lon="9.26957">
        <ele>2650.5</ele>
      </trkpt>
      <trkpt lat="46.879047" lon="9.269474">
        <ele>2649.6</ele>
      </trkpt>
      <trkpt lat="46.879054" lon="9.269313">
        <ele>2649.5</ele>
      </trkpt>
      <trkpt lat="46.879069" lon="9.269045">
        <ele>2649.1</ele>
      </trkpt>
      <trkpt lat="46.879077" lon="9.268691">
        <ele>2646.8</ele>
      </trkpt>
      <trkpt lat="46.879044" lon="9.268454">
        <ele>2645.5</ele>
      </trkpt>
      <trkpt lat="46.87901" lon="9.268219">
        <ele>2645.3</ele>
      </trkpt>
      <trkpt lat="46.878989" lon="9.26794">
        <ele>2646.2</ele>
      </trkpt>
      <trkpt lat="46.878994" lon="9.267669">
        <ele>2647.3</ele>
      </trkpt>
      <trkpt lat="46.879" lon="9.267517">
        <ele>2647.9</ele>
      </trkpt>
      <trkpt lat="46.879054" lon="9.267424">
        <ele>2648.7</ele>
      </trkpt>
      <trkpt lat="46.879021" lon="9.267254">
        <ele>2648.5</ele>
      </trkpt>
      <trkpt lat="46.878995" lon="9.267183">
        <ele>2648.3</ele>
      </trkpt>
      <trkpt lat="46.878967" lon="9.266963">
        <ele>2650.0</ele>
      </trkpt>
      <trkpt lat="46.878942" lon="9.266907">
        <ele>2651.1</ele>
      </trkpt>
      <trkpt lat="46.8789" lon="9.266673">
        <ele>2653.1</ele>
      </trkpt>
      <trkpt lat="46.8789" lon="9.266395">
        <ele>2654.6</ele>
      </trkpt>
      <trkpt lat="46.878888" lon="9.266266">
        <ele>2655.2</ele>
      </trkpt>
      <trkpt lat="46.878873" lon="9.266113">
        <ele>2655.0</ele>
      </trkpt>
      <trkpt lat="46.878858" lon="9.266033">
        <ele>2654.9</ele>
      </trkpt>
      <trkpt lat="46.878822" lon="9.265957">
        <ele>2654.8</ele>
      </trkpt>
      <trkpt lat="46.878762" lon="9.265738">
        <ele>2652.2</ele>
      </trkpt>
      <trkpt lat="46.878766" lon="9.265615">
        <ele>2652.4</ele>
      </trkpt>
      <trkpt lat="46.878741" lon="9.265531">
        <ele>2652.2</ele>
      </trkpt>
      <trkpt lat="46.878703" lon="9.265445">
        <ele>2652.4</ele>
      </trkpt>
      <trkpt lat="46.878646" lon="9.265354">
        <ele>2650.9</ele>
      </trkpt>
      <trkpt lat="46.878609" lon="9.265273">
        <ele>2648.7</ele>
      </trkpt>
      <trkpt lat="46.878614" lon="9.26519">
        <ele>2647.9</ele>
      </trkpt>
      <trkpt lat="46.878647" lon="9.265193">
        <ele>2649.5</ele>
      </trkpt>
      <trkpt lat="46.878688" lon="9.265139">
        <ele>2651.9</ele>
      </trkpt>
      <trkpt lat="46.878707" lon="9.265092">
        <ele>2652.1</ele>
      </trkpt>
      <trkpt lat="46.878708" lon="9.265093">
        <ele>2652.3</ele>
      </trkpt>
      <trkpt lat="46.878713" lon="9.265089">
        <ele>2652.5</ele>
      </trkpt>
      <trkpt lat="46.878755" lon="9.265052">
        <ele>2653.2</ele>
      </trkpt>
      <trkpt lat="46.878773" lon="9.265006">
        <ele>2653.5</ele>
      </trkpt>
      <trkpt lat="46.878803" lon="9.264938">
        <ele>2653.8</ele>
      </trkpt>
      <trkpt lat="46.878819" lon="9.26486">
        <ele>2654.0</ele>
      </trkpt>
      <trkpt lat="46.878854" lon="9.264782">
        <ele>2654.8</ele>
      </trkpt>
      <trkpt lat="46.8789" lon="9.264709">
        <ele>2656.0</ele>
      </trkpt>
      <trkpt lat="46.878944" lon="9.264621">
        <ele>2657.2</ele>
      </trkpt>
      <trkpt lat="46.878977" lon="9.264505">
        <ele>2657.7</ele>
      </trkpt>
      <trkpt lat="46.879014" lon="9.26438">
        <ele>2658.4</ele>
      </trkpt>
      <trkpt lat="46.879062" lon="9.264261">
        <ele>2659.1</ele>
      </trkpt>
      <trkpt lat="46.879091" lon="9.264185">
        <ele>2659.4</ele>
      </trkpt>
      <trkpt lat="46.879098" lon="9.264094">
        <ele>2659.2</ele>
      </trkpt>
      <trkpt lat="46.879117" lon="9.264017">
        <ele>2659.1</ele>
      </trkpt>
      <trkpt lat="46.879142" lon="9.263935">
        <ele>2659.6</ele>
      </trkpt>
      <trkpt lat="46.879161" lon="9.263861">
        <ele>2660.2</ele>
      </trkpt>
      <trkpt lat="46.879172" lon="9.263782">
        <ele>2660.2</ele>
      </trkpt>
      <trkpt lat="46.879196" lon="9.263692">
        <ele>2659.9</ele>
      </trkpt>
      <trkpt lat="46.87921" lon="9.263591">
        <ele>2658.9</ele>
      </trkpt>
      <trkpt lat="46.879212" lon="9.263502">
        <ele>2657.5</ele>
      </trkpt>
      <trkpt lat="46.879231" lon="9.263395">
        <ele>2657.2</ele>
      </trkpt>
      <trkpt lat="46.879248" lon="9.263297">
        <ele>2656.7</ele>
      </trkpt>
      <trkpt lat="46.879266" lon="9.263202">
        <ele>2656.7</ele>
      </trkpt>
      <trkpt lat="46.879282" lon="9.263111">
        <ele>2656.7</ele>
      </trkpt>
      <trkpt lat="46.879293" lon="9.263008">
        <ele>2657.0</ele>
      </trkpt>
      <trkpt lat="46.879296" lon="9.262897">
        <ele>2657.5</ele>
      </trkpt>
      <trkpt lat="46.879307" lon="9.262796">
        <ele>2658.1</ele>
      </trkpt>
      <trkpt lat="46.879322" lon="9.26272">
        <ele>2658.2</ele>
      </trkpt>
      <trkpt lat="46.879341" lon="9.262625">
        <ele>2658.6</ele>
      </trkpt>
      <trkpt lat="46.879361" lon="9.262525">
        <ele>2658.6</ele>
      </trkpt>
      <trkpt lat="46.879387" lon="9.262412">
        <ele>2659.2</ele>
      </trkpt>
      <trkpt lat="46.879408" lon="9.26232">
        <ele>2658.5</ele>
      </trkpt>
      <trkpt lat="46.879435" lon="9.262242">
        <ele>2658.2</ele>
      </trkpt>
      <trkpt lat="46.879468" lon="9.262141">
        <ele>2657.9</ele>
      </trkpt>
      <trkpt lat="46.879508" lon="9.262025">
        <ele>2657.2</ele>
      </trkpt>
      <trkpt lat="46.879531" lon="9.261961">
        <ele>2657.1</ele>
      </trkpt>
      <trkpt lat="46.879094" lon="9.260504">
        <ele>2619.0</ele>
      </trkpt>
      <trkpt lat="46.879096" lon="9.260488">
        <ele>2618.8</ele>
      </trkpt>
      <trkpt lat="46.879133" lon="9.260374">
        <ele>2618.0</ele>
      </trkpt>
      <trkpt lat="46.879139" lon="9.260304">
        <ele>2616.6</ele>
      </trkpt>
      <trkpt lat="46.879162" lon="9.260241">
        <ele>2615.8</ele>
      </trkpt>
      <trkpt lat="46.879209" lon="9.260169">
        <ele>2614.8</ele>
      </trkpt>
      <trkpt lat="46.879241" lon="9.260129">
        <ele>2613.9</ele>
      </trkpt>
      <trkpt lat="46.879256" lon="9.260045">
        <ele>2611.6</ele>
      </trkpt>
      <trkpt lat="46.879277" lon="9.26001">
        <ele>2611.4</ele>
      </trkpt>
      <trkpt lat="46.879286" lon="9.25997">
        <ele>2611.0</ele>
      </trkpt>
      <trkpt lat="46.879305" lon="9.259937">
        <ele>2611.0</ele>
      </trkpt>
      <trkpt lat="46.879298" lon="9.259876">
        <ele>2609.6</ele>
      </trkpt>
      <trkpt lat="46.879313" lon="9.259804">
        <ele>2608.5</ele>
      </trkpt>
      <trkpt lat="46.879317" lon="9.259742">
        <ele>2607.4</ele>
      </trkpt>
      <trkpt lat="46.879335" lon="9.259712">
        <ele>2607.2</ele>
      </trkpt>
      <trkpt lat="46.879346" lon="9.259637">
        <ele>2606.0</ele>
      </trkpt>
      <trkpt lat="46.87937" lon="9.259584">
        <ele>2606.2</ele>
      </trkpt>
      <trkpt lat="46.87939" lon="9.259526">
        <ele>2605.9</ele>
      </trkpt>
      <trkpt lat="46.879406" lon="9.259464">
        <ele>2605.5</ele>
      </trkpt>
      <trkpt lat="46.87942" lon="9.259394">
        <ele>2605.3</ele>
      </trkpt>
      <trkpt lat="46.879427" lon="9.259304">
        <ele>2604.2</ele>
      </trkpt>
      <trkpt lat="46.879441" lon="9.259232">
        <ele>2603.2</ele>
      </trkpt>
      <trkpt lat="46.87945" lon="9.259191">
        <ele>2602.3</ele>
      </trkpt>
      <trkpt lat="46.879439" lon="9.259145">
        <ele>2601.3</ele>
      </trkpt>
      <trkpt lat="46.879438" lon="9.259086">
        <ele>2600.5</ele>
      </trkpt>
      <trkpt lat="46.879439" lon="9.259026">
        <ele>2599.8</ele>
      </trkpt>
      <trkpt lat="46.879455" lon="9.259001">
        <ele>2599.7</ele>
      </trkpt>
      <trkpt lat="46.879458" lon="9.258964">
        <ele>2599.1</ele>
      </trkpt>
      <trkpt lat="46.879459" lon="9.258918">
        <ele>2598.3</ele>
      </trkpt>
      <trkpt lat="46.879467" lon="9.258877">
        <ele>2597.6</ele>
      </trkpt>
      <trkpt lat="46.879449" lon="9.258808">
        <ele>2595.8</ele>
      </trkpt>
      <trkpt lat="46.879448" lon="9.258753">
        <ele>2594.7</ele>
      </trkpt>
      <trkpt lat="46.879448" lon="9.258725">
        <ele>2594.1</ele>
      </trkpt>
      <trkpt lat="46.879438" lon="9.258702">
        <ele>2593.6</ele>
      </trkpt>
      <trkpt lat="46.879423" lon="9.258673">
        <ele>2592.9</ele>
      </trkpt>
      <trkpt lat="46.879428" lon="9.258629">
        <ele>2591.6</ele>
      </trkpt>
      <trkpt lat="46.879432" lon="9.258599">
        <ele>2590.7</ele>
      </trkpt>
      <trkpt lat="46.879437" lon="9.258571">
        <ele>2589.8</ele>
      </trkpt>
      <trkpt lat="46.879436" lon="9.258539">
        <ele>2589.0</ele>
      </trkpt>
      <trkpt lat="46.879424" lon="9.258516">
        <ele>2588.5</ele>
      </trkpt>
      <trkpt lat="46.879413" lon="9.258477">
        <ele>2587.4</ele>
      </trkpt>
      <trkpt lat="46.879401" lon="9.258422">
        <ele>2585.6</ele>
      </trkpt>
      <trkpt lat="46.879423" lon="9.258387">
        <ele>2584.5</ele>
      </trkpt>
      <trkpt lat="46.87944" lon="9.258346">
        <ele>2583.8</ele>
      </trkpt>
      <trkpt lat="46.879437" lon="9.25831">
        <ele>2583.6</ele>
      </trkpt>
      <trkpt lat="46.879421" lon="9.25823">
        <ele>2582.4</ele>
      </trkpt>
      <trkpt lat="46.879412" lon="9.258148">
        <ele>2581.2</ele>
      </trkpt>
      <trkpt lat="46.879393" lon="9.258106">
        <ele>2580.4</ele>
      </trkpt>
      <trkpt lat="46.879376" lon="9.258097">
        <ele>2579.9</ele>
      </trkpt>
      <trkpt lat="46.879369" lon="9.258094">
        <ele>2579.6</ele>
      </trkpt>
      <trkpt lat="46.879339" lon="9.258098">
        <ele>2578.4</ele>
      </trkpt>
      <trkpt lat="46.879314" lon="9.258117">
        <ele>2577.3</ele>
      </trkpt>
      <trkpt lat="46.879288" lon="9.258132">
        <ele>2576.4</ele>
      </trkpt>
      <trkpt lat="46.879202" lon="9.258142">
        <ele>2573.4</ele>
      </trkpt>
      <trkpt lat="46.879144" lon="9.258133">
        <ele>2570.9</ele>
      </trkpt>
      <trkpt lat="46.879081" lon="9.25819">
        <ele>2569.5</ele>
      </trkpt>
      <trkpt lat="46.879006" lon="9.258201">
        <ele>2566.1</ele>
      </trkpt>
      <trkpt lat="46.878981" lon="9.258244">
        <ele>2565.4</ele>
      </trkpt>
      <trkpt lat="46.878953" lon="9.258235">
        <ele>2564.1</ele>
      </trkpt>
      <trkpt lat="46.878914" lon="9.25822">
        <ele>2562.1</ele>
      </trkpt>
      <trkpt lat="46.87888" lon="9.258225">
        <ele>2560.5</ele>
      </trkpt>
      <trkpt lat="46.878853" lon="9.258175">
        <ele>2558.5</ele>
      </trkpt>
      <trkpt lat="46.878828" lon="9.258128">
        <ele>2556.7</ele>
      </trkpt>
      <trkpt lat="46.878786" lon="9.258149">
        <ele>2555.4</ele>
      </trkpt>
      <trkpt lat="46.878754" lon="9.258113">
        <ele>2553.5</ele>
      </trkpt>
      <trkpt lat="46.878728" lon="9.258037">
        <ele>2550.4</ele>
      </trkpt>
      <trkpt lat="46.87872" lon="9.257966">
        <ele>2548.6</ele>
      </trkpt>
      <trkpt lat="46.878725" lon="9.257865">
        <ele>2546.5</ele>
      </trkpt>
      <trkpt lat="46.878748" lon="9.257793">
        <ele>2545.3</ele>
      </trkpt>
      <trkpt lat="46.878789" lon="9.257709">
        <ele>2543.8</ele>
      </trkpt>
      <trkpt lat="46.878802" lon="9.257607">
        <ele>2541.9</ele>
      </trkpt>
      <trkpt lat="46.87879" lon="9.257549">
        <ele>2540.4</ele>
      </trkpt>
      <trkpt lat="46.878783" lon="9.25748">
        <ele>2539.4</ele>
      </trkpt>
      <trkpt lat="46.878788" lon="9.257382">
        <ele>2537.4</ele>
      </trkpt>
      <trkpt lat="46.878786" lon="9.257297">
        <ele>2534.4</ele>
      </trkpt>
      <trkpt lat="46.878742" lon="9.257229">
        <ele>2532.1</ele>
      </trkpt>
      <trkpt lat="46.878764" lon="9.257016">
        <ele>2526.7</ele>
      </trkpt>
      <trkpt lat="46.878758" lon="9.256964">
        <ele>2525.0</ele>
      </trkpt>
      <trkpt lat="46.878726" lon="9.256904">
        <ele>2522.8</ele>
      </trkpt>
      <trkpt lat="46.878693" lon="9.256802">
        <ele>2520.3</ele>
      </trkpt>
      <trkpt lat="46.878663" lon="9.256706">
        <ele>2518.2</ele>
      </trkpt>
      <trkpt lat="46.878635" lon="9.256638">
        <ele>2517.0</ele>
      </trkpt>
      <trkpt lat="46.878615" lon="9.256575">
        <ele>2516.2</ele>
      </trkpt>
      <trkpt lat="46.878616" lon="9.256505">
        <ele>2515.1</ele>
      </trkpt>
      <trkpt lat="46.878607" lon="9.256464">
        <ele>2514.5</ele>
      </trkpt>
      <trkpt lat="46.878591" lon="9.256386">
        <ele>2513.0</ele>
      </trkpt>
      <trkpt lat="46.878619" lon="9.256352">
        <ele>2511.6</ele>
      </trkpt>
      <trkpt lat="46.87861" lon="9.256313">
        <ele>2511.3</ele>
      </trkpt>
      <trkpt lat="46.878658" lon="9.256214">
        <ele>2509.1</ele>
      </trkpt>
      <trkpt lat="46.878692" lon="9.256176">
        <ele>2507.8</ele>
      </trkpt>
      <trkpt lat="46.878711" lon="9.256152">
        <ele>2507.2</ele>
      </trkpt>
      <trkpt lat="46.878747" lon="9.256068">
        <ele>2505.9</ele>
      </trkpt>
      <trkpt lat="46.87878" lon="9.255966">
        <ele>2504.8</ele>
      </trkpt>
      <trkpt lat="46.878798" lon="9.255857">
        <ele>2503.8</ele>
      </trkpt>
      <trkpt lat="46.878804" lon="9.255762">
        <ele>2503.1</ele>
      </trkpt>
      <trkpt lat="46.878807" lon="9.255655">
        <ele>2502.0</ele>
      </trkpt>
      <trkpt lat="46.878798" lon="9.255585">
        <ele>2501.5</ele>
      </trkpt>
      <trkpt lat="46.878775" lon="9.255511">
        <ele>2501.1</ele>
      </trkpt>
      <trkpt lat="46.87873" lon="9.255399">
        <ele>2500.4</ele>
      </trkpt>
      <trkpt lat="46.878692" lon="9.255285">
        <ele>2500.6</ele>
      </trkpt>
      <trkpt lat="46.878688" lon="9.255242">
        <ele>2500.5</ele>
      </trkpt>
      <trkpt lat="46.878713" lon="9.255214">
        <ele>2500.2</ele>
      </trkpt>
      <trkpt lat="46.878702" lon="9.255058">
        <ele>2499.2</ele>
      </trkpt>
      <trkpt lat="46.878707" lon="9.254946">
        <ele>2498.6</ele>
      </trkpt>
      <trkpt lat="46.878716" lon="9.25479">
        <ele>2498.5</ele>
      </trkpt>
      <trkpt lat="46.878705" lon="9.254712">
        <ele>2498.5</ele>
      </trkpt>
      <trkpt lat="46.878716" lon="9.25453">
        <ele>2498.1</ele>
      </trkpt>
      <trkpt lat="46.878714" lon="9.25439">
        <ele>2497.3</ele>
      </trkpt>
      <trkpt lat="46.878694" lon="9.254337">
        <ele>2496.4</ele>
      </trkpt>
      <trkpt lat="46.878715" lon="9.254245">
        <ele>2494.3</ele>
      </trkpt>
      <trkpt lat="46.878705" lon="9.254163">
        <ele>2492.2</ele>
      </trkpt>
      <trkpt lat="46.878744" lon="9.254105">
        <ele>2491.2</ele>
      </trkpt>
      <trkpt lat="46.878722" lon="9.253947">
        <ele>2488.5</ele>
      </trkpt>
      <trkpt lat="46.878727" lon="9.253862">
        <ele>2486.8</ele>
      </trkpt>
      <trkpt lat="46.878717" lon="9.253807">
        <ele>2486.0</ele>
      </trkpt>
      <trkpt lat="46.878693" lon="9.253721">
        <ele>2484.0</ele>
      </trkpt>
      <trkpt lat="46.878662" lon="9.253664">
        <ele>2482.6</ele>
      </trkpt>
      <trkpt lat="46.878631" lon="9.253624">
        <ele>2481.5</ele>
      </trkpt>
      <trkpt lat="46.878667" lon="9.253565">
        <ele>2480.8</ele>
      </trkpt>
      <trkpt lat="46.878691" lon="9.253562">
        <ele>2480.0</ele>
      </trkpt>
      <trkpt lat="46.878726" lon="9.253581">
        <ele>2479.4</ele>
      </trkpt>
      <trkpt lat="46.87872" lon="9.253489">
        <ele>2478.4</ele>
      </trkpt>
      <trkpt lat="46.878753" lon="9.253401">
        <ele>2475.7</ele>
      </trkpt>
      <trkpt lat="46.878785" lon="9.253402">
        <ele>2474.8</ele>
      </trkpt>
      <trkpt lat="46.878777" lon="9.253294">
        <ele>2472.1</ele>
      </trkpt>
      <trkpt lat="46.878785" lon="9.253245">
        <ele>2470.8</ele>
      </trkpt>
      <trkpt lat="46.878766" lon="9.253167">
        <ele>2469.6</ele>
      </trkpt>
      <trkpt lat="46.878753" lon="9.253068">
        <ele>2467.7</ele>
      </trkpt>
      <trkpt lat="46.878738" lon="9.252974">
        <ele>2465.9</ele>
      </trkpt>
      <trkpt lat="46.878718" lon="9.252886">
        <ele>2464.5</ele>
      </trkpt>
      <trkpt lat="46.878677" lon="9.252777">
        <ele>2463.4</ele>
      </trkpt>
      <trkpt lat="46.878643" lon="9.252665">
        <ele>2462.4</ele>
      </trkpt>
      <trkpt lat="46.878638" lon="9.252612">
        <ele>2461.5</ele>
      </trkpt>
      <trkpt lat="46.878611" lon="9.252545">
        <ele>2461.0</ele>
      </trkpt>
      <trkpt lat="46.878583" lon="9.252411">
        <ele>2459.4</ele>
      </trkpt>
      <trkpt lat="46.878576" lon="9.252314">
        <ele>2458.0</ele>
      </trkpt>
      <trkpt lat="46.878568" lon="9.252187">
        <ele>2455.2</ele>
      </trkpt>
      <trkpt lat="46.878542" lon="9.252097">
        <ele>2454.3</ele>
      </trkpt>
      <trkpt lat="46.87851" lon="9.251945">
        <ele>2451.3</ele>
      </trkpt>
      <trkpt lat="46.87848" lon="9.251833">
        <ele>2449.9</ele>
      </trkpt>
      <trkpt lat="46.87846" lon="9.251744">
        <ele>2447.7</ele>
      </trkpt>
      <trkpt lat="46.878443" lon="9.25159">
        <ele>2444.1</ele>
      </trkpt>
      <trkpt lat="46.878462" lon="9.25147">
        <ele>2441.1</ele>
      </trkpt>
      <trkpt lat="46.878484" lon="9.251361">
        <ele>2438.4</ele>
      </trkpt>
      <trkpt lat="46.878482" lon="9.251262">
        <ele>2436.3</ele>
      </trkpt>
      <trkpt lat="46.878472" lon="9.251195">
        <ele>2435.1</ele>
      </trkpt>
      <trkpt lat="46.878465" lon="9.251161">
        <ele>2434.5</ele>
      </trkpt>
      <trkpt lat="46.878482" lon="9.251105">
        <ele>2432.7</ele>
      </trkpt>
      <trkpt lat="46.878478" lon="9.251055">
        <ele>2431.5</ele>
      </trkpt>
      <trkpt lat="46.878486" lon="9.251012">
        <ele>2430.1</ele>
      </trkpt>
      <trkpt lat="46.878465" lon="9.250895">
        <ele>2428.7</ele>
      </trkpt>
      <trkpt lat="46.878459" lon="9.250792">
        <ele>2427.0</ele>
      </trkpt>
      <trkpt lat="46.878473" lon="9.25075">
        <ele>2426.1</ele>
      </trkpt>
      <trkpt lat="46.878469" lon="9.250705">
        <ele>2425.4</ele>
      </trkpt>
      <trkpt lat="46.878444" lon="9.250605">
        <ele>2424.0</ele>
      </trkpt>
      <trkpt lat="46.878434" lon="9.250535">
        <ele>2422.8</ele>
      </trkpt>
      <trkpt lat="46.878434" lon="9.250473">
        <ele>2421.7</ele>
      </trkpt>
      <trkpt lat="46.878419" lon="9.25043">
        <ele>2420.8</ele>
      </trkpt>
      <trkpt lat="46.878403" lon="9.250402">
        <ele>2420.4</ele>
      </trkpt>
      <trkpt lat="46.87838" lon="9.250353">
        <ele>2419.7</ele>
      </trkpt>
      <trkpt lat="46.878365" lon="9.25029">
        <ele>2418.3</ele>
      </trkpt>
      <trkpt lat="46.878326" lon="9.250243">
        <ele>2417.5</ele>
      </trkpt>
      <trkpt lat="46.878316" lon="9.250165">
        <ele>2415.1</ele>
      </trkpt>
      <trkpt lat="46.878291" lon="9.250127">
        <ele>2414.0</ele>
      </trkpt>
      <trkpt lat="46.878253" lon="9.250048">
        <ele>2411.3</ele>
      </trkpt>
      <trkpt lat="46.878208" lon="9.249979">
        <ele>2409.5</ele>
      </trkpt>
      <trkpt lat="46.878161" lon="9.249915">
        <ele>2408.2</ele>
      </trkpt>
      <trkpt lat="46.878125" lon="9.249877">
        <ele>2407.1</ele>
      </trkpt>
      <trkpt lat="46.878088" lon="9.249767">
        <ele>2403.8</ele>
      </trkpt>
      <trkpt lat="46.878051" lon="9.249677">
        <ele>2401.7</ele>
      </trkpt>
      <trkpt lat="46.87803" lon="9.249577">
        <ele>2399.5</ele>
      </trkpt>
      <trkpt lat="46.878021" lon="9.249491">
        <ele>2398.4</ele>
      </trkpt>
      <trkpt lat="46.87804" lon="9.249434">
        <ele>2397.3</ele>
      </trkpt>
      <trkpt lat="46.878041" lon="9.249368">
        <ele>2396.4</ele>
      </trkpt>
      <trkpt lat="46.878056" lon="9.249307">
        <ele>2395.1</ele>
      </trkpt>
      <trkpt lat="46.878057" lon="9.249247">
        <ele>2394.1</ele>
      </trkpt>
      <trkpt lat="46.878047" lon="9.249138">
        <ele>2392.8</ele>
      </trkpt>
      <trkpt lat="46.878039" lon="9.249025">
        <ele>2391.3</ele>
      </trkpt>
      <trkpt lat="46.878045" lon="9.248967">
        <ele>2390.2</ele>
      </trkpt>
      <trkpt lat="46.878036" lon="9.248827">
        <ele>2389.0</ele>
      </trkpt>
      <trkpt lat="46.878026" lon="9.248713">
        <ele>2388.1</ele>
      </trkpt>
      <trkpt lat="46.878006" lon="9.248601">
        <ele>2386.9</ele>
      </trkpt>
      <trkpt lat="46.877984" lon="9.248523">
        <ele>2386.0</ele>
      </trkpt>
      <trkpt lat="46.877957" lon="9.248295">
        <ele>2383.5</ele>
      </trkpt>
      <trkpt lat="46.877933" lon="9.248132">
        <ele>2381.9</ele>
      </trkpt>
      <trkpt lat="46.877923" lon="9.24797">
        <ele>2380.6</ele>
      </trkpt>
      <trkpt lat="46.877898" lon="9.2479">
        <ele>2379.9</ele>
      </trkpt>
      <trkpt lat="46.877875" lon="9.247827">
        <ele>2378.7</ele>
      </trkpt>
      <trkpt lat="46.877833" lon="9.247773">
        <ele>2377.8</ele>
      </trkpt>
      <trkpt lat="46.877842" lon="9.247739">
        <ele>2377.5</ele>
      </trkpt>
      <trkpt lat="46.877815" lon="9.247655">
        <ele>2376.4</ele>
      </trkpt>
      <trkpt lat="46.877823" lon="9.24749">
        <ele>2374.8</ele>
      </trkpt>
      <trkpt lat="46.877832" lon="9.247233">
        <ele>2374.1</ele>
      </trkpt>
      <trkpt lat="46.877883" lon="9.247176">
        <ele>2374.5</ele>
      </trkpt>
      <trkpt lat="46.87788" lon="9.247066">
        <ele>2373.6</ele>
      </trkpt>
      <trkpt lat="46.877889" lon="9.247025">
        <ele>2373.4</ele>
      </trkpt>
      <trkpt lat="46.87786" lon="9.246959">
        <ele>2371.9</ele>
      </trkpt>
      <trkpt lat="46.87789" lon="9.246836">
        <ele>2370.7</ele>
      </trkpt>
      <trkpt lat="46.87786" lon="9.246724">
        <ele>2369.4</ele>
      </trkpt>
      <trkpt lat="46.877851" lon="9.246596">
        <ele>2368.2</ele>
      </trkpt>
      <trkpt lat="46.877839" lon="9.246544">
        <ele>2367.8</ele>
      </trkpt>
      <trkpt lat="46.877818" lon="9.246489">
        <ele>2367.2</ele>
      </trkpt>
      <trkpt lat="46.877806" lon="9.246444">
        <ele>2366.6</ele>
      </trkpt>
      <trkpt lat="46.877817" lon="9.246372">
        <ele>2366.0</ele>
      </trkpt>
      <trkpt lat="46.877828" lon="9.246287">
        <ele>2365.2</ele>
      </trkpt>
      <trkpt lat="46.877846" lon="9.246197">
        <ele>2365.1</ele>
      </trkpt>
      <trkpt lat="46.877859" lon="9.246096">
        <ele>2365.5</ele>
      </trkpt>
      <trkpt lat="46.877855" lon="9.246023">
        <ele>2365.7</ele>
      </trkpt>
      <trkpt lat="46.877882" lon="9.245947">
        <ele>2366.6</ele>
      </trkpt>
      <trkpt lat="46.877888" lon="9.245892">
        <ele>2366.3</ele>
      </trkpt>
      <trkpt lat="46.87788" lon="9.245763">
        <ele>2364.5</ele>
      </trkpt>
      <trkpt lat="46.877883" lon="9.245669">
        <ele>2362.2</ele>
      </trkpt>
      <trkpt lat="46.877903" lon="9.245623">
        <ele>2360.7</ele>
      </trkpt>
      <trkpt lat="46.877881" lon="9.245494">
        <ele>2358.4</ele>
      </trkpt>
      <trkpt lat="46.877895" lon="9.245415">
        <ele>2356.1</ele>
      </trkpt>
      <trkpt lat="46.877893" lon="9.245334">
        <ele>2355.0</ele>
      </trkpt>
      <trkpt lat="46.877908" lon="9.245278">
        <ele>2354.9</ele>
      </trkpt>
      <trkpt lat="46.877935" lon="9.245217">
        <ele>2355.7</ele>
      </trkpt>
      <trkpt lat="46.877958" lon="9.245146">
        <ele>2356.4</ele>
      </trkpt>
      <trkpt lat="46.877996" lon="9.245058">
        <ele>2356.6</ele>
      </trkpt>
      <trkpt lat="46.878032" lon="9.244868">
        <ele>2356.1</ele>
      </trkpt>
      <trkpt lat="46.878008" lon="9.24471">
        <ele>2355.6</ele>
      </trkpt>
      <trkpt lat="46.878028" lon="9.244548">
        <ele>2356.1</ele>
      </trkpt>
      <trkpt lat="46.878019" lon="9.244478">
        <ele>2355.9</ele>
      </trkpt>
      <trkpt lat="46.878002" lon="9.244324">
        <ele>2355.1</ele>
      </trkpt>
      <trkpt lat="46.877996" lon="9.244194">
        <ele>2354.0</ele>
      </trkpt>
      <trkpt lat="46.877998" lon="9.244085">
        <ele>2352.9</ele>
      </trkpt>
      <trkpt lat="46.878004" lon="9.243989">
        <ele>2351.0</ele>
      </trkpt>
      <trkpt lat="46.878046" lon="9.243917">
        <ele>2349.8</ele>
      </trkpt>
      <trkpt lat="46.878084" lon="9.243875">
        <ele>2350.1</ele>
      </trkpt>
      <trkpt lat="46.878073" lon="9.243739">
        <ele>2347.9</ele>
      </trkpt>
      <trkpt lat="46.878119" lon="9.243568">
        <ele>2346.1</ele>
      </trkpt>
      <trkpt lat="46.878023" lon="9.243611">
        <ele>2344.0</ele>
      </trkpt>
      <trkpt lat="46.877974" lon="9.243621">
        <ele>2342.4</ele>
      </trkpt>
      <trkpt lat="46.877914" lon="9.243656">
        <ele>2341.5</ele>
      </trkpt>
      <trkpt lat="46.877874" lon="9.243647">
        <ele>2340.3</ele>
      </trkpt>
      <trkpt lat="46.877839" lon="9.243667">
        <ele>2340.2</ele>
      </trkpt>
      <trkpt lat="46.877818" lon="9.243612">
        <ele>2338.5</ele>
      </trkpt>
      <trkpt lat="46.877791" lon="9.243568">
        <ele>2336.7</ele>
      </trkpt>
      <trkpt lat="46.877799" lon="9.243518">
        <ele>2335.7</ele>
      </trkpt>
      <trkpt lat="46.877767" lon="9.243401">
        <ele>2332.7</ele>
      </trkpt>
      <trkpt lat="46.877733" lon="9.243312">
        <ele>2330.1</ele>
      </trkpt>
      <trkpt lat="46.877733" lon="9.243227">
        <ele>2327.7</ele>
      </trkpt>
      <trkpt lat="46.87772" lon="9.243156">
        <ele>2326.1</ele>
      </trkpt>
      <trkpt lat="46.877696" lon="9.243018">
        <ele>2323.0</ele>
      </trkpt>
      <trkpt lat="46.877695" lon="9.242828">
        <ele>2319.1</ele>
      </trkpt>
      <trkpt lat="46.877648" lon="9.242676">
        <ele>2315.8</ele>
      </trkpt>
      <trkpt lat="46.877586" lon="9.242476">
        <ele>2311.5</ele>
      </trkpt>
      <trkpt lat="46.877556" lon="9.242371">
        <ele>2309.7</ele>
      </trkpt>
      <trkpt lat="46.877564" lon="9.242249">
        <ele>2306.8</ele>
      </trkpt>
      <trkpt lat="46.87761" lon="9.242204">
        <ele>2305.0</ele>
      </trkpt>
      <trkpt lat="46.8776" lon="9.242158">
        <ele>2303.9</ele>
      </trkpt>
      <trkpt lat="46.877629" lon="9.242163">
        <ele>2303.6</ele>
      </trkpt>
      <trkpt lat="46.877659" lon="9.24215">
        <ele>2302.8</ele>
      </trkpt>
      <trkpt lat="46.877674" lon="9.242079">
        <ele>2301.6</ele>
      </trkpt>
      <trkpt lat="46.877657" lon="9.242013">
        <ele>2299.8</ele>
      </trkpt>
      <trkpt lat="46.877652" lon="9.241952">
        <ele>2298.7</ele>
      </trkpt>
      <trkpt lat="46.877663" lon="9.241898">
        <ele>2298.5</ele>
      </trkpt>
      <trkpt lat="46.877671" lon="9.241838">
        <ele>2297.8</ele>
      </trkpt>
      <trkpt lat="46.877668" lon="9.241794">
        <ele>2297.0</ele>
      </trkpt>
      <trkpt lat="46.877655" lon="9.241804">
        <ele>2296.6</ele>
      </trkpt>
      <trkpt lat="46.877641" lon="9.241828">
        <ele>2296.3</ele>
      </trkpt>
      <trkpt lat="46.877615" lon="9.241831">
        <ele>2295.2</ele>
      </trkpt>
      <trkpt lat="46.877598" lon="9.241883">
        <ele>2295.4</ele>
      </trkpt>
      <trkpt lat="46.877581" lon="9.241886">
        <ele>2295.0</ele>
      </trkpt>
      <trkpt lat="46.877559" lon="9.241865">
        <ele>2294.1</ele>
      </trkpt>
      <trkpt lat="46.877498" lon="9.241751">
        <ele>2290.6</ele>
      </trkpt>
      <trkpt lat="46.877482" lon="9.241721">
        <ele>2289.9</ele>
      </trkpt>
      <trkpt lat="46.877464" lon="9.24166">
        <ele>2288.3</ele>
      </trkpt>
      <trkpt lat="46.877425" lon="9.241596">
        <ele>2285.7</ele>
      </trkpt>
      <trkpt lat="46.8774" lon="9.241558">
        <ele>2284.2</ele>
      </trkpt>
      <trkpt lat="46.87736" lon="9.241526">
        <ele>2282.7</ele>
      </trkpt>
      <trkpt lat="46.877345" lon="9.241503">
        <ele>2282.0</ele>
      </trkpt>
      <trkpt lat="46.877332" lon="9.24147">
        <ele>2280.8</ele>
      </trkpt>
      <trkpt lat="46.877327" lon="9.241448">
        <ele>2280.1</ele>
      </trkpt>
      <trkpt lat="46.877309" lon="9.241423">
        <ele>2279.1</ele>
      </trkpt>
      <trkpt lat="46.877297" lon="9.241407">
        <ele>2278.5</ele>
      </trkpt>
      <trkpt lat="46.877287" lon="9.241396">
        <ele>2278.0</ele>
      </trkpt>
      <trkpt lat="46.877294" lon="9.241368">
        <ele>2277.3</ele>
      </trkpt>
      <trkpt lat="46.877291" lon="9.24135">
        <ele>2276.8</ele>
      </trkpt>
      <trkpt lat="46.877285" lon="9.241329">
        <ele>2276.1</ele>
      </trkpt>
      <trkpt lat="46.877275" lon="9.241307">
        <ele>2275.5</ele>
      </trkpt>
      <trkpt lat="46.877259" lon="9.241284">
        <ele>2274.9</ele>
      </trkpt>
      <trkpt lat="46.877257" lon="9.241247">
        <ele>2273.4</ele>
      </trkpt>
      <trkpt lat="46.87726" lon="9.241231">
        <ele>2272.7</ele>
      </trkpt>
      <trkpt lat="46.877253" lon="9.241219">
        <ele>2272.1</ele>
      </trkpt>
      <trkpt lat="46.877233" lon="9.241201">
        <ele>2271.2</ele>
      </trkpt>
      <trkpt lat="46.877195" lon="9.241161">
        <ele>2269.2</ele>
      </trkpt>
      <trkpt lat="46.877159" lon="9.241123">
        <ele>2267.4</ele>
      </trkpt>
      <trkpt lat="46.877127" lon="9.241111">
        <ele>2266.3</ele>
      </trkpt>
      <trkpt lat="46.877117" lon="9.241087">
        <ele>2265.4</ele>
      </trkpt>
      <trkpt lat="46.877085" lon="9.241107">
        <ele>2264.4</ele>
      </trkpt>
      <trkpt lat="46.877045" lon="9.241068">
        <ele>2262.6</ele>
      </trkpt>
      <trkpt lat="46.877018" lon="9.24102">
        <ele>2261.4</ele>
      </trkpt>
      <trkpt lat="46.876997" lon="9.241061">
        <ele>2260.5</ele>
      </trkpt>
      <trkpt lat="46.876987" lon="9.241092">
        <ele>2259.8</ele>
      </trkpt>
      <trkpt lat="46.876931" lon="9.241032">
        <ele>2257.0</ele>
      </trkpt>
      <trkpt lat="46.876906" lon="9.241018">
        <ele>2255.7</ele>
      </trkpt>
      <trkpt lat="46.876855" lon="9.240925">
        <ele>2253.7</ele>
      </trkpt>
      <trkpt lat="46.87684" lon="9.240984">
        <ele>2252.7</ele>
      </trkpt>
      <trkpt lat="46.876823" lon="9.24099">
        <ele>2251.6</ele>
      </trkpt>
      <trkpt lat="46.876781" lon="9.240903">
        <ele>2249.4</ele>
      </trkpt>
      <trkpt lat="46.876739" lon="9.240871">
        <ele>2247.4</ele>
      </trkpt>
      <trkpt lat="46.876659" lon="9.240759">
        <ele>2243.4</ele>
      </trkpt>
      <trkpt lat="46.876623" lon="9.240749">
        <ele>2241.7</ele>
      </trkpt>
      <trkpt lat="46.876622" lon="9.240684">
        <ele>2240.4</ele>
      </trkpt>
      <trkpt lat="46.87656" lon="9.240618">
        <ele>2237.2</ele>
      </trkpt>
      <trkpt lat="46.876569" lon="9.24057">
        <ele>2235.9</ele>
      </trkpt>
      <trkpt lat="46.87652" lon="9.240578">
        <ele>2235.3</ele>
      </trkpt>
      <trkpt lat="46.876499" lon="9.24056">
        <ele>2234.3</ele>
      </trkpt>
      <trkpt lat="46.876515" lon="9.240516">
        <ele>2233.6</ele>
      </trkpt>
      <trkpt lat="46.876559" lon="9.240461">
        <ele>2231.5</ele>
      </trkpt>
      <trkpt lat="46.876601" lon="9.240446">
        <ele>2230.8</ele>
      </trkpt>
      <trkpt lat="46.876654" lon="9.240393">
        <ele>2228.3</ele>
      </trkpt>
      <trkpt lat="46.876693" lon="9.240322">
        <ele>2225.9</ele>
      </trkpt>
      <trkpt lat="46.876701" lon="9.240313">
        <ele>2225.6</ele>
      </trkpt>
      <trkpt lat="46.876726" lon="9.240284">
        <ele>2224.7</ele>
      </trkpt>
      <trkpt lat="46.876761" lon="9.24026">
        <ele>2223.8</ele>
      </trkpt>
      <trkpt lat="46.876785" lon="9.240236">
        <ele>2223.1</ele>
      </trkpt>
      <trkpt lat="46.87682" lon="9.240183">
        <ele>2221.1</ele>
      </trkpt>
      <trkpt lat="46.876835" lon="9.240157">
        <ele>2220.5</ele>
      </trkpt>
      <trkpt lat="46.876838" lon="9.240115">
        <ele>2219.5</ele>
      </trkpt>
      <trkpt lat="46.876795" lon="9.240131">
        <ele>2218.8</ele>
      </trkpt>
      <trkpt lat="46.876754" lon="9.240109">
        <ele>2217.2</ele>
      </trkpt>
      <trkpt lat="46.87671" lon="9.240068">
        <ele>2216.0</ele>
      </trkpt>
      <trkpt lat="46.876634" lon="9.239957">
        <ele>2212.4</ele>
      </trkpt>
      <trkpt lat="46.87659" lon="9.239954">
        <ele>2211.9</ele>
      </trkpt>
      <trkpt lat="46.876491" lon="9.239909">
        <ele>2209.3</ele>
      </trkpt>
      <trkpt lat="46.876429" lon="9.239917">
        <ele>2208.5</ele>
      </trkpt>
      <trkpt lat="46.876367" lon="9.239936">
        <ele>2207.6</ele>
      </trkpt>
      <trkpt lat="46.876286" lon="9.239951">
        <ele>2205.1</ele>
      </trkpt>
      <trkpt lat="46.876202" lon="9.239972">
        <ele>2204.2</ele>
      </trkpt>
      <trkpt lat="46.876123" lon="9.23999">
        <ele>2202.4</ele>
      </trkpt>
      <trkpt lat="46.876068" lon="9.239975">
        <ele>2200.2</ele>
      </trkpt>
      <trkpt lat="46.875987" lon="9.239964">
        <ele>2197.4</ele>
      </trkpt>
      <trkpt lat="46.875931" lon="9.239981">
        <ele>2195.7</ele>
      </trkpt>
      <trkpt lat="46.875878" lon="9.240009">
        <ele>2194.0</ele>
      </trkpt>
      <trkpt lat="46.87582" lon="9.240029">
        <ele>2191.3</ele>
      </trkpt>
      <trkpt lat="46.875752" lon="9.240082">
        <ele>2189.1</ele>
      </trkpt>
      <trkpt lat="46.875707" lon="9.240141">
        <ele>2187.8</ele>
      </trkpt>
      <trkpt lat="46.87562" lon="9.240318">
        <ele>2185.2</ele>
      </trkpt>
      <trkpt lat="46.875551" lon="9.240472">
        <ele>2182.0</ele>
      </trkpt>
      <trkpt lat="46.875529" lon="9.240508">
        <ele>2180.5</ele>
      </trkpt>
      <trkpt lat="46.875522" lon="9.240432">
        <ele>2180.4</ele>
      </trkpt>
      <trkpt lat="46.875517" lon="9.240357">
        <ele>2179.8</ele>
      </trkpt>
      <trkpt lat="46.875481" lon="9.240453">
        <ele>2178.1</ele>
      </trkpt>
      <trkpt lat="46.875427" lon="9.240585">
        <ele>2174.9</ele>
      </trkpt>
      <trkpt lat="46.875399" lon="9.240667">
        <ele>2173.1</ele>
      </trkpt>
      <trkpt lat="46.87538" lon="9.240724">
        <ele>2172.0</ele>
      </trkpt>
      <trkpt lat="46.875352" lon="9.240741">
        <ele>2171.0</ele>
      </trkpt>
      <trkpt lat="46.875328" lon="9.240728">
        <ele>2170.2</ele>
      </trkpt>
      <trkpt lat="46.875315" lon="9.240694">
        <ele>2169.6</ele>
      </trkpt>
      <trkpt lat="46.875281" lon="9.240657">
        <ele>2168.6</ele>
      </trkpt>
      <trkpt lat="46.875268" lon="9.240632">
        <ele>2168.1</ele>
      </trkpt>
      <trkpt lat="46.875249" lon="9.240605">
        <ele>2167.5</ele>
      </trkpt>
      <trkpt lat="46.87521" lon="9.240603">
        <ele>2166.8</ele>
      </trkpt>
      <trkpt lat="46.875183" lon="9.240605">
        <ele>2166.4</ele>
      </trkpt>
      <trkpt lat="46.875155" lon="9.240616">
        <ele>2166.5</ele>
      </trkpt>
      <trkpt lat="46.875124" lon="9.240578">
        <ele>2165.5</ele>
      </trkpt>
      <trkpt lat="46.87511" lon="9.240545">
        <ele>2164.9</ele>
      </trkpt>
      <trkpt lat="46.875085" lon="9.240513">
        <ele>2164.1</ele>
      </trkpt>
      <trkpt lat="46.875056" lon="9.240455">
        <ele>2162.9</ele>
      </trkpt>
      <trkpt lat="46.87503" lon="9.240425">
        <ele>2162.1</ele>
      </trkpt>
      <trkpt lat="46.874953" lon="9.240408">
        <ele>2160.5</ele>
      </trkpt>
      <trkpt lat="46.874907" lon="9.240408">
        <ele>2159.7</ele>
      </trkpt>
      <trkpt lat="46.874866" lon="9.240378">
        <ele>2158.8</ele>
      </trkpt>
      <trkpt lat="46.874817" lon="9.240342">
        <ele>2157.7</ele>
      </trkpt>
      <trkpt lat="46.874783" lon="9.240342">
        <ele>2156.8</ele>
      </trkpt>
      <trkpt lat="46.874748" lon="9.240327">
        <ele>2155.6</ele>
      </trkpt>
      <trkpt lat="46.874696" lon="9.240342">
        <ele>2154.3</ele>
      </trkpt>
      <trkpt lat="46.874613" lon="9.240355">
        <ele>2152.4</ele>
      </trkpt>
      <trkpt lat="46.874585" lon="9.240386">
        <ele>2151.6</ele>
      </trkpt>
      <trkpt lat="46.874562" lon="9.240378">
        <ele>2151.0</ele>
      </trkpt>
      <trkpt lat="46.874531" lon="9.240342">
        <ele>2150.5</ele>
      </trkpt>
      <trkpt lat="46.87449" lon="9.240357">
        <ele>2149.0</ele>
      </trkpt>
      <trkpt lat="46.874462" lon="9.240353">
        <ele>2147.7</ele>
      </trkpt>
      <trkpt lat="46.87444" lon="9.240352">
        <ele>2146.9</ele>
      </trkpt>
      <trkpt lat="46.874415" lon="9.240335">
        <ele>2146.2</ele>
      </trkpt>
      <trkpt lat="46.874398" lon="9.240329">
        <ele>2145.7</ele>
      </trkpt>
      <trkpt lat="46.874366" lon="9.240326">
        <ele>2145.1</ele>
      </trkpt>
      <trkpt lat="46.874354" lon="9.24031">
        <ele>2144.9</ele>
      </trkpt>
      <trkpt lat="46.874352" lon="9.240273">
        <ele>2144.3</ele>
      </trkpt>
      <trkpt lat="46.87435" lon="9.240233">
        <ele>2143.7</ele>
      </trkpt>
      <trkpt lat="46.874304" lon="9.240206">
        <ele>2141.7</ele>
      </trkpt>
      <trkpt lat="46.874252" lon="9.240142">
        <ele>2140.1</ele>
      </trkpt>
      <trkpt lat="46.874184" lon="9.240152">
        <ele>2140.9</ele>
      </trkpt>
      <trkpt lat="46.874129" lon="9.240164">
        <ele>2139.2</ele>
      </trkpt>
      <trkpt lat="46.874096" lon="9.240199">
        <ele>2141.6</ele>
      </trkpt>
      <trkpt lat="46.874057" lon="9.2402">
        <ele>2136.6</ele>
      </trkpt>
      <trkpt lat="46.874014" lon="9.240184">
        <ele>2134.8</ele>
      </trkpt>
      <trkpt lat="46.873996" lon="9.240167">
        <ele>2134.3</ele>
      </trkpt>
      <trkpt lat="46.873928" lon="9.240135">
        <ele>2133.2</ele>
      </trkpt>
      <trkpt lat="46.873897" lon="9.240093">
        <ele>2132.3</ele>
      </trkpt>
      <trkpt lat="46.873886" lon="9.240066">
        <ele>2131.3</ele>
      </trkpt>
      <trkpt lat="46.873831" lon="9.240029">
        <ele>2129.3</ele>
      </trkpt>
      <trkpt lat="46.873807" lon="9.240022">
        <ele>2128.5</ele>
      </trkpt>
      <trkpt lat="46.87379" lon="9.239996">
        <ele>2127.7</ele>
      </trkpt>
      <trkpt lat="46.873748" lon="9.239954">
        <ele>2125.8</ele>
      </trkpt>
      <trkpt lat="46.873711" lon="9.239924">
        <ele>2124.7</ele>
      </trkpt>
      <trkpt lat="46.873659" lon="9.239882">
        <ele>2123.3</ele>
      </trkpt>
      <trkpt lat="46.873635" lon="9.239895">
        <ele>2123.2</ele>
      </trkpt>
      <trkpt lat="46.873607" lon="9.239859">
        <ele>2122.0</ele>
      </trkpt>
      <trkpt lat="46.873582" lon="9.239862">
        <ele>2121.8</ele>
      </trkpt>
      <trkpt lat="46.873544" lon="9.23984">
        <ele>2120.7</ele>
      </trkpt>
      <trkpt lat="46.873505" lon="9.239826">
        <ele>2119.9</ele>
      </trkpt>
      <trkpt lat="46.873423" lon="9.239878">
        <ele>2119.1</ele>
      </trkpt>
      <trkpt lat="46.87333" lon="9.239842">
        <ele>2116.7</ele>
      </trkpt>
      <trkpt lat="46.873295" lon="9.239795">
        <ele>2114.9</ele>
      </trkpt>
      <trkpt lat="46.873252" lon="9.239763">
        <ele>2113.2</ele>
      </trkpt>
      <trkpt lat="46.873228" lon="9.23977">
        <ele>2112.7</ele>
      </trkpt>
      <trkpt lat="46.873169" lon="9.239804">
        <ele>2111.1</ele>
      </trkpt>
      <trkpt lat="46.873126" lon="9.239824">
        <ele>2110.2</ele>
      </trkpt>
      <trkpt lat="46.873121" lon="9.239776">
        <ele>2109.5</ele>
      </trkpt>
      <trkpt lat="46.873118" lon="9.239708">
        <ele>2107.9</ele>
      </trkpt>
      <trkpt lat="46.873076" lon="9.239703">
        <ele>2107.0</ele>
      </trkpt>
      <trkpt lat="46.873026" lon="9.239738">
        <ele>2106.8</ele>
      </trkpt>
      <trkpt lat="46.872962" lon="9.239745">
        <ele>2104.5</ele>
      </trkpt>
      <trkpt lat="46.872927" lon="9.239691">
        <ele>2102.7</ele>
      </trkpt>
      <trkpt lat="46.872889" lon="9.239674">
        <ele>2100.1</ele>
      </trkpt>
      <trkpt lat="46.872858" lon="9.239656">
        <ele>2098.5</ele>
      </trkpt>
      <trkpt lat="46.872832" lon="9.239601">
        <ele>2097.4</ele>
      </trkpt>
      <trkpt lat="46.872783" lon="9.239576">
        <ele>2096.0</ele>
      </trkpt>
      <trkpt lat="46.872763" lon="9.239543">
        <ele>2095.2</ele>
      </trkpt>
      <trkpt lat="46.872762" lon="9.239496">
        <ele>2094.5</ele>
      </trkpt>
      <trkpt lat="46.872758" lon="9.239457">
        <ele>2093.8</ele>
      </trkpt>
      <trkpt lat="46.87274" lon="9.239416">
        <ele>2093.1</ele>
      </trkpt>
      <trkpt lat="46.872736" lon="9.239404">
        <ele>2092.9</ele>
      </trkpt>
      <trkpt lat="46.872729" lon="9.239381">
        <ele>2092.6</ele>
      </trkpt>
      <trkpt lat="46.872706" lon="9.239346">
        <ele>2092.4</ele>
      </trkpt>
      <trkpt lat="46.872681" lon="9.23934">
        <ele>2092.4</ele>
      </trkpt>
      <trkpt lat="46.872652" lon="9.239324">
        <ele>2092.5</ele>
      </trkpt>
      <trkpt lat="46.872571" lon="9.239273">
        <ele>2092.4</ele>
      </trkpt>
      <trkpt lat="46.872504" lon="9.239235">
        <ele>2092.1</ele>
      </trkpt>
      <trkpt lat="46.872463" lon="9.2392">
        <ele>2092.0</ele>
      </trkpt>
      <trkpt lat="46.872382" lon="9.239164">
        <ele>2092.5</ele>
      </trkpt>
      <trkpt lat="46.87236" lon="9.239155">
        <ele>2092.3</ele>
      </trkpt>
      <trkpt lat="46.872256" lon="9.239163">
        <ele>2091.8</ele>
      </trkpt>
      <trkpt lat="46.87212" lon="9.239196">
        <ele>2091.6</ele>
      </trkpt>
      <trkpt lat="46.872036" lon="9.239199">
        <ele>2091.8</ele>
      </trkpt>
      <trkpt lat="46.871978" lon="9.239211">
        <ele>2092.9</ele>
      </trkpt>
      <trkpt lat="46.871948" lon="9.239212">
        <ele>2093.4</ele>
      </trkpt>
      <trkpt lat="46.871909" lon="9.239231">
        <ele>2095.2</ele>
      </trkpt>
      <trkpt lat="46.87189" lon="9.239234">
        <ele>2096.2</ele>
      </trkpt>
      <trkpt lat="46.871877" lon="9.239238">
        <ele>2097.0</ele>
      </trkpt>
      <trkpt lat="46.871864" lon="9.239251">
        <ele>2097.7</ele>
      </trkpt>
      <trkpt lat="46.871855" lon="9.239263">
        <ele>2098.1</ele>
      </trkpt>
      <trkpt lat="46.871838" lon="9.239274">
        <ele>2098.5</ele>
      </trkpt>
      <trkpt lat="46.871818" lon="9.239265">
        <ele>2098.6</ele>
      </trkpt>
      <trkpt lat="46.871793" lon="9.239257">
        <ele>2098.5</ele>
      </trkpt>
      <trkpt lat="46.871773" lon="9.239256">
        <ele>2098.5</ele>
      </trkpt>
      <trkpt lat="46.871747" lon="9.239268">
        <ele>2099.1</ele>
      </trkpt>
      <trkpt lat="46.871724" lon="9.239282">
        <ele>2099.4</ele>
      </trkpt>
      <trkpt lat="46.871699" lon="9.239291">
        <ele>2099.4</ele>
      </trkpt>
      <trkpt lat="46.871669" lon="9.239297">
        <ele>2099.3</ele>
      </trkpt>
      <trkpt lat="46.871639" lon="9.239286">
        <ele>2098.9</ele>
      </trkpt>
      <trkpt lat="46.871603" lon="9.239269">
        <ele>2098.1</ele>
      </trkpt>
      <trkpt lat="46.871557" lon="9.239277">
        <ele>2098.1</ele>
      </trkpt>
      <trkpt lat="46.871494" lon="9.239288">
        <ele>2097.9</ele>
      </trkpt>
      <trkpt lat="46.871439" lon="9.239298">
        <ele>2097.3</ele>
      </trkpt>
      <trkpt lat="46.871343" lon="9.239292">
        <ele>2095.9</ele>
      </trkpt>
      <trkpt lat="46.871209" lon="9.239346">
        <ele>2096.6</ele>
      </trkpt>
      <trkpt lat="46.871147" lon="9.239364">
        <ele>2096.3</ele>
      </trkpt>
      <trkpt lat="46.87099" lon="9.239415">
        <ele>2096.3</ele>
      </trkpt>
      <trkpt lat="46.87089" lon="9.239405">
        <ele>2096.6</ele>
      </trkpt>
      <trkpt lat="46.870757" lon="9.23945">
        <ele>2096.9</ele>
      </trkpt>
      <trkpt lat="46.870621" lon="9.239463">
        <ele>2097.9</ele>
      </trkpt>
      <trkpt lat="46.870557" lon="9.239493">
        <ele>2098.4</ele>
      </trkpt>
      <trkpt lat="46.870416" lon="9.239453">
        <ele>2096.6</ele>
      </trkpt>
      <trkpt lat="46.87028" lon="9.239474">
        <ele>2096.2</ele>
      </trkpt>
      <trkpt lat="46.87022" lon="9.239493">
        <ele>2096.0</ele>
      </trkpt>
      <trkpt lat="46.870164" lon="9.2395">
        <ele>2095.1</ele>
      </trkpt>
      <trkpt lat="46.870051" lon="9.239481">
        <ele>2093.8</ele>
      </trkpt>
      <trkpt lat="46.870011" lon="9.239462">
        <ele>2093.7</ele>
      </trkpt>
      <trkpt lat="46.869958" lon="9.239456">
        <ele>2092.4</ele>
      </trkpt>
      <trkpt lat="46.869873" lon="9.239445">
        <ele>2091.9</ele>
      </trkpt>
      <trkpt lat="46.869791" lon="9.239455">
        <ele>2093.0</ele>
      </trkpt>
      <trkpt lat="46.869741" lon="9.239447">
        <ele>2093.5</ele>
      </trkpt>
      <trkpt lat="46.869679" lon="9.239394">
        <ele>2093.3</ele>
      </trkpt>
      <trkpt lat="46.869656" lon="9.239382">
        <ele>2092.5</ele>
      </trkpt>
      <trkpt lat="46.869616" lon="9.239394">
        <ele>2092.8</ele>
      </trkpt>
      <trkpt lat="46.869561" lon="9.239375">
        <ele>2090.6</ele>
      </trkpt>
      <trkpt lat="46.869532" lon="9.239372">
        <ele>2090.1</ele>
      </trkpt>
      <trkpt lat="46.869492" lon="9.239406">
        <ele>2091.2</ele>
      </trkpt>
      <trkpt lat="46.869463" lon="9.239436">
        <ele>2091.1</ele>
      </trkpt>
      <trkpt lat="46.86944" lon="9.239443">
        <ele>2090.5</ele>
      </trkpt>
      <trkpt lat="46.869392" lon="9.239484">
        <ele>2090.8</ele>
      </trkpt>
      <trkpt lat="46.869339" lon="9.239517">
        <ele>2090.8</ele>
      </trkpt>
      <trkpt lat="46.869293" lon="9.239495">
        <ele>2090.4</ele>
      </trkpt>
      <trkpt lat="46.869233" lon="9.239452">
        <ele>2089.8</ele>
      </trkpt>
      <trkpt lat="46.869217" lon="9.239408">
        <ele>2090.6</ele>
      </trkpt>
      <trkpt lat="46.869183" lon="9.239377">
        <ele>2091.2</ele>
      </trkpt>
      <trkpt lat="46.869128" lon="9.239315">
        <ele>2091.7</ele>
      </trkpt>
      <trkpt lat="46.869071" lon="9.239257">
        <ele>2092.1</ele>
      </trkpt>
      <trkpt lat="46.869006" lon="9.239223">
        <ele>2092.6</ele>
      </trkpt>
      <trkpt lat="46.868919" lon="9.239243">
        <ele>2091.8</ele>
      </trkpt>
      <trkpt lat="46.868829" lon="9.239196">
        <ele>2091.5</ele>
      </trkpt>
      <trkpt lat="46.868773" lon="9.23922">
        <ele>2090.6</ele>
      </trkpt>
      <trkpt lat="46.868733" lon="9.239284">
        <ele>2089.7</ele>
      </trkpt>
      <trkpt lat="46.868691" lon="9.239367">
        <ele>2088.7</ele>
      </trkpt>
      <trkpt lat="46.868622" lon="9.2395">
        <ele>2089.9</ele>
      </trkpt>
      <trkpt lat="46.868566" lon="9.239628">
        <ele>2090.0</ele>
      </trkpt>
      <trkpt lat="46.868524" lon="9.239712">
        <ele>2089.5</ele>
      </trkpt>
      <trkpt lat="46.868496" lon="9.239754">
        <ele>2089.6</ele>
      </trkpt>
      <trkpt lat="46.868443" lon="9.239835">
        <ele>2090.3</ele>
      </trkpt>
      <trkpt lat="46.868401" lon="9.239907">
        <ele>2090.9</ele>
      </trkpt>
      <trkpt lat="46.868341" lon="9.239946">
        <ele>2092.6</ele>
      </trkpt>
      <trkpt lat="46.868262" lon="9.239949">
        <ele>2094.9</ele>
      </trkpt>
      <trkpt lat="46.868181" lon="9.239955">
        <ele>2097.2</ele>
      </trkpt>
      <trkpt lat="46.868125" lon="9.239974">
        <ele>2098.5</ele>
      </trkpt>
      <trkpt lat="46.868054" lon="9.24003">
        <ele>2099.8</ele>
      </trkpt>
      <trkpt lat="46.867992" lon="9.240072">
        <ele>2100.9</ele>
      </trkpt>
      <trkpt lat="46.867871" lon="9.240153">
        <ele>2102.6</ele>
      </trkpt>
      <trkpt lat="46.867855" lon="9.240112">
        <ele>2102.8</ele>
      </trkpt>
      <trkpt lat="46.867824" lon="9.240082">
        <ele>2102.9</ele>
      </trkpt>
      <trkpt lat="46.867776" lon="9.240049">
        <ele>2102.3</ele>
      </trkpt>
      <trkpt lat="46.867734" lon="9.240033">
        <ele>2102.2</ele>
      </trkpt>
      <trkpt lat="46.867706" lon="9.240038">
        <ele>2102.0</ele>
      </trkpt>
      <trkpt lat="46.867615" lon="9.239942">
        <ele>2102.3</ele>
        <name>Segneshütte</name>
      </trkpt>
      <trkpt lat="46.867506" lon="9.239813">
        <ele>2102.5</ele>
      </trkpt>
      <trkpt lat="46.867504" lon="9.239742">
        <ele>2102.2</ele>
      </trkpt>
      <trkpt lat="46.867506" lon="9.239647">
        <ele>2101.1</ele>
      </trkpt>
      <trkpt lat="46.867514" lon="9.239577">
        <ele>2101.0</ele>
      </trkpt>
      <trkpt lat="46.867509" lon="9.239539">
        <ele>2101.0</ele>
      </trkpt>
      <trkpt lat="46.867492" lon="9.239508">
        <ele>2100.9</ele>
      </trkpt>
      <trkpt lat="46.867656" lon="9.239201">
        <ele>2100.3</ele>
      </trkpt>
      <trkpt lat="46.867807" lon="9.238937">
        <ele>2099.7</ele>
      </trkpt>
      <trkpt lat="46.867889" lon="9.238782">
        <ele>2100.5</ele>
      </trkpt>
      <trkpt lat="46.86791" lon="9.238754">
        <ele>2101.1</ele>
      </trkpt>
      <trkpt lat="46.8679" lon="9.238769">
        <ele>2100.8</ele>
      </trkpt>
      <trkpt lat="46.867839" lon="9.238696">
        <ele>2099.8</ele>
      </trkpt>
      <trkpt lat="46.867537" lon="9.238841">
        <ele>2091.7</ele>
      </trkpt>
      <trkpt lat="46.867355" lon="9.238816">
        <ele>2087.3</ele>
      </trkpt>
      <trkpt lat="46.867226" lon="9.238871">
        <ele>2083.8</ele>
      </trkpt>
      <trkpt lat="46.867132" lon="9.238878">
        <ele>2081.7</ele>
      </trkpt>
      <trkpt lat="46.866802" lon="9.239009">
        <ele>2074.7</ele>
      </trkpt>
      <trkpt lat="46.86671" lon="9.239013">
        <ele>2072.4</ele>
      </trkpt>
      <trkpt lat="46.866441" lon="9.238998">
        <ele>2064.7</ele>
      </trkpt>
      <trkpt lat="46.866216" lon="9.239092">
        <ele>2057.3</ele>
      </trkpt>
      <trkpt lat="46.86617" lon="9.239092">
        <ele>2056.3</ele>
      </trkpt>
      <trkpt lat="46.866111" lon="9.239126">
        <ele>2055.2</ele>
      </trkpt>
      <trkpt lat="46.866033" lon="9.239096">
        <ele>2054.7</ele>
      </trkpt>
      <trkpt lat="46.865805" lon="9.239194">
        <ele>2049.7</ele>
      </trkpt>
      <trkpt lat="46.865769" lon="9.239233">
        <ele>2048.0</ele>
      </trkpt>
      <trkpt lat="46.865495" lon="9.239264">
        <ele>2042.4</ele>
      </trkpt>
      <trkpt lat="46.865338" lon="9.239222">
        <ele>2038.4</ele>
      </trkpt>
      <trkpt lat="46.865207" lon="9.239271">
        <ele>2036.2</ele>
      </trkpt>
      <trkpt lat="46.865117" lon="9.239266">
        <ele>2033.6</ele>
      </trkpt>
      <trkpt lat="46.865059" lon="9.239288">
        <ele>2031.9</ele>
      </trkpt>
      <trkpt lat="46.864935" lon="9.239302">
        <ele>2030.0</ele>
      </trkpt>
      <trkpt lat="46.864841" lon="9.23933">
        <ele>2029.0</ele>
      </trkpt>
      <trkpt lat="46.864789" lon="9.239309">
        <ele>2028.8</ele>
      </trkpt>
      <trkpt lat="46.864774" lon="9.239314">
        <ele>2028.5</ele>
      </trkpt>
      <trkpt lat="46.864651" lon="9.239316">
        <ele>2026.3</ele>
      </trkpt>
      <trkpt lat="46.864617" lon="9.239305">
        <ele>2026.2</ele>
      </trkpt>
      <trkpt lat="46.864554" lon="9.239333">
        <ele>2025.2</ele>
      </trkpt>
      <trkpt lat="46.864371" lon="9.239299">
        <ele>2022.4</ele>
      </trkpt>
      <trkpt lat="46.864226" lon="9.239285">
        <ele>2021.3</ele>
      </trkpt>
      <trkpt lat="46.864173" lon="9.239233">
        <ele>2021.6</ele>
      </trkpt>
      <trkpt lat="46.864096" lon="9.239269">
        <ele>2019.6</ele>
      </trkpt>
      <trkpt lat="46.863954" lon="9.239257">
        <ele>2018.1</ele>
      </trkpt>
      <trkpt lat="46.863872" lon="9.239222">
        <ele>2017.2</ele>
      </trkpt>
      <trkpt lat="46.863732" lon="9.239193">
        <ele>2015.6</ele>
      </trkpt>
      <trkpt lat="46.863697" lon="9.239172">
        <ele>2015.5</ele>
      </trkpt>
      <trkpt lat="46.863644" lon="9.239163">
        <ele>2014.9</ele>
      </trkpt>
      <trkpt lat="46.8636" lon="9.23915">
        <ele>2014.8</ele>
      </trkpt>
      <trkpt lat="46.863557" lon="9.23915">
        <ele>2014.1</ele>
      </trkpt>
      <trkpt lat="46.86331" lon="9.239169">
        <ele>2011.6</ele>
      </trkpt>
      <trkpt lat="46.863274" lon="9.239177">
        <ele>2011.3</ele>
      </trkpt>
      <trkpt lat="46.863077" lon="9.239222">
        <ele>2009.3</ele>
      </trkpt>
      <trkpt lat="46.863037" lon="9.23922">
        <ele>2009.3</ele>
      </trkpt>
      <trkpt lat="46.862978" lon="9.239198">
        <ele>2009.2</ele>
      </trkpt>
      <trkpt lat="46.862938" lon="9.239173">
        <ele>2008.3</ele>
      </trkpt>
      <trkpt lat="46.862892" lon="9.239126">
        <ele>2007.8</ele>
      </trkpt>
      <trkpt lat="46.862813" lon="9.239073">
        <ele>2007.0</ele>
      </trkpt>
      <trkpt lat="46.862645" lon="9.23905">
        <ele>2005.5</ele>
      </trkpt>
      <trkpt lat="46.862279" lon="9.238914">
        <ele>2004.3</ele>
      </trkpt>
      <trkpt lat="46.86218" lon="9.238896">
        <ele>2004.1</ele>
      </trkpt>
      <trkpt lat="46.862121" lon="9.238901">
        <ele>2004.4</ele>
      </trkpt>
      <trkpt lat="46.862012" lon="9.238886">
        <ele>2004.3</ele>
      </trkpt>
      <trkpt lat="46.861848" lon="9.238801">
        <ele>2004.2</ele>
      </trkpt>
      <trkpt lat="46.861619" lon="9.238687">
        <ele>2010.0</ele>
      </trkpt>
      <trkpt lat="46.861416" lon="9.238827">
        <ele>2004.9</ele>
      </trkpt>
      <trkpt lat="46.861198" lon="9.23887">
        <ele>2003.7</ele>
      </trkpt>
      <trkpt lat="46.860945" lon="9.238815">
        <ele>2003.0</ele>
      </trkpt>
      <trkpt lat="46.860666" lon="9.238659">
        <ele>2001.0</ele>
      </trkpt>
      <trkpt lat="46.860354" lon="9.238548">
        <ele>1995.8</ele>
      </trkpt>
      <trkpt lat="46.860191" lon="9.238582">
        <ele>1991.6</ele>
      </trkpt>
      <trkpt lat="46.860112" lon="9.238627">
        <ele>1988.6</ele>
      </trkpt>
      <trkpt lat="46.860038" lon="9.23863">
        <ele>1986.8</ele>
      </trkpt>
      <trkpt lat="46.859901" lon="9.238588">
        <ele>1985.7</ele>
      </trkpt>
      <trkpt lat="46.859915" lon="9.238546">
        <ele>1986.8</ele>
      </trkpt>
      <trkpt lat="46.859916" lon="9.238528">
        <ele>1987.4</ele>
      </trkpt>
      <trkpt lat="46.859857" lon="9.238235">
        <ele>1993.5</ele>
      </trkpt>
      <trkpt lat="46.859777" lon="9.237689">
        <ele>2003.5</ele>
      </trkpt>
      <trkpt lat="46.859665" lon="9.237561">
        <ele>2005.5</ele>
      </trkpt>
      <trkpt lat="46.859535" lon="9.237504">
        <ele>2005.5</ele>
      </trkpt>
      <trkpt lat="46.859468" lon="9.237398">
        <ele>2009.1</ele>
      </trkpt>
      <trkpt lat="46.859457" lon="9.237352">
        <ele>2010.4</ele>
      </trkpt>
      <trkpt lat="46.859377" lon="9.237226">
        <ele>2011.9</ele>
      </trkpt>
      <trkpt lat="46.859279" lon="9.236778">
        <ele>2019.5</ele>
      </trkpt>
      <trkpt lat="46.859221" lon="9.236651">
        <ele>2020.6</ele>
      </trkpt>
      <trkpt lat="46.859196" lon="9.236566">
        <ele>2021.9</ele>
      </trkpt>
      <trkpt lat="46.859138" lon="9.236441">
        <ele>2023.5</ele>
      </trkpt>
      <trkpt lat="46.859125" lon="9.236388">
        <ele>2025.1</ele>
      </trkpt>
      <trkpt lat="46.859127" lon="9.236315">
        <ele>2026.6</ele>
      </trkpt>
      <trkpt lat="46.859113" lon="9.236246">
        <ele>2027.0</ele>
      </trkpt>
      <trkpt lat="46.859112" lon="9.236183">
        <ele>2028.4</ele>
      </trkpt>
      <trkpt lat="46.85911" lon="9.23617">
        <ele>2028.6</ele>
      </trkpt>
      <trkpt lat="46.859102" lon="9.236118">
        <ele>2029.5</ele>
      </trkpt>
      <trkpt lat="46.859073" lon="9.23607">
        <ele>2030.6</ele>
      </trkpt>
      <trkpt lat="46.859042" lon="9.235999">
        <ele>2031.2</ele>
      </trkpt>
      <trkpt lat="46.859041" lon="9.235945">
        <ele>2032.6</ele>
      </trkpt>
      <trkpt lat="46.859062" lon="9.235891">
        <ele>2034.4</ele>
      </trkpt>
      <trkpt lat="46.859111" lon="9.235833">
        <ele>2037.4</ele>
      </trkpt>
      <trkpt lat="46.859153" lon="9.23575">
        <ele>2040.5</ele>
      </trkpt>
      <trkpt lat="46.859304" lon="9.235661">
        <ele>2048.7</ele>
      </trkpt>
      <trkpt lat="46.859412" lon="9.235643">
        <ele>2051.4</ele>
      </trkpt>
      <trkpt lat="46.859524" lon="9.235609">
        <ele>2054.1</ele>
      </trkpt>
      <trkpt lat="46.85958" lon="9.235612">
        <ele>2055.8</ele>
      </trkpt>
      <trkpt lat="46.859628" lon="9.235629">
        <ele>2057.0</ele>
      </trkpt>
      <trkpt lat="46.859732" lon="9.235682">
        <ele>2059.4</ele>
      </trkpt>
      <trkpt lat="46.859783" lon="9.235652">
        <ele>2061.3</ele>
      </trkpt>
      <trkpt lat="46.859815" lon="9.23558">
        <ele>2063.7</ele>
      </trkpt>
      <trkpt lat="46.859834" lon="9.235469">
        <ele>2066.5</ele>
      </trkpt>
      <trkpt lat="46.859843" lon="9.235414">
        <ele>2067.6</ele>
      </trkpt>
      <trkpt lat="46.859867" lon="9.235365">
        <ele>2068.7</ele>
      </trkpt>
      <trkpt lat="46.859964" lon="9.235292">
        <ele>2071.6</ele>
      </trkpt>
      <trkpt lat="46.859998" lon="9.23529">
        <ele>2073.0</ele>
      </trkpt>
      <trkpt lat="46.860192" lon="9.235431">
        <ele>2075.2</ele>
      </trkpt>
      <trkpt lat="46.860364" lon="9.235473">
        <ele>2078.7</ele>
      </trkpt>
      <trkpt lat="46.860601" lon="9.235609">
        <ele>2084.4</ele>
      </trkpt>
      <trkpt lat="46.860724" lon="9.23559">
        <ele>2087.7</ele>
      </trkpt>
      <trkpt lat="46.861086" lon="9.235267">
        <ele>2096.1</ele>
      </trkpt>
      <trkpt lat="46.861242" lon="9.234983">
        <ele>2102.4</ele>
      </trkpt>
      <trkpt lat="46.861287" lon="9.234889">
        <ele>2104.6</ele>
      </trkpt>
      <trkpt lat="46.861344" lon="9.23483">
        <ele>2106.1</ele>
      </trkpt>
      <trkpt lat="46.861459" lon="9.234783">
        <ele>2111.0</ele>
      </trkpt>
      <trkpt lat="46.861539" lon="9.23458">
        <ele>2113.9</ele>
      </trkpt>
      <trkpt lat="46.861589" lon="9.234341">
        <ele>2116.9</ele>
        <name>Nagens</name>
      </trkpt>
      <trkpt lat="46.86161" lon="9.234014">
        <ele>2119.0</ele>
      </trkpt>
      <trkpt lat="46.861639" lon="9.233743">
        <ele>2120.4</ele>
      </trkpt>
      <trkpt lat="46.861602" lon="9.233259">
        <ele>2122.0</ele>
      </trkpt>
      <trkpt lat="46.861644" lon="9.23287">
        <ele>2123.0</ele>
      </trkpt>
      <trkpt lat="46.861654" lon="9.232709">
        <ele>2122.6</ele>
      </trkpt>
      <trkpt lat="46.861661" lon="9.232588">
        <ele>2122.4</ele>
      </trkpt>
      <trkpt lat="46.861626" lon="9.232166">
        <ele>2124.4</ele>
      </trkpt>
      <trkpt lat="46.86159" lon="9.231743">
        <ele>2127.1</ele>
      </trkpt>
      <trkpt lat="46.861584" lon="9.231546">
        <ele>2128.4</ele>
      </trkpt>
      <trkpt lat="46.86159" lon="9.231276">
        <ele>2129.7</ele>
      </trkpt>
      <trkpt lat="46.861603" lon="9.231006">
        <ele>2131.7</ele>
      </trkpt>
      <trkpt lat="46.861634" lon="9.230706">
        <ele>2133.8</ele>
      </trkpt>
      <trkpt lat="46.861743" lon="9.230524">
        <ele>2134.9</ele>
      </trkpt>
      <trkpt lat="46.861772" lon="9.230454">
        <ele>2135.1</ele>
      </trkpt>
      <trkpt lat="46.861797" lon="9.230366">
        <ele>2135.5</ele>
      </trkpt>
      <trkpt lat="46.861848" lon="9.23011">
        <ele>2136.4</ele>
      </trkpt>
      <trkpt lat="46.861881" lon="9.229977">
        <ele>2137.2</ele>
      </trkpt>
      <trkpt lat="46.861925" lon="9.229855">
        <ele>2138.2</ele>
      </trkpt>
      <trkpt lat="46.861998" lon="9.229672">
        <ele>2140.9</ele>
      </trkpt>
      <trkpt lat="46.862034" lon="9.229579">
        <ele>2142.2</ele>
      </trkpt>
      <trkpt lat="46.86206" lon="9.229469">
        <ele>2143.5</ele>
      </trkpt>
      <trkpt lat="46.86216" lon="9.228915">
        <ele>2148.4</ele>
      </trkpt>
      <trkpt lat="46.862187" lon="9.228816">
        <ele>2149.2</ele>
      </trkpt>
      <trkpt lat="46.862214" lon="9.228731">
        <ele>2149.7</ele>
      </trkpt>
      <trkpt lat="46.86235" lon="9.228443">
        <ele>2150.9</ele>
      </trkpt>
      <trkpt lat="46.862374" lon="9.228372">
        <ele>2151.1</ele>
      </trkpt>
      <trkpt lat="46.86235" lon="9.228443">
        <ele>2150.9</ele>
      </trkpt>
      <trkpt lat="46.862214" lon="9.228731">
        <ele>2149.7</ele>
      </trkpt>
      <trkpt lat="46.862187" lon="9.228816">
        <ele>2149.2</ele>
      </trkpt>
      <trkpt lat="46.86216" lon="9.228915">
        <ele>2148.4</ele>
      </trkpt>
      <trkpt lat="46.86206" lon="9.229469">
        <ele>2143.5</ele>
      </trkpt>
      <trkpt lat="46.862034" lon="9.229579">
        <ele>2142.2</ele>
      </trkpt>
      <trkpt lat="46.861998" lon="9.229672">
        <ele>2140.9</ele>
      </trkpt>
      <trkpt lat="46.861925" lon="9.229855">
        <ele>2138.2</ele>
      </trkpt>
      <trkpt lat="46.861881" lon="9.229977">
        <ele>2137.2</ele>
      </trkpt>
      <trkpt lat="46.861848" lon="9.23011">
        <ele>2136.4</ele>
      </trkpt>
      <trkpt lat="46.861797" lon="9.230366">
        <ele>2135.5</ele>
      </trkpt>
      <trkpt lat="46.861772" lon="9.230454">
        <ele>2135.1</ele>
      </trkpt>
      <trkpt lat="46.861743" lon="9.230524">
        <ele>2134.9</ele>
      </trkpt>
      <trkpt lat="46.861702" lon="9.230591">
        <ele>2134.5</ele>
      </trkpt>
      <trkpt lat="46.861694" lon="9.230581">
        <ele>2134.4</ele>
      </trkpt>
      <trkpt lat="46.861759" lon="9.230431">
        <ele>2135.1</ele>
      </trkpt>
      <trkpt lat="46.861795" lon="9.230334">
        <ele>2135.6</ele>
      </trkpt>
      <trkpt lat="46.861869" lon="9.229986">
        <ele>2137.1</ele>
      </trkpt>
      <trkpt lat="46.861909" lon="9.229861">
        <ele>2138.1</ele>
      </trkpt>
      <trkpt lat="46.86196" lon="9.229752">
        <ele>2139.6</ele>
      </trkpt>
      <trkpt lat="46.862018" lon="9.229609">
        <ele>2141.8</ele>
      </trkpt>
      <trkpt lat="46.862055" lon="9.229489">
        <ele>2143.3</ele>
      </trkpt>
      <trkpt lat="46.862077" lon="9.229341">
        <ele>2144.9</ele>
      </trkpt>
      <trkpt lat="46.862131" lon="9.229023">
        <ele>2147.5</ele>
      </trkpt>
      <trkpt lat="46.862171" lon="9.228837">
        <ele>2148.9</ele>
      </trkpt>
      <trkpt lat="46.862226" lon="9.228693">
        <ele>2149.8</ele>
      </trkpt>
      <trkpt lat="46.862294" lon="9.22854">
        <ele>2150.3</ele>
      </trkpt>
      <trkpt lat="46.862358" lon="9.228377">
        <ele>2150.8</ele>
      </trkpt>
      <trkpt lat="46.862409" lon="9.228218">
        <ele>2151.6</ele>
      </trkpt>
      <trkpt lat="46.862453" lon="9.228096">
        <ele>2152.3</ele>
      </trkpt>
      <trkpt lat="46.86251" lon="9.227977">
        <ele>2153.5</ele>
      </trkpt>
      <trkpt lat="46.862635" lon="9.227792">
        <ele>2156.2</ele>
      </trkpt>
      <trkpt lat="46.862704" lon="9.227689">
        <ele>2157.8</ele>
      </trkpt>
      <trkpt lat="46.862744" lon="9.227595">
        <ele>2158.7</ele>
      </trkpt>
      <trkpt lat="46.862776" lon="9.227472">
        <ele>2159.6</ele>
      </trkpt>
      <trkpt lat="46.862803" lon="9.227382">
        <ele>2160.5</ele>
      </trkpt>
      <trkpt lat="46.862851" lon="9.227281">
        <ele>2162.1</ele>
      </trkpt>
      <trkpt lat="46.862916" lon="9.227225">
        <ele>2163.8</ele>
      </trkpt>
      <trkpt lat="46.862989" lon="9.227183">
        <ele>2165.8</ele>
      </trkpt>
      <trkpt lat="46.863094" lon="9.227134">
        <ele>2168.1</ele>
      </trkpt>
      <trkpt lat="46.863179" lon="9.227092">
        <ele>2169.9</ele>
      </trkpt>
      <trkpt lat="46.86327" lon="9.227011">
        <ele>2172.4</ele>
      </trkpt>
      <trkpt lat="46.863333" lon="9.226919">
        <ele>2173.8</ele>
      </trkpt>
      <trkpt lat="46.863386" lon="9.226826">
        <ele>2175.7</ele>
      </trkpt>
      <trkpt lat="46.863438" lon="9.2267">
        <ele>2177.5</ele>
      </trkpt>
      <trkpt lat="46.863499" lon="9.226558">
        <ele>2180.3</ele>
      </trkpt>
      <trkpt lat="46.863546" lon="9.226408">
        <ele>2182.7</ele>
      </trkpt>
      <trkpt lat="46.863583" lon="9.226332">
        <ele>2184.2</ele>
      </trkpt>
      <trkpt lat="46.863625" lon="9.22626">
        <ele>2185.7</ele>
      </trkpt>
      <trkpt lat="46.863672" lon="9.226211">
        <ele>2187.1</ele>
      </trkpt>
      <trkpt lat="46.863762" lon="9.226145">
        <ele>2189.1</ele>
      </trkpt>
      <trkpt lat="46.863835" lon="9.226084">
        <ele>2190.1</ele>
      </trkpt>
      <trkpt lat="46.863884" lon="9.226029">
        <ele>2190.7</ele>
      </trkpt>
      <trkpt lat="46.863936" lon="9.225954">
        <ele>2191.8</ele>
      </trkpt>
      <trkpt lat="46.864032" lon="9.225792">
        <ele>2193.6</ele>
      </trkpt>
      <trkpt lat="46.864054" lon="9.225734">
        <ele>2194.0</ele>
      </trkpt>
      <trkpt lat="46.864065" lon="9.225685">
        <ele>2194.5</ele>
      </trkpt>
      <trkpt lat="46.864077" lon="9.225613">
        <ele>2195.3</ele>
      </trkpt>
      <trkpt lat="46.864083" lon="9.22555">
        <ele>2196.0</ele>
      </trkpt>
      <trkpt lat="46.864072" lon="9.225471">
        <ele>2196.9</ele>
      </trkpt>
      <trkpt lat="46.864046" lon="9.225325">
        <ele>2198.7</ele>
      </trkpt>
      <trkpt lat="46.864034" lon="9.225223">
        <ele>2200.6</ele>
      </trkpt>
      <trkpt lat="46.864032" lon="9.225172">
        <ele>2201.3</ele>
      </trkpt>
      <trkpt lat="46.864041" lon="9.225138">
        <ele>2201.9</ele>
      </trkpt>
      <trkpt lat="46.864058" lon="9.225108">
        <ele>2202.4</ele>
      </trkpt>
      <trkpt lat="46.864092" lon="9.225085">
        <ele>2203.3</ele>
      </trkpt>
      <trkpt lat="46.864192" lon="9.225091">
        <ele>2205.5</ele>
      </trkpt>
      <trkpt lat="46.864236" lon="9.225096">
        <ele>2206.3</ele>
      </trkpt>
      <trkpt lat="46.864318" lon="9.225041">
        <ele>2207.9</ele>
      </trkpt>
      <trkpt lat="46.864361" lon="9.224956">
        <ele>2209.1</ele>
      </trkpt>
      <trkpt lat="46.864368" lon="9.224848">
        <ele>2210.4</ele>
      </trkpt>
      <trkpt lat="46.864357" lon="9.224744">
        <ele>2211.3</ele>
      </trkpt>
      <trkpt lat="46.864362" lon="9.224618">
        <ele>2212.4</ele>
      </trkpt>
      <trkpt lat="46.864385" lon="9.224479">
        <ele>2213.5</ele>
      </trkpt>
      <trkpt lat="46.864408" lon="9.224325">
        <ele>2214.4</ele>
      </trkpt>
      <trkpt lat="46.864415" lon="9.224188">
        <ele>2214.6</ele>
      </trkpt>
      <trkpt lat="46.864403" lon="9.224052">
        <ele>2214.9</ele>
      </trkpt>
      <trkpt lat="46.864356" lon="9.223801">
        <ele>2215.2</ele>
      </trkpt>
      <trkpt lat="46.864314" lon="9.22361">
        <ele>2215.0</ele>
      </trkpt>
      <trkpt lat="46.864274" lon="9.223397">
        <ele>2215.0</ele>
      </trkpt>
      <trkpt lat="46.864269" lon="9.22334">
        <ele>2215.2</ele>
      </trkpt>
      <trkpt lat="46.864278" lon="9.2233">
        <ele>2215.5</ele>
      </trkpt>
      <trkpt lat="46.864303" lon="9.223232">
        <ele>2216.1</ele>
      </trkpt>
      <trkpt lat="46.864343" lon="9.223182">
        <ele>2216.6</ele>
      </trkpt>
      <trkpt lat="46.864476" lon="9.223102">
        <ele>2218.3</ele>
      </trkpt>
      <trkpt lat="46.864643" lon="9.222966">
        <ele>2220.3</ele>
      </trkpt>
      <trkpt lat="46.86475" lon="9.22283">
        <ele>2220.9</ele>
      </trkpt>
      <trkpt lat="46.864795" lon="9.222742">
        <ele>2220.8</ele>
      </trkpt>
      <trkpt lat="46.864822" lon="9.222628">
        <ele>2221.1</ele>
      </trkpt>
      <trkpt lat="46.864824" lon="9.22252">
        <ele>2221.2</ele>
      </trkpt>
      <trkpt lat="46.864837" lon="9.222278">
        <ele>2222.4</ele>
      </trkpt>
      <trkpt lat="46.864855" lon="9.222052">
        <ele>2223.1</ele>
      </trkpt>
      <trkpt lat="46.864869" lon="9.221861">
        <ele>2224.5</ele>
      </trkpt>
      <trkpt lat="46.864871" lon="9.2217">
        <ele>2225.2</ele>
      </trkpt>
      <trkpt lat="46.864859" lon="9.221547">
        <ele>2226.5</ele>
      </trkpt>
      <trkpt lat="46.864829" lon="9.221333">
        <ele>2228.1</ele>
      </trkpt>
      <trkpt lat="46.864808" lon="9.221135">
        <ele>2229.2</ele>
      </trkpt>
      <trkpt lat="46.864816" lon="9.220953">
        <ele>2230.8</ele>
      </trkpt>
      <trkpt lat="46.864835" lon="9.220732">
        <ele>2232.3</ele>
      </trkpt>
      <trkpt lat="46.86484" lon="9.22057">
        <ele>2232.9</ele>
      </trkpt>
      <trkpt lat="46.864842" lon="9.220276">
        <ele>2234.8</ele>
      </trkpt>
      <trkpt lat="46.864851" lon="9.220122">
        <ele>2235.9</ele>
      </trkpt>
      <trkpt lat="46.864862" lon="9.219969">
        <ele>2236.3</ele>
      </trkpt>
      <trkpt lat="46.864875" lon="9.219785">
        <ele>2236.9</ele>
      </trkpt>
      <trkpt lat="46.864881" lon="9.219671">
        <ele>2237.8</ele>
      </trkpt>
      <trkpt lat="46.864871" lon="9.219618">
        <ele>2237.6</ele>
      </trkpt>
      <trkpt lat="46.864848" lon="9.219551">
        <ele>2237.4</ele>
      </trkpt>
      <trkpt lat="46.864816" lon="9.219511">
        <ele>2238.2</ele>
      </trkpt>
      <trkpt lat="46.864735" lon="9.219478">
        <ele>2238.7</ele>
      </trkpt>
      <trkpt lat="46.864617" lon="9.219429">
        <ele>2239.3</ele>
      </trkpt>
      <trkpt lat="46.864485" lon="9.219351">
        <ele>2240.4</ele>
      </trkpt>
      <trkpt lat="46.864355" lon="9.219265">
        <ele>2241.8</ele>
      </trkpt>
      <trkpt lat="46.864316" lon="9.219239">
        <ele>2242.4</ele>
      </trkpt>
      <trkpt lat="46.864206" lon="9.219169">
        <ele>2243.4</ele>
      </trkpt>
      <trkpt lat="46.864166" lon="9.21913">
        <ele>2243.8</ele>
      </trkpt>
      <trkpt lat="46.864164" lon="9.219128">
        <ele>2243.8</ele>
      </trkpt>
      <trkpt lat="46.864131" lon="9.219065">
        <ele>2244.2</ele>
      </trkpt>
      <trkpt lat="46.864116" lon="9.219014">
        <ele>2244.5</ele>
      </trkpt>
      <trkpt lat="46.864111" lon="9.218969">
        <ele>2244.9</ele>
      </trkpt>
      <trkpt lat="46.864108" lon="9.218932">
        <ele>2245.0</ele>
      </trkpt>
      <trkpt lat="46.864111" lon="9.218882">
        <ele>2245.0</ele>
      </trkpt>
      <trkpt lat="46.864122" lon="9.218808">
        <ele>2245.3</ele>
      </trkpt>
      <trkpt lat="46.8641" lon="9.218789">
        <ele>2245.2</ele>
      </trkpt>
      <trkpt lat="46.864078" lon="9.218755">
        <ele>2245.1</ele>
      </trkpt>
      <trkpt lat="46.86406" lon="9.218709">
        <ele>2244.7</ele>
      </trkpt>
      <trkpt lat="46.864032" lon="9.218619">
        <ele>2244.4</ele>
      </trkpt>
      <trkpt lat="46.863983" lon="9.218494">
        <ele>2244.9</ele>
      </trkpt>
      <trkpt lat="46.863931" lon="9.218373">
        <ele>2244.9</ele>
      </trkpt>
      <trkpt lat="46.863885" lon="9.218284">
        <ele>2244.8</ele>
      </trkpt>
      <trkpt lat="46.863795" lon="9.218144">
        <ele>2243.9</ele>
      </trkpt>
      <trkpt lat="46.863716" lon="9.218027">
        <ele>2242.7</ele>
      </trkpt>
      <trkpt lat="46.863661" lon="9.217921">
        <ele>2241.8</ele>
      </trkpt>
      <trkpt lat="46.863618" lon="9.217808">
        <ele>2242.5</ele>
      </trkpt>
      <trkpt lat="46.863589" lon="9.217696">
        <ele>2243.3</ele>
      </trkpt>
      <trkpt lat="46.863539" lon="9.217417">
        <ele>2244.2</ele>
      </trkpt>
      <trkpt lat="46.863507" lon="9.217107">
        <ele>2245.4</ele>
      </trkpt>
      <trkpt lat="46.863504" lon="9.216873">
        <ele>2244.8</ele>
      </trkpt>
      <trkpt lat="46.86351" lon="9.216673">
        <ele>2243.9</ele>
      </trkpt>
      <trkpt lat="46.863525" lon="9.216421">
        <ele>2242.6</ele>
      </trkpt>
      <trkpt lat="46.863523" lon="9.216206">
        <ele>2241.6</ele>
      </trkpt>
      <trkpt lat="46.863499" lon="9.216091">
        <ele>2241.4</ele>
      </trkpt>
      <trkpt lat="46.86345" lon="9.215955">
        <ele>2242.2</ele>
      </trkpt>
      <trkpt lat="46.863376" lon="9.215831">
        <ele>2243.2</ele>
      </trkpt>
      <trkpt lat="46.863246" lon="9.215656">
        <ele>2243.7</ele>
      </trkpt>
      <trkpt lat="46.863175" lon="9.215566">
        <ele>2243.4</ele>
      </trkpt>
      <trkpt lat="46.863072" lon="9.215433">
        <ele>2242.0</ele>
      </trkpt>
      <trkpt lat="46.862903" lon="9.215222">
        <ele>2239.3</ele>
      </trkpt>
      <trkpt lat="46.862801" lon="9.21511">
        <ele>2239.0</ele>
      </trkpt>
      <trkpt lat="46.862583" lon="9.214891">
        <ele>2237.6</ele>
      </trkpt>
      <trkpt lat="46.862434" lon="9.214725">
        <ele>2235.6</ele>
      </trkpt>
      <trkpt lat="46.862361" lon="9.214604">
        <ele>2234.8</ele>
      </trkpt>
      <trkpt lat="46.862314" lon="9.214502">
        <ele>2235.1</ele>
      </trkpt>
      <trkpt lat="46.862237" lon="9.214338">
        <ele>2235.5</ele>
      </trkpt>
      <trkpt lat="46.862172" lon="9.2142">
        <ele>2235.6</ele>
      </trkpt>
      <trkpt lat="46.862115" lon="9.214083">
        <ele>2235.5</ele>
      </trkpt>
      <trkpt lat="46.862054" lon="9.213985">
        <ele>2234.7</ele>
      </trkpt>
      <trkpt lat="46.861987" lon="9.213913">
        <ele>2233.9</ele>
      </trkpt>
      <trkpt lat="46.861903" lon="9.213836">
        <ele>2233.8</ele>
      </trkpt>
      <trkpt lat="46.861863" lon="9.213751">
        <ele>2233.8</ele>
      </trkpt>
      <trkpt lat="46.861857" lon="9.213647">
        <ele>2234.1</ele>
      </trkpt>
      <trkpt lat="46.861856" lon="9.213534">
        <ele>2232.9</ele>
      </trkpt>
      <trkpt lat="46.861881" lon="9.213344">
        <ele>2231.2</ele>
      </trkpt>
      <trkpt lat="46.861913" lon="9.213207">
        <ele>2230.1</ele>
      </trkpt>
      <trkpt lat="46.861993" lon="9.212997">
        <ele>2227.3</ele>
      </trkpt>
      <trkpt lat="46.86205" lon="9.212869">
        <ele>2226.1</ele>
      </trkpt>
      <trkpt lat="46.862085" lon="9.212741">
        <ele>2224.3</ele>
      </trkpt>
      <trkpt lat="46.862091" lon="9.212623">
        <ele>2223.8</ele>
      </trkpt>
      <trkpt lat="46.862086" lon="9.212454">
        <ele>2222.5</ele>
      </trkpt>
      <trkpt lat="46.86206" lon="9.212254">
        <ele>2222.2</ele>
      </trkpt>
      <trkpt lat="46.862045" lon="9.212165">
        <ele>2222.3</ele>
      </trkpt>
      <trkpt lat="46.862014" lon="9.212052">
        <ele>2222.9</ele>
      </trkpt>
      <trkpt lat="46.861958" lon="9.211839">
        <ele>2223.3</ele>
      </trkpt>
      <trkpt lat="46.861925" lon="9.211695">
        <ele>2223.8</ele>
      </trkpt>
      <trkpt lat="46.861908" lon="9.211568">
        <ele>2223.9</ele>
      </trkpt>
      <trkpt lat="46.8619" lon="9.211445">
        <ele>2223.7</ele>
      </trkpt>
      <trkpt lat="46.861896" lon="9.211354">
        <ele>2223.8</ele>
      </trkpt>
      <trkpt lat="46.861893" lon="9.211277">
        <ele>2223.5</ele>
      </trkpt>
      <trkpt lat="46.861881" lon="9.211182">
        <ele>2223.0</ele>
      </trkpt>
      <trkpt lat="46.86188" lon="9.211157">
        <ele>2223.0</ele>
      </trkpt>
      <trkpt lat="46.86188" lon="9.211124">
        <ele>2223.0</ele>
      </trkpt>
      <trkpt lat="46.861883" lon="9.211056">
        <ele>2222.9</ele>
      </trkpt>
      <trkpt lat="46.861903" lon="9.210926">
        <ele>2223.2</ele>
      </trkpt>
      <trkpt lat="46.861917" lon="9.210816">
        <ele>2224.1</ele>
      </trkpt>
      <trkpt lat="46.861928" lon="9.21071">
        <ele>2224.4</ele>
      </trkpt>
      <trkpt lat="46.861935" lon="9.210515">
        <ele>2225.4</ele>
      </trkpt>
      <trkpt lat="46.861939" lon="9.210302">
        <ele>2225.9</ele>
      </trkpt>
      <trkpt lat="46.861938" lon="9.21016">
        <ele>2226.2</ele>
      </trkpt>
      <trkpt lat="46.861946" lon="9.209985">
        <ele>2226.4</ele>
      </trkpt>
      <trkpt lat="46.861976" lon="9.209613">
        <ele>2225.5</ele>
      </trkpt>
      <trkpt lat="46.862003" lon="9.209293">
        <ele>2225.9</ele>
      </trkpt>
      <trkpt lat="46.86202" lon="9.209159">
        <ele>2226.2</ele>
      </trkpt>
      <trkpt lat="46.862059" lon="9.208997">
        <ele>2226.5</ele>
      </trkpt>
      <trkpt lat="46.862102" lon="9.208838">
        <ele>2226.2</ele>
      </trkpt>
      <trkpt lat="46.862126" lon="9.208688">
        <ele>2225.5</ele>
        <name>Plaun Cumin</name>
      </trkpt>
      <trkpt lat="46.862128" lon="9.208614">
        <ele>2225.2</ele>
      </trkpt>
      <trkpt lat="46.862124" lon="9.208538">
        <ele>2224.7</ele>
      </trkpt>
      <trkpt lat="46.862112" lon="9.208397">
        <ele>2223.7</ele>
      </trkpt>
      <trkpt lat="46.862096" lon="9.208308">
        <ele>2223.4</ele>
      </trkpt>
      <trkpt lat="46.862091" lon="9.208278">
        <ele>2223.4</ele>
      </trkpt>
      <trkpt lat="46.862081" lon="9.208136">
        <ele>2223.9</ele>
      </trkpt>
      <trkpt lat="46.862079" lon="9.207999">
        <ele>2224.7</ele>
      </trkpt>
      <trkpt lat="46.862087" lon="9.207863">
        <ele>2225.3</ele>
      </trkpt>
      <trkpt lat="46.862108" lon="9.207718">
        <ele>2225.9</ele>
      </trkpt>
      <trkpt lat="46.862137" lon="9.207603">
        <ele>2225.6</ele>
      </trkpt>
      <trkpt lat="46.862132" lon="9.207463">
        <ele>2226.3</ele>
      </trkpt>
      <trkpt lat="46.862129" lon="9.207408">
        <ele>2226.6</ele>
      </trkpt>
      <trkpt lat="46.862141" lon="9.20735">
        <ele>2226.9</ele>
      </trkpt>
      <trkpt lat="46.862158" lon="9.207263">
        <ele>2227.3</ele>
      </trkpt>
      <trkpt lat="46.862168" lon="9.207162">
        <ele>2227.9</ele>
      </trkpt>
      <trkpt lat="46.86216" lon="9.207091">
        <ele>2228.2</ele>
      </trkpt>
      <trkpt lat="46.862168" lon="9.206996">
        <ele>2229.3</ele>
      </trkpt>
      <trkpt lat="46.862176" lon="9.206904">
        <ele>2230.9</ele>
      </trkpt>
      <trkpt lat="46.862175" lon="9.206857">
        <ele>2231.4</ele>
      </trkpt>
      <trkpt lat="46.862164" lon="9.206776">
        <ele>2232.2</ele>
      </trkpt>
      <trkpt lat="46.862159" lon="9.206679">
        <ele>2233.2</ele>
      </trkpt>
      <trkpt lat="46.862165" lon="9.206615">
        <ele>2234.3</ele>
      </trkpt>
      <trkpt lat="46.862183" lon="9.206549">
        <ele>2235.5</ele>
      </trkpt>
      <trkpt lat="46.86221" lon="9.206479">
        <ele>2237.7</ele>
      </trkpt>
      <trkpt lat="46.862217" lon="9.206426">
        <ele>2239.0</ele>
      </trkpt>
      <trkpt lat="46.862221" lon="9.206381">
        <ele>2240.0</ele>
      </trkpt>
      <trkpt lat="46.862219" lon="9.206341">
        <ele>2240.6</ele>
      </trkpt>
      <trkpt lat="46.862211" lon="9.20629">
        <ele>2241.2</ele>
      </trkpt>
      <trkpt lat="46.862195" lon="9.206205">
        <ele>2242.0</ele>
      </trkpt>
      <trkpt lat="46.862193" lon="9.206164">
        <ele>2242.7</ele>
      </trkpt>
      <trkpt lat="46.862173" lon="9.206106">
        <ele>2243.3</ele>
      </trkpt>
      <trkpt lat="46.862156" lon="9.206036">
        <ele>2244.1</ele>
      </trkpt>
      <trkpt lat="46.862149" lon="9.205992">
        <ele>2244.4</ele>
      </trkpt>
      <trkpt lat="46.862151" lon="9.205914">
        <ele>2245.6</ele>
      </trkpt>
      <trkpt lat="46.862139" lon="9.205875">
        <ele>2245.4</ele>
      </trkpt>
      <trkpt lat="46.862132" lon="9.205815">
        <ele>2245.7</ele>
      </trkpt>
      <trkpt lat="46.862137" lon="9.205749">
        <ele>2246.2</ele>
      </trkpt>
      <trkpt lat="46.862123" lon="9.205696">
        <ele>2245.8</ele>
      </trkpt>
      <trkpt lat="46.862119" lon="9.20563">
        <ele>2246.3</ele>
      </trkpt>
      <trkpt lat="46.862108" lon="9.205573">
        <ele>2246.6</ele>
      </trkpt>
      <trkpt lat="46.862104" lon="9.205501">
        <ele>2247.0</ele>
      </trkpt>
      <trkpt lat="46.862107" lon="9.205417">
        <ele>2248.3</ele>
      </trkpt>
      <trkpt lat="46.862095" lon="9.205367">
        <ele>2249.0</ele>
      </trkpt>
      <trkpt lat="46.862075" lon="9.205291">
        <ele>2249.5</ele>
      </trkpt>
      <trkpt lat="46.86207" lon="9.205233">
        <ele>2249.7</ele>
      </trkpt>
      <trkpt lat="46.862052" lon="9.205188">
        <ele>2249.6</ele>
      </trkpt>
      <trkpt lat="46.862048" lon="9.205131">
        <ele>2249.5</ele>
      </trkpt>
      <trkpt lat="46.862039" lon="9.205108">
        <ele>2249.1</ele>
      </trkpt>
      <trkpt lat="46.862038" lon="9.205068">
        <ele>2248.9</ele>
      </trkpt>
      <trkpt lat="46.862035" lon="9.205023">
        <ele>2248.6</ele>
      </trkpt>
      <trkpt lat="46.862014" lon="9.204973">
        <ele>2247.3</ele>
      </trkpt>
      <trkpt lat="46.862004" lon="9.204924">
        <ele>2247.3</ele>
      </trkpt>
      <trkpt lat="46.861997" lon="9.204868">
        <ele>2247.1</ele>
      </trkpt>
      <trkpt lat="46.861985" lon="9.20481">
        <ele>2247.0</ele>
      </trkpt>
      <trkpt lat="46.861982" lon="9.204735">
        <ele>2247.8</ele>
      </trkpt>
      <trkpt lat="46.861995" lon="9.204656">
        <ele>2248.2</ele>
      </trkpt>
      <trkpt lat="46.862014" lon="9.204566">
        <ele>2248.0</ele>
      </trkpt>
      <trkpt lat="46.862039" lon="9.204495">
        <ele>2248.9</ele>
      </trkpt>
      <trkpt lat="46.862054" lon="9.204437">
        <ele>2249.7</ele>
      </trkpt>
      <trkpt lat="46.862062" lon="9.20435">
        <ele>2250.2</ele>
      </trkpt>
      <trkpt lat="46.862074" lon="9.204293">
        <ele>2250.7</ele>
      </trkpt>
      <trkpt lat="46.862063" lon="9.204231">
        <ele>2250.6</ele>
      </trkpt>
      <trkpt lat="46.862045" lon="9.204152">
        <ele>2250.3</ele>
      </trkpt>
      <trkpt lat="46.862038" lon="9.204063">
        <ele>2250.1</ele>
      </trkpt>
      <trkpt lat="46.862043" lon="9.203979">
        <ele>2250.4</ele>
      </trkpt>
      <trkpt lat="46.862068" lon="9.203921">
        <ele>2250.9</ele>
      </trkpt>
      <trkpt lat="46.862098" lon="9.203872">
        <ele>2251.1</ele>
      </trkpt>
      <trkpt lat="46.862114" lon="9.203776">
        <ele>2251.3</ele>
      </trkpt>
      <trkpt lat="46.862135" lon="9.203734">
        <ele>2252.3</ele>
      </trkpt>
      <trkpt lat="46.862141" lon="9.203667">
        <ele>2253.6</ele>
      </trkpt>
      <trkpt lat="46.862147" lon="9.203631">
        <ele>2254.3</ele>
      </trkpt>
      <trkpt lat="46.862173" lon="9.203585">
        <ele>2255.1</ele>
      </trkpt>
      <trkpt lat="46.862196" lon="9.203516">
        <ele>2256.0</ele>
      </trkpt>
      <trkpt lat="46.86222" lon="9.203458">
        <ele>2257.2</ele>
      </trkpt>
      <trkpt lat="46.862252" lon="9.203412">
        <ele>2258.1</ele>
      </trkpt>
      <trkpt lat="46.86228" lon="9.203354">
        <ele>2258.9</ele>
      </trkpt>
      <trkpt lat="46.862298" lon="9.203297">
        <ele>2259.7</ele>
      </trkpt>
      <trkpt lat="46.862306" lon="9.203244">
        <ele>2260.6</ele>
      </trkpt>
      <trkpt lat="46.862323" lon="9.203178">
        <ele>2261.3</ele>
      </trkpt>
      <trkpt lat="46.862346" lon="9.203116">
        <ele>2261.8</ele>
      </trkpt>
      <trkpt lat="46.862363" lon="9.20305">
        <ele>2262.0</ele>
      </trkpt>
      <trkpt lat="46.862376" lon="9.202991">
        <ele>2262.0</ele>
      </trkpt>
      <trkpt lat="46.862386" lon="9.202922">
        <ele>2261.8</ele>
      </trkpt>
      <trkpt lat="46.862375" lon="9.202856">
        <ele>2262.0</ele>
      </trkpt>
      <trkpt lat="46.862377" lon="9.202785">
        <ele>2262.0</ele>
      </trkpt>
      <trkpt lat="46.862388" lon="9.20271">
        <ele>2262.0</ele>
      </trkpt>
      <trkpt lat="46.862391" lon="9.202622">
        <ele>2262.4</ele>
      </trkpt>
      <trkpt lat="46.862406" lon="9.202558">
        <ele>2262.7</ele>
      </trkpt>
      <trkpt lat="46.86242" lon="9.202485">
        <ele>2262.8</ele>
      </trkpt>
      <trkpt lat="46.862435" lon="9.202421">
        <ele>2263.1</ele>
      </trkpt>
      <trkpt lat="46.862466" lon="9.202377">
        <ele>2263.0</ele>
      </trkpt>
      <trkpt lat="46.862503" lon="9.202348">
        <ele>2263.1</ele>
      </trkpt>
      <trkpt lat="46.862539" lon="9.202317">
        <ele>2263.5</ele>
      </trkpt>
      <trkpt lat="46.862589" lon="9.20229">
        <ele>2263.0</ele>
      </trkpt>
      <trkpt lat="46.862625" lon="9.202263">
        <ele>2262.2</ele>
      </trkpt>
      <trkpt lat="46.862667" lon="9.202264">
        <ele>2262.1</ele>
      </trkpt>
      <trkpt lat="46.862714" lon="9.202258">
        <ele>2262.3</ele>
      </trkpt>
      <trkpt lat="46.862738" lon="9.202211">
        <ele>2261.9</ele>
      </trkpt>
      <trkpt lat="46.862758" lon="9.202172">
        <ele>2261.4</ele>
      </trkpt>
      <trkpt lat="46.862796" lon="9.202148">
        <ele>2261.4</ele>
      </trkpt>
      <trkpt lat="46.862831" lon="9.202126">
        <ele>2261.2</ele>
      </trkpt>
      <trkpt lat="46.862848" lon="9.202078">
        <ele>2260.9</ele>
      </trkpt>
      <trkpt lat="46.862871" lon="9.202032">
        <ele>2261.3</ele>
      </trkpt>
      <trkpt lat="46.862869" lon="9.201998">
        <ele>2260.8</ele>
      </trkpt>
      <trkpt lat="46.862899" lon="9.201977">
        <ele>2261.5</ele>
      </trkpt>
      <trkpt lat="46.862911" lon="9.201926">
        <ele>2261.4</ele>
      </trkpt>
      <trkpt lat="46.862934" lon="9.201873">
        <ele>2261.8</ele>
      </trkpt>
      <trkpt lat="46.862961" lon="9.201817">
        <ele>2260.6</ele>
      </trkpt>
      <trkpt lat="46.862985" lon="9.201793">
        <ele>2260.0</ele>
      </trkpt>
      <trkpt lat="46.862996" lon="9.201756">
        <ele>2259.5</ele>
      </trkpt>
      <trkpt lat="46.862983" lon="9.201725">
        <ele>2259.1</ele>
      </trkpt>
      <trkpt lat="46.862973" lon="9.201685">
        <ele>2258.5</ele>
      </trkpt>
      <trkpt lat="46.86297" lon="9.201624">
        <ele>2257.5</ele>
      </trkpt>
      <trkpt lat="46.862954" lon="9.201581">
        <ele>2256.7</ele>
      </trkpt>
      <trkpt lat="46.86295" lon="9.201534">
        <ele>2255.8</ele>
      </trkpt>
      <trkpt lat="46.862955" lon="9.201469">
        <ele>2254.7</ele>
      </trkpt>
      <trkpt lat="46.862958" lon="9.201409">
        <ele>2253.9</ele>
      </trkpt>
      <trkpt lat="46.862939" lon="9.201327">
        <ele>2253.0</ele>
      </trkpt>
      <trkpt lat="46.862926" lon="9.201271">
        <ele>2252.5</ele>
      </trkpt>
      <trkpt lat="46.862912" lon="9.201182">
        <ele>2251.7</ele>
      </trkpt>
      <trkpt lat="46.862887" lon="9.201128">
        <ele>2251.6</ele>
      </trkpt>
      <trkpt lat="46.862876" lon="9.201079">
        <ele>2250.9</ele>
      </trkpt>
      <trkpt lat="46.862871" lon="9.201041">
        <ele>2250.4</ele>
      </trkpt>
      <trkpt lat="46.862877" lon="9.201017">
        <ele>2250.0</ele>
      </trkpt>
      <trkpt lat="46.862868" lon="9.200891">
        <ele>2248.6</ele>
      </trkpt>
      <trkpt lat="46.862855" lon="9.200806">
        <ele>2247.6</ele>
      </trkpt>
      <trkpt lat="46.862832" lon="9.200748">
        <ele>2247.0</ele>
      </trkpt>
      <trkpt lat="46.862834" lon="9.200708">
        <ele>2246.5</ele>
      </trkpt>
      <trkpt lat="46.86285" lon="9.200669">
        <ele>2246.1</ele>
      </trkpt>
      <trkpt lat="46.862885" lon="9.200587">
        <ele>2245.8</ele>
      </trkpt>
      <trkpt lat="46.86289" lon="9.200545">
        <ele>2245.7</ele>
      </trkpt>
      <trkpt lat="46.862882" lon="9.200512">
        <ele>2245.4</ele>
      </trkpt>
      <trkpt lat="46.862883" lon="9.200464">
        <ele>2245.2</ele>
      </trkpt>
      <trkpt lat="46.862892" lon="9.20041">
        <ele>2244.7</ele>
      </trkpt>
      <trkpt lat="46.862898" lon="9.200352">
        <ele>2243.5</ele>
      </trkpt>
      <trkpt lat="46.862906" lon="9.200268">
        <ele>2241.7</ele>
      </trkpt>
      <trkpt lat="46.862917" lon="9.200198">
        <ele>2240.8</ele>
      </trkpt>
      <trkpt lat="46.862941" lon="9.20013">
        <ele>2240.8</ele>
      </trkpt>
      <trkpt lat="46.862946" lon="9.200069">
        <ele>2240.4</ele>
      </trkpt>
      <trkpt lat="46.862957" lon="9.200011">
        <ele>2240.1</ele>
      </trkpt>
      <trkpt lat="46.862971" lon="9.199897">
        <ele>2239.7</ele>
      </trkpt>
      <trkpt lat="46.862984" lon="9.199779">
        <ele>2239.6</ele>
      </trkpt>
      <trkpt lat="46.862997" lon="9.199709">
        <ele>2239.7</ele>
      </trkpt>
      <trkpt lat="46.863015" lon="9.199615">
        <ele>2240.1</ele>
      </trkpt>
      <trkpt lat="46.863049" lon="9.199509">
        <ele>2240.4</ele>
      </trkpt>
      <trkpt lat="46.863076" lon="9.199437">
        <ele>2240.6</ele>
      </trkpt>
      <trkpt lat="46.8631" lon="9.199367">
        <ele>2241.0</ele>
      </trkpt>
      <trkpt lat="46.863117" lon="9.19931">
        <ele>2241.2</ele>
      </trkpt>
      <trkpt lat="46.863112" lon="9.199245">
        <ele>2241.2</ele>
      </trkpt>
      <trkpt lat="46.863098" lon="9.199165">
        <ele>2241.2</ele>
      </trkpt>
      <trkpt lat="46.863087" lon="9.199083">
        <ele>2240.9</ele>
      </trkpt>
      <trkpt lat="46.863083" lon="9.199008">
        <ele>2240.4</ele>
      </trkpt>
      <trkpt lat="46.863101" lon="9.198953">
        <ele>2240.4</ele>
      </trkpt>
      <trkpt lat="46.863095" lon="9.198881">
        <ele>2240.9</ele>
      </trkpt>
      <trkpt lat="46.863083" lon="9.198841">
        <ele>2241.0</ele>
      </trkpt>
      <trkpt lat="46.86307" lon="9.198789">
        <ele>2240.5</ele>
      </trkpt>
      <trkpt lat="46.863049" lon="9.19872">
        <ele>2240.0</ele>
      </trkpt>
      <trkpt lat="46.863035" lon="9.198673">
        <ele>2240.0</ele>
      </trkpt>
      <trkpt lat="46.863015" lon="9.198601">
        <ele>2239.6</ele>
      </trkpt>
      <trkpt lat="46.862999" lon="9.198551">
        <ele>2239.6</ele>
      </trkpt>
      <trkpt lat="46.862981" lon="9.198507">
        <ele>2239.6</ele>
      </trkpt>
      <trkpt lat="46.862969" lon="9.198472">
        <ele>2239.6</ele>
      </trkpt>
      <trkpt lat="46.862966" lon="9.198452">
        <ele>2239.6</ele>
      </trkpt>
      <trkpt lat="46.86296" lon="9.198419">
        <ele>2239.5</ele>
      </trkpt>
      <trkpt lat="46.862946" lon="9.198378">
        <ele>2239.3</ele>
      </trkpt>
      <trkpt lat="46.86293" lon="9.198334">
        <ele>2239.2</ele>
      </trkpt>
      <trkpt lat="46.862916" lon="9.198306">
        <ele>2239.1</ele>
      </trkpt>
      <trkpt lat="46.862906" lon="9.198288">
        <ele>2239.0</ele>
      </trkpt>
      <trkpt lat="46.862893" lon="9.19827">
        <ele>2238.9</ele>
      </trkpt>
      <trkpt lat="46.862882" lon="9.198249">
        <ele>2238.9</ele>
      </trkpt>
      <trkpt lat="46.862873" lon="9.19823">
        <ele>2238.9</ele>
      </trkpt>
      <trkpt lat="46.862865" lon="9.198212">
        <ele>2238.9</ele>
      </trkpt>
      <trkpt lat="46.862853" lon="9.198191">
        <ele>2238.9</ele>
      </trkpt>
      <trkpt lat="46.862827" lon="9.198173">
        <ele>2238.8</ele>
      </trkpt>
      <trkpt lat="46.862801" lon="9.198155">
        <ele>2238.6</ele>
      </trkpt>
      <trkpt lat="46.862775" lon="9.198137">
        <ele>2238.5</ele>
      </trkpt>
      <trkpt lat="46.862746" lon="9.198113">
        <ele>2238.5</ele>
      </trkpt>
      <trkpt lat="46.862722" lon="9.198094">
        <ele>2238.4</ele>
      </trkpt>
      <trkpt lat="46.8627" lon="9.19807">
        <ele>2238.6</ele>
      </trkpt>
      <trkpt lat="46.86268" lon="9.198048">
        <ele>2238.8</ele>
      </trkpt>
      <trkpt lat="46.862636" lon="9.198008">
        <ele>2238.8</ele>
      </trkpt>
      <trkpt lat="46.862572" lon="9.197946">
        <ele>2238.7</ele>
      </trkpt>
      <trkpt lat="46.862527" lon="9.197889">
        <ele>2238.0</ele>
      </trkpt>
      <trkpt lat="46.8625" lon="9.197871">
        <ele>2237.6</ele>
      </trkpt>
      <trkpt lat="46.862454" lon="9.197835">
        <ele>2237.6</ele>
      </trkpt>
      <trkpt lat="46.862409" lon="9.197789">
        <ele>2238.2</ele>
      </trkpt>
      <trkpt lat="46.862363" lon="9.197751">
        <ele>2238.0</ele>
      </trkpt>
      <trkpt lat="46.862324" lon="9.197711">
        <ele>2238.1</ele>
      </trkpt>
      <trkpt lat="46.862293" lon="9.197661">
        <ele>2238.5</ele>
      </trkpt>
      <trkpt lat="46.862262" lon="9.197615">
        <ele>2238.9</ele>
      </trkpt>
      <trkpt lat="46.862242" lon="9.197559">
        <ele>2239.6</ele>
      </trkpt>
      <trkpt lat="46.862216" lon="9.197523">
        <ele>2240.0</ele>
      </trkpt>
      <trkpt lat="46.862209" lon="9.197476">
        <ele>2240.4</ele>
      </trkpt>
      <trkpt lat="46.862186" lon="9.19745">
        <ele>2240.6</ele>
      </trkpt>
      <trkpt lat="46.862156" lon="9.197448">
        <ele>2240.6</ele>
      </trkpt>
      <trkpt lat="46.862121" lon="9.197473">
        <ele>2240.9</ele>
      </trkpt>
      <trkpt lat="46.862089" lon="9.197501">
        <ele>2241.8</ele>
      </trkpt>
      <trkpt lat="46.862066" lon="9.197468">
        <ele>2241.9</ele>
      </trkpt>
      <trkpt lat="46.862048" lon="9.197417">
        <ele>2241.7</ele>
      </trkpt>
      <trkpt lat="46.862014" lon="9.197343">
        <ele>2241.7</ele>
      </trkpt>
      <trkpt lat="46.861974" lon="9.197273">
        <ele>2242.2</ele>
      </trkpt>
      <trkpt lat="46.861941" lon="9.197204">
        <ele>2242.2</ele>
      </trkpt>
      <trkpt lat="46.861916" lon="9.197125">
        <ele>2242.0</ele>
      </trkpt>
      <trkpt lat="46.861886" lon="9.197075">
        <ele>2241.3</ele>
      </trkpt>
      <trkpt lat="46.861839" lon="9.197042">
        <ele>2240.4</ele>
      </trkpt>
      <trkpt lat="46.861792" lon="9.197023">
        <ele>2240.0</ele>
      </trkpt>
      <trkpt lat="46.861715" lon="9.197026">
        <ele>2240.0</ele>
      </trkpt>
      <trkpt lat="46.861677" lon="9.19701">
        <ele>2240.4</ele>
      </trkpt>
      <trkpt lat="46.861629" lon="9.197007">
        <ele>2241.2</ele>
      </trkpt>
      <trkpt lat="46.861611" lon="9.196989">
        <ele>2241.3</ele>
      </trkpt>
      <trkpt lat="46.861563" lon="9.196991">
        <ele>2242.3</ele>
      </trkpt>
      <trkpt lat="46.861538" lon="9.196996">
        <ele>2243.2</ele>
      </trkpt>
      <trkpt lat="46.86152" lon="9.196991">
        <ele>2244.2</ele>
      </trkpt>
      <trkpt lat="46.861494" lon="9.196998">
        <ele>2245.1</ele>
      </trkpt>
      <trkpt lat="46.861472" lon="9.197002">
        <ele>2245.7</ele>
      </trkpt>
      <trkpt lat="46.861453" lon="9.197005">
        <ele>2246.3</ele>
      </trkpt>
      <trkpt lat="46.861427" lon="9.197002">
        <ele>2247.1</ele>
      </trkpt>
      <trkpt lat="46.861421" lon="9.196985">
        <ele>2247.5</ele>
      </trkpt>
      <trkpt lat="46.861425" lon="9.196932">
        <ele>2248.0</ele>
      </trkpt>
      <trkpt lat="46.861439" lon="9.196873">
        <ele>2248.9</ele>
      </trkpt>
      <trkpt lat="46.861432" lon="9.196857">
        <ele>2249.3</ele>
      </trkpt>
      <trkpt lat="46.861399" lon="9.196851">
        <ele>2249.9</ele>
      </trkpt>
      <trkpt lat="46.861381" lon="9.196839">
        <ele>2250.4</ele>
      </trkpt>
      <trkpt lat="46.861373" lon="9.196809">
        <ele>2250.9</ele>
      </trkpt>
      <trkpt lat="46.861369" lon="9.196734">
        <ele>2252.5</ele>
      </trkpt>
      <trkpt lat="46.861355" lon="9.1967">
        <ele>2253.3</ele>
      </trkpt>
      <trkpt lat="46.861342" lon="9.196678">
        <ele>2253.8</ele>
      </trkpt>
      <trkpt lat="46.861319" lon="9.196682">
        <ele>2254.0</ele>
      </trkpt>
      <trkpt lat="46.861291" lon="9.196717">
        <ele>2254.6</ele>
      </trkpt>
      <trkpt lat="46.86127" lon="9.196732">
        <ele>2255.3</ele>
      </trkpt>
      <trkpt lat="46.861256" lon="9.196674">
        <ele>2256.1</ele>
      </trkpt>
      <trkpt lat="46.861253" lon="9.196574">
        <ele>2257.0</ele>
      </trkpt>
      <trkpt lat="46.861268" lon="9.196517">
        <ele>2257.6</ele>
      </trkpt>
      <trkpt lat="46.861286" lon="9.196404">
        <ele>2258.8</ele>
      </trkpt>
      <trkpt lat="46.861314" lon="9.196367">
        <ele>2259.6</ele>
      </trkpt>
      <trkpt lat="46.861325" lon="9.19629">
        <ele>2260.4</ele>
      </trkpt>
      <trkpt lat="46.861322" lon="9.196215">
        <ele>2260.8</ele>
      </trkpt>
      <trkpt lat="46.861298" lon="9.196136">
        <ele>2260.6</ele>
      </trkpt>
      <trkpt lat="46.861281" lon="9.19607">
        <ele>2260.6</ele>
      </trkpt>
      <trkpt lat="46.861271" lon="9.195995">
        <ele>2260.8</ele>
      </trkpt>
      <trkpt lat="46.861262" lon="9.195935">
        <ele>2261.3</ele>
      </trkpt>
      <trkpt lat="46.861263" lon="9.195848">
        <ele>2262.3</ele>
      </trkpt>
      <trkpt lat="46.861252" lon="9.195775">
        <ele>2263.5</ele>
      </trkpt>
      <trkpt lat="46.861248" lon="9.195733">
        <ele>2264.3</ele>
      </trkpt>
      <trkpt lat="46.861247" lon="9.195679">
        <ele>2265.2</ele>
      </trkpt>
      <trkpt lat="46.861237" lon="9.195627">
        <ele>2266.0</ele>
      </trkpt>
      <trkpt lat="46.861222" lon="9.195576">
        <ele>2266.4</ele>
      </trkpt>
      <trkpt lat="46.86121" lon="9.195489">
        <ele>2267.5</ele>
      </trkpt>
      <trkpt lat="46.861193" lon="9.195402">
        <ele>2267.4</ele>
      </trkpt>
      <trkpt lat="46.861171" lon="9.195329">
        <ele>2267.6</ele>
      </trkpt>
      <trkpt lat="46.861165" lon="9.195257">
        <ele>2268.2</ele>
      </trkpt>
      <trkpt lat="46.861153" lon="9.19522">
        <ele>2268.3</ele>
      </trkpt>
      <trkpt lat="46.861134" lon="9.195185">
        <ele>2268.5</ele>
      </trkpt>
      <trkpt lat="46.861098" lon="9.195168">
        <ele>2268.6</ele>
      </trkpt>
      <trkpt lat="46.861075" lon="9.195131">
        <ele>2268.8</ele>
      </trkpt>
      <trkpt lat="46.861073" lon="9.195062">
        <ele>2268.8</ele>
      </trkpt>
      <trkpt lat="46.861086" lon="9.195009">
        <ele>2269.2</ele>
      </trkpt>
      <trkpt lat="46.861072" lon="9.194956">
        <ele>2268.9</ele>
      </trkpt>
      <trkpt lat="46.86106" lon="9.194898">
        <ele>2269.0</ele>
      </trkpt>
      <trkpt lat="46.861022" lon="9.194835">
        <ele>2269.4</ele>
      </trkpt>
      <trkpt lat="46.861004" lon="9.194785">
        <ele>2269.8</ele>
      </trkpt>
      <trkpt lat="46.860982" lon="9.194745">
        <ele>2269.9</ele>
      </trkpt>
      <trkpt lat="46.860984" lon="9.194693">
        <ele>2270.3</ele>
      </trkpt>
      <trkpt lat="46.860962" lon="9.194613">
        <ele>2270.4</ele>
      </trkpt>
      <trkpt lat="46.860947" lon="9.194404">
        <ele>2271.1</ele>
      </trkpt>
      <trkpt lat="46.860947" lon="9.194401">
        <ele>2271.2</ele>
      </trkpt>
      <trkpt lat="46.860944" lon="9.194316">
        <ele>2271.6</ele>
      </trkpt>
      <trkpt lat="46.860947" lon="9.194222">
        <ele>2271.8</ele>
      </trkpt>
      <trkpt lat="46.860954" lon="9.194113">
        <ele>2272.0</ele>
      </trkpt>
      <trkpt lat="46.860986" lon="9.1941">
        <ele>2272.2</ele>
      </trkpt>
      <trkpt lat="46.861019" lon="9.194112">
        <ele>2272.8</ele>
      </trkpt>
      <trkpt lat="46.86103" lon="9.194097">
        <ele>2273.1</ele>
      </trkpt>
      <trkpt lat="46.861041" lon="9.194087">
        <ele>2273.3</ele>
      </trkpt>
      <trkpt lat="46.861048" lon="9.194069">
        <ele>2273.5</ele>
      </trkpt>
      <trkpt lat="46.861052" lon="9.194038">
        <ele>2273.7</ele>
      </trkpt>
      <trkpt lat="46.861051" lon="9.194008">
        <ele>2273.7</ele>
      </trkpt>
      <trkpt lat="46.86105" lon="9.193974">
        <ele>2273.8</ele>
      </trkpt>
      <trkpt lat="46.86105" lon="9.193931">
        <ele>2274.0</ele>
      </trkpt>
      <trkpt lat="46.861052" lon="9.193899">
        <ele>2274.3</ele>
      </trkpt>
      <trkpt lat="46.861055" lon="9.193859">
        <ele>2274.7</ele>
      </trkpt>
      <trkpt lat="46.861049" lon="9.193825">
        <ele>2274.7</ele>
      </trkpt>
      <trkpt lat="46.861048" lon="9.193797">
        <ele>2274.7</ele>
      </trkpt>
      <trkpt lat="46.861049" lon="9.193735">
        <ele>2275.1</ele>
      </trkpt>
      <trkpt lat="46.861048" lon="9.19371">
        <ele>2275.3</ele>
      </trkpt>
      <trkpt lat="46.861039" lon="9.193679">
        <ele>2275.3</ele>
      </trkpt>
      <trkpt lat="46.861031" lon="9.193652">
        <ele>2275.2</ele>
      </trkpt>
      <trkpt lat="46.861025" lon="9.193607">
        <ele>2275.5</ele>
      </trkpt>
      <trkpt lat="46.861022" lon="9.193566">
        <ele>2275.5</ele>
      </trkpt>
      <trkpt lat="46.861023" lon="9.193501">
        <ele>2275.7</ele>
      </trkpt>
      <trkpt lat="46.861018" lon="9.193454">
        <ele>2275.8</ele>
      </trkpt>
      <trkpt lat="46.861013" lon="9.193376">
        <ele>2276.6</ele>
      </trkpt>
      <trkpt lat="46.861012" lon="9.193337">
        <ele>2276.6</ele>
      </trkpt>
      <trkpt lat="46.861017" lon="9.193289">
        <ele>2276.8</ele>
      </trkpt>
      <trkpt lat="46.861013" lon="9.19324">
        <ele>2276.8</ele>
      </trkpt>
      <trkpt lat="46.86101" lon="9.193182">
        <ele>2277.1</ele>
      </trkpt>
      <trkpt lat="46.861016" lon="9.193138">
        <ele>2277.4</ele>
      </trkpt>
      <trkpt lat="46.861016" lon="9.193105">
        <ele>2277.6</ele>
      </trkpt>
      <trkpt lat="46.861018" lon="9.193036">
        <ele>2278.2</ele>
      </trkpt>
      <trkpt lat="46.86102" lon="9.19295">
        <ele>2279.2</ele>
      </trkpt>
      <trkpt lat="46.861019" lon="9.192852">
        <ele>2279.7</ele>
      </trkpt>
      <trkpt lat="46.861024" lon="9.192798">
        <ele>2279.9</ele>
      </trkpt>
      <trkpt lat="46.861028" lon="9.192763">
        <ele>2280.1</ele>
      </trkpt>
      <trkpt lat="46.861045" lon="9.192678">
        <ele>2280.3</ele>
      </trkpt>
      <trkpt lat="46.861054" lon="9.19263">
        <ele>2280.5</ele>
      </trkpt>
      <trkpt lat="46.86106" lon="9.192573">
        <ele>2280.7</ele>
      </trkpt>
      <trkpt lat="46.861064" lon="9.192539">
        <ele>2280.8</ele>
      </trkpt>
      <trkpt lat="46.861079" lon="9.192494">
        <ele>2281.3</ele>
      </trkpt>
      <trkpt lat="46.861093" lon="9.19246">
        <ele>2281.7</ele>
      </trkpt>
      <trkpt lat="46.861101" lon="9.192413">
        <ele>2282.0</ele>
      </trkpt>
      <trkpt lat="46.861106" lon="9.19234">
        <ele>2282.7</ele>
      </trkpt>
      <trkpt lat="46.861108" lon="9.192286">
        <ele>2283.3</ele>
      </trkpt>
      <trkpt lat="46.861104" lon="9.19226">
        <ele>2283.5</ele>
      </trkpt>
      <trkpt lat="46.861097" lon="9.192217">
        <ele>2283.6</ele>
      </trkpt>
      <trkpt lat="46.861094" lon="9.192187">
        <ele>2283.8</ele>
      </trkpt>
      <trkpt lat="46.861093" lon="9.192156">
        <ele>2284.0</ele>
      </trkpt>
      <trkpt lat="46.861086" lon="9.192119">
        <ele>2284.2</ele>
      </trkpt>
      <trkpt lat="46.861083" lon="9.192092">
        <ele>2284.3</ele>
      </trkpt>
      <trkpt lat="46.861084" lon="9.192063">
        <ele>2284.7</ele>
      </trkpt>
      <trkpt lat="46.861084" lon="9.192027">
        <ele>2285.0</ele>
      </trkpt>
      <trkpt lat="46.86108" lon="9.191993">
        <ele>2285.4</ele>
      </trkpt>
      <trkpt lat="46.861079" lon="9.191962">
        <ele>2285.7</ele>
      </trkpt>
      <trkpt lat="46.861085" lon="9.191913">
        <ele>2286.2</ele>
      </trkpt>
      <trkpt lat="46.861094" lon="9.19186">
        <ele>2286.9</ele>
      </trkpt>
      <trkpt lat="46.861097" lon="9.191827">
        <ele>2287.1</ele>
      </trkpt>
      <trkpt lat="46.861101" lon="9.191786">
        <ele>2287.3</ele>
      </trkpt>
      <trkpt lat="46.861105" lon="9.191735">
        <ele>2287.5</ele>
      </trkpt>
      <trkpt lat="46.861116" lon="9.191689">
        <ele>2287.8</ele>
      </trkpt>
      <trkpt lat="46.86112" lon="9.191656">
        <ele>2287.8</ele>
      </trkpt>
      <trkpt lat="46.861123" lon="9.191607">
        <ele>2287.6</ele>
      </trkpt>
      <trkpt lat="46.861121" lon="9.19157">
        <ele>2287.6</ele>
      </trkpt>
      <trkpt lat="46.861118" lon="9.191541">
        <ele>2287.8</ele>
      </trkpt>
      <trkpt lat="46.861119" lon="9.191484">
        <ele>2288.1</ele>
      </trkpt>
      <trkpt lat="46.861117" lon="9.191457">
        <ele>2288.1</ele>
      </trkpt>
      <trkpt lat="46.861111" lon="9.191427">
        <ele>2288.1</ele>
      </trkpt>
      <trkpt lat="46.861103" lon="9.191391">
        <ele>2288.1</ele>
      </trkpt>
      <trkpt lat="46.861099" lon="9.191362">
        <ele>2288.1</ele>
      </trkpt>
      <trkpt lat="46.861097" lon="9.191336">
        <ele>2288.2</ele>
      </trkpt>
      <trkpt lat="46.861097" lon="9.191304">
        <ele>2288.3</ele>
      </trkpt>
      <trkpt lat="46.861096" lon="9.191279">
        <ele>2288.4</ele>
      </trkpt>
      <trkpt lat="46.861092" lon="9.191251">
        <ele>2288.5</ele>
      </trkpt>
      <trkpt lat="46.861084" lon="9.191219">
        <ele>2288.6</ele>
      </trkpt>
      <trkpt lat="46.861072" lon="9.191179">
        <ele>2288.7</ele>
      </trkpt>
      <trkpt lat="46.861062" lon="9.191154">
        <ele>2288.6</ele>
      </trkpt>
      <trkpt lat="46.861048" lon="9.191123">
        <ele>2288.6</ele>
      </trkpt>
      <trkpt lat="46.861034" lon="9.191087">
        <ele>2288.6</ele>
      </trkpt>
      <trkpt lat="46.86103" lon="9.191063">
        <ele>2288.7</ele>
      </trkpt>
      <trkpt lat="46.861025" lon="9.190998">
        <ele>2288.9</ele>
      </trkpt>
      <trkpt lat="46.861022" lon="9.190948">
        <ele>2289.3</ele>
      </trkpt>
      <trkpt lat="46.861014" lon="9.190914">
        <ele>2289.8</ele>
      </trkpt>
      <trkpt lat="46.861012" lon="9.190894">
        <ele>2290.0</ele>
      </trkpt>
      <trkpt lat="46.861009" lon="9.190836">
        <ele>2290.6</ele>
      </trkpt>
      <trkpt lat="46.861007" lon="9.190789">
        <ele>2290.8</ele>
      </trkpt>
      <trkpt lat="46.861013" lon="9.19075">
        <ele>2290.8</ele>
      </trkpt>
      <trkpt lat="46.861018" lon="9.190727">
        <ele>2290.8</ele>
      </trkpt>
      <trkpt lat="46.86102" lon="9.190704">
        <ele>2290.9</ele>
      </trkpt>
      <trkpt lat="46.861024" lon="9.190671">
        <ele>2291.0</ele>
      </trkpt>
      <trkpt lat="46.861033" lon="9.190623">
        <ele>2291.2</ele>
      </trkpt>
      <trkpt lat="46.861047" lon="9.19056">
        <ele>2291.9</ele>
      </trkpt>
      <trkpt lat="46.861052" lon="9.190516">
        <ele>2292.7</ele>
      </trkpt>
      <trkpt lat="46.86105" lon="9.190459">
        <ele>2293.4</ele>
      </trkpt>
      <trkpt lat="46.86105" lon="9.1904">
        <ele>2294.4</ele>
      </trkpt>
      <trkpt lat="46.861054" lon="9.190342">
        <ele>2295.1</ele>
      </trkpt>
      <trkpt lat="46.86106" lon="9.190299">
        <ele>2295.7</ele>
      </trkpt>
      <trkpt lat="46.861064" lon="9.190267">
        <ele>2296.0</ele>
      </trkpt>
      <trkpt lat="46.861067" lon="9.190243">
        <ele>2296.1</ele>
      </trkpt>
      <trkpt lat="46.86107" lon="9.190208">
        <ele>2295.9</ele>
      </trkpt>
      <trkpt lat="46.861072" lon="9.190176">
        <ele>2295.5</ele>
      </trkpt>
      <trkpt lat="46.86107" lon="9.190133">
        <ele>2294.8</ele>
      </trkpt>
      <trkpt lat="46.861065" lon="9.190097">
        <ele>2294.5</ele>
      </trkpt>
      <trkpt lat="46.86105" lon="9.190011">
        <ele>2293.9</ele>
      </trkpt>
      <trkpt lat="46.86104" lon="9.189937">
        <ele>2294.4</ele>
      </trkpt>
      <trkpt lat="46.861029" lon="9.18988">
        <ele>2294.7</ele>
      </trkpt>
      <trkpt lat="46.861023" lon="9.189824">
        <ele>2294.9</ele>
      </trkpt>
      <trkpt lat="46.861022" lon="9.189783">
        <ele>2294.9</ele>
      </trkpt>
      <trkpt lat="46.861025" lon="9.189751">
        <ele>2295.1</ele>
      </trkpt>
      <trkpt lat="46.861035" lon="9.189707">
        <ele>2295.4</ele>
      </trkpt>
      <trkpt lat="46.861052" lon="9.189636">
        <ele>2296.1</ele>
      </trkpt>
      <trkpt lat="46.861065" lon="9.18954">
        <ele>2296.9</ele>
      </trkpt>
      <trkpt lat="46.861067" lon="9.189485">
        <ele>2298.1</ele>
      </trkpt>
      <trkpt lat="46.861066" lon="9.189415">
        <ele>2299.8</ele>
      </trkpt>
      <trkpt lat="46.86106" lon="9.18935">
        <ele>2300.6</ele>
      </trkpt>
      <trkpt lat="46.861051" lon="9.189311">
        <ele>2300.9</ele>
      </trkpt>
      <trkpt lat="46.861035" lon="9.189268">
        <ele>2301.0</ele>
      </trkpt>
      <trkpt lat="46.86103" lon="9.189237">
        <ele>2301.1</ele>
      </trkpt>
      <trkpt lat="46.861029" lon="9.189198">
        <ele>2301.1</ele>
      </trkpt>
      <trkpt lat="46.861031" lon="9.189143">
        <ele>2301.1</ele>
      </trkpt>
      <trkpt lat="46.86104" lon="9.189109">
        <ele>2301.2</ele>
      </trkpt>
      <trkpt lat="46.861051" lon="9.189068">
        <ele>2301.5</ele>
      </trkpt>
      <trkpt lat="46.861062" lon="9.189036">
        <ele>2301.9</ele>
      </trkpt>
      <trkpt lat="46.86107" lon="9.189004">
        <ele>2302.4</ele>
      </trkpt>
      <trkpt lat="46.861069" lon="9.188967">
        <ele>2302.8</ele>
      </trkpt>
      <trkpt lat="46.86107" lon="9.188886">
        <ele>2303.8</ele>
      </trkpt>
      <trkpt lat="46.86107" lon="9.188822">
        <ele>2304.8</ele>
      </trkpt>
      <trkpt lat="46.861064" lon="9.188778">
        <ele>2305.5</ele>
      </trkpt>
      <trkpt lat="46.86105" lon="9.188696">
        <ele>2305.8</ele>
      </trkpt>
      <trkpt lat="46.861044" lon="9.188643">
        <ele>2306.0</ele>
      </trkpt>
      <trkpt lat="46.861045" lon="9.188593">
        <ele>2306.3</ele>
      </trkpt>
      <trkpt lat="46.86104" lon="9.18856">
        <ele>2306.3</ele>
      </trkpt>
      <trkpt lat="46.861024" lon="9.188501">
        <ele>2306.1</ele>
      </trkpt>
      <trkpt lat="46.861006" lon="9.18846">
        <ele>2306.2</ele>
      </trkpt>
      <trkpt lat="46.860991" lon="9.188435">
        <ele>2306.3</ele>
      </trkpt>
      <trkpt lat="46.860975" lon="9.188394">
        <ele>2306.4</ele>
      </trkpt>
      <trkpt lat="46.860968" lon="9.188368">
        <ele>2306.4</ele>
      </trkpt>
      <trkpt lat="46.860967" lon="9.188339">
        <ele>2306.4</ele>
      </trkpt>
      <trkpt lat="46.86097" lon="9.188285">
        <ele>2306.6</ele>
      </trkpt>
      <trkpt lat="46.860968" lon="9.188211">
        <ele>2307.2</ele>
      </trkpt>
      <trkpt lat="46.860957" lon="9.188092">
        <ele>2307.8</ele>
      </trkpt>
      <trkpt lat="46.860953" lon="9.188017">
        <ele>2307.4</ele>
      </trkpt>
      <trkpt lat="46.860951" lon="9.187968">
        <ele>2307.2</ele>
      </trkpt>
      <trkpt lat="46.860939" lon="9.187905">
        <ele>2307.6</ele>
      </trkpt>
      <trkpt lat="46.860929" lon="9.18786">
        <ele>2308.0</ele>
      </trkpt>
      <trkpt lat="46.860926" lon="9.187806">
        <ele>2308.4</ele>
      </trkpt>
      <trkpt lat="46.860928" lon="9.187745">
        <ele>2309.1</ele>
      </trkpt>
      <trkpt lat="46.860933" lon="9.187699">
        <ele>2309.1</ele>
      </trkpt>
      <trkpt lat="46.860944" lon="9.187675">
        <ele>2309.3</ele>
      </trkpt>
      <trkpt lat="46.860956" lon="9.187649">
        <ele>2309.5</ele>
      </trkpt>
      <trkpt lat="46.860963" lon="9.18762">
        <ele>2309.7</ele>
      </trkpt>
      <trkpt lat="46.860964" lon="9.187582">
        <ele>2310.0</ele>
      </trkpt>
      <trkpt lat="46.860967" lon="9.187539">
        <ele>2310.6</ele>
      </trkpt>
      <trkpt lat="46.860973" lon="9.187496">
        <ele>2311.2</ele>
      </trkpt>
      <trkpt lat="46.860979" lon="9.187453">
        <ele>2311.9</ele>
      </trkpt>
      <trkpt lat="46.860977" lon="9.187422">
        <ele>2312.2</ele>
      </trkpt>
      <trkpt lat="46.860968" lon="9.187394">
        <ele>2312.3</ele>
      </trkpt>
      <trkpt lat="46.860963" lon="9.187352">
        <ele>2312.4</ele>
      </trkpt>
      <trkpt lat="46.860962" lon="9.187313">
        <ele>2312.5</ele>
      </trkpt>
      <trkpt lat="46.860962" lon="9.187272">
        <ele>2312.5</ele>
      </trkpt>
      <trkpt lat="46.860971" lon="9.187203">
        <ele>2312.4</ele>
      </trkpt>
      <trkpt lat="46.860976" lon="9.187143">
        <ele>2312.8</ele>
      </trkpt>
      <trkpt lat="46.860977" lon="9.1871">
        <ele>2313.1</ele>
      </trkpt>
      <trkpt lat="46.860973" lon="9.18706">
        <ele>2313.0</ele>
      </trkpt>
      <trkpt lat="46.86096" lon="9.187005">
        <ele>2313.0</ele>
      </trkpt>
      <trkpt lat="46.860942" lon="9.186916">
        <ele>2313.2</ele>
      </trkpt>
      <trkpt lat="46.860933" lon="9.186869">
        <ele>2313.4</ele>
      </trkpt>
      <trkpt lat="46.860934" lon="9.186822">
        <ele>2313.7</ele>
      </trkpt>
      <trkpt lat="46.860937" lon="9.186783">
        <ele>2314.0</ele>
      </trkpt>
      <trkpt lat="46.860938" lon="9.186737">
        <ele>2314.3</ele>
      </trkpt>
      <trkpt lat="46.860945" lon="9.186698">
        <ele>2314.5</ele>
      </trkpt>
      <trkpt lat="46.860936" lon="9.186647">
        <ele>2314.6</ele>
      </trkpt>
      <trkpt lat="46.860931" lon="9.186621">
        <ele>2314.8</ele>
      </trkpt>
      <trkpt lat="46.86092" lon="9.1866">
        <ele>2314.8</ele>
      </trkpt>
      <trkpt lat="46.860903" lon="9.186566">
        <ele>2314.9</ele>
      </trkpt>
      <trkpt lat="46.86089" lon="9.186538">
        <ele>2315.1</ele>
      </trkpt>
      <trkpt lat="46.860882" lon="9.186514">
        <ele>2315.3</ele>
      </trkpt>
      <trkpt lat="46.860878" lon="9.186492">
        <ele>2315.5</ele>
      </trkpt>
      <trkpt lat="46.860879" lon="9.186464">
        <ele>2315.7</ele>
      </trkpt>
      <trkpt lat="46.860896" lon="9.186359">
        <ele>2316.1</ele>
      </trkpt>
      <trkpt lat="46.860899" lon="9.186323">
        <ele>2316.2</ele>
      </trkpt>
      <trkpt lat="46.860894" lon="9.186303">
        <ele>2316.2</ele>
      </trkpt>
      <trkpt lat="46.860867" lon="9.186185">
        <ele>2315.9</ele>
      </trkpt>
      <trkpt lat="46.860857" lon="9.186138">
        <ele>2315.7</ele>
      </trkpt>
      <trkpt lat="46.86085" lon="9.186087">
        <ele>2315.3</ele>
      </trkpt>
      <trkpt lat="46.860847" lon="9.18602">
        <ele>2315.2</ele>
      </trkpt>
      <trkpt lat="46.860843" lon="9.185978">
        <ele>2315.1</ele>
      </trkpt>
      <trkpt lat="46.860842" lon="9.185937">
        <ele>2315.1</ele>
      </trkpt>
      <trkpt lat="46.860839" lon="9.18588">
        <ele>2314.9</ele>
      </trkpt>
      <trkpt lat="46.860834" lon="9.185836">
        <ele>2314.6</ele>
      </trkpt>
      <trkpt lat="46.86083" lon="9.185789">
        <ele>2314.4</ele>
      </trkpt>
      <trkpt lat="46.860835" lon="9.185668">
        <ele>2314.5</ele>
      </trkpt>
      <trkpt lat="46.860836" lon="9.185655">
        <ele>2314.6</ele>
      </trkpt>
      <trkpt lat="46.860836" lon="9.185612">
        <ele>2315.0</ele>
      </trkpt>
      <trkpt lat="46.860831" lon="9.185589">
        <ele>2315.2</ele>
      </trkpt>
      <trkpt lat="46.860815" lon="9.185558">
        <ele>2315.3</ele>
      </trkpt>
      <trkpt lat="46.860785" lon="9.185513">
        <ele>2315.4</ele>
      </trkpt>
      <trkpt lat="46.860765" lon="9.185484">
        <ele>2315.0</ele>
      </trkpt>
      <trkpt lat="46.860741" lon="9.185455">
        <ele>2314.6</ele>
      </trkpt>
      <trkpt lat="46.860714" lon="9.185413">
        <ele>2314.6</ele>
      </trkpt>
      <trkpt lat="46.860695" lon="9.185366">
        <ele>2314.6</ele>
      </trkpt>
      <trkpt lat="46.860678" lon="9.185322">
        <ele>2314.6</ele>
      </trkpt>
      <trkpt lat="46.860672" lon="9.18529">
        <ele>2314.5</ele>
      </trkpt>
      <trkpt lat="46.860671" lon="9.185247">
        <ele>2314.5</ele>
      </trkpt>
      <trkpt lat="46.860668" lon="9.185219">
        <ele>2314.4</ele>
      </trkpt>
      <trkpt lat="46.860655" lon="9.185183">
        <ele>2314.2</ele>
      </trkpt>
      <trkpt lat="46.860641" lon="9.185137">
        <ele>2314.1</ele>
      </trkpt>
      <trkpt lat="46.860635" lon="9.185097">
        <ele>2313.9</ele>
      </trkpt>
      <trkpt lat="46.860639" lon="9.185055">
        <ele>2313.5</ele>
      </trkpt>
      <trkpt lat="46.860652" lon="9.185013">
        <ele>2313.3</ele>
      </trkpt>
      <trkpt lat="46.86066" lon="9.184981">
        <ele>2313.3</ele>
      </trkpt>
      <trkpt lat="46.860662" lon="9.184956">
        <ele>2313.1</ele>
      </trkpt>
      <trkpt lat="46.86066" lon="9.184929">
        <ele>2313.1</ele>
      </trkpt>
      <trkpt lat="46.860656" lon="9.184903">
        <ele>2313.0</ele>
      </trkpt>
      <trkpt lat="46.860655" lon="9.184844">
        <ele>2313.2</ele>
      </trkpt>
      <trkpt lat="46.860655" lon="9.184808">
        <ele>2313.3</ele>
      </trkpt>
      <trkpt lat="46.860645" lon="9.184772">
        <ele>2313.0</ele>
      </trkpt>
      <trkpt lat="46.860634" lon="9.184708">
        <ele>2312.8</ele>
      </trkpt>
      <trkpt lat="46.860628" lon="9.184672">
        <ele>2312.7</ele>
      </trkpt>
      <trkpt lat="46.860616" lon="9.184636">
        <ele>2312.8</ele>
      </trkpt>
      <trkpt lat="46.860598" lon="9.184595">
        <ele>2312.6</ele>
      </trkpt>
      <trkpt lat="46.860576" lon="9.184561">
        <ele>2312.5</ele>
      </trkpt>
      <trkpt lat="46.860564" lon="9.18455">
        <ele>2312.4</ele>
      </trkpt>
      <trkpt lat="46.860556" lon="9.184543">
        <ele>2312.3</ele>
      </trkpt>
      <trkpt lat="46.860541" lon="9.184533">
        <ele>2312.3</ele>
      </trkpt>
      <trkpt lat="46.860518" lon="9.18449">
        <ele>2312.1</ele>
      </trkpt>
      <trkpt lat="46.860494" lon="9.184469">
        <ele>2311.9</ele>
      </trkpt>
      <trkpt lat="46.860475" lon="9.184468">
        <ele>2311.8</ele>
      </trkpt>
      <trkpt lat="46.860463" lon="9.184473">
        <ele>2311.8</ele>
      </trkpt>
      <trkpt lat="46.860445" lon="9.184486">
        <ele>2311.7</ele>
      </trkpt>
      <trkpt lat="46.860431" lon="9.184485">
        <ele>2311.4</ele>
      </trkpt>
      <trkpt lat="46.860424" lon="9.184473">
        <ele>2311.1</ele>
      </trkpt>
      <trkpt lat="46.860412" lon="9.184428">
        <ele>2310.6</ele>
      </trkpt>
      <trkpt lat="46.86041" lon="9.184409">
        <ele>2310.6</ele>
      </trkpt>
      <trkpt lat="46.860403" lon="9.184374">
        <ele>2310.9</ele>
      </trkpt>
      <trkpt lat="46.860399" lon="9.184338">
        <ele>2311.5</ele>
      </trkpt>
      <trkpt lat="46.860401" lon="9.184308">
        <ele>2311.7</ele>
      </trkpt>
      <trkpt lat="46.860407" lon="9.184273">
        <ele>2311.9</ele>
      </trkpt>
      <trkpt lat="46.860408" lon="9.18423">
        <ele>2312.1</ele>
      </trkpt>
      <trkpt lat="46.860408" lon="9.184194">
        <ele>2312.2</ele>
      </trkpt>
      <trkpt lat="46.860413" lon="9.184171">
        <ele>2312.0</ele>
      </trkpt>
      <trkpt lat="46.860419" lon="9.184145">
        <ele>2311.9</ele>
      </trkpt>
      <trkpt lat="46.86042" lon="9.184115">
        <ele>2312.0</ele>
      </trkpt>
      <trkpt lat="46.860418" lon="9.184088">
        <ele>2312.1</ele>
      </trkpt>
      <trkpt lat="46.860413" lon="9.184033">
        <ele>2312.3</ele>
      </trkpt>
      <trkpt lat="46.86041" lon="9.183978">
        <ele>2312.3</ele>
      </trkpt>
      <trkpt lat="46.860408" lon="9.183926">
        <ele>2312.4</ele>
      </trkpt>
      <trkpt lat="46.8604" lon="9.183845">
        <ele>2312.7</ele>
      </trkpt>
      <trkpt lat="46.860405" lon="9.183748">
        <ele>2312.9</ele>
      </trkpt>
      <trkpt lat="46.860407" lon="9.183712">
        <ele>2313.0</ele>
      </trkpt>
      <trkpt lat="46.860406" lon="9.183687">
        <ele>2313.2</ele>
      </trkpt>
      <trkpt lat="46.860401" lon="9.183633">
        <ele>2313.5</ele>
      </trkpt>
      <trkpt lat="46.860397" lon="9.183576">
        <ele>2313.9</ele>
      </trkpt>
      <trkpt lat="46.860392" lon="9.18353">
        <ele>2314.2</ele>
      </trkpt>
      <trkpt lat="46.860383" lon="9.183499">
        <ele>2314.4</ele>
      </trkpt>
      <trkpt lat="46.860374" lon="9.183476">
        <ele>2314.5</ele>
      </trkpt>
      <trkpt lat="46.860366" lon="9.183458">
        <ele>2314.7</ele>
      </trkpt>
      <trkpt lat="46.860351" lon="9.183418">
        <ele>2314.7</ele>
      </trkpt>
      <trkpt lat="46.860343" lon="9.183386">
        <ele>2314.8</ele>
      </trkpt>
      <trkpt lat="46.860334" lon="9.183359">
        <ele>2314.8</ele>
      </trkpt>
      <trkpt lat="46.860322" lon="9.183337">
        <ele>2314.7</ele>
      </trkpt>
      <trkpt lat="46.860308" lon="9.183326">
        <ele>2314.6</ele>
      </trkpt>
      <trkpt lat="46.860296" lon="9.183323">
        <ele>2314.5</ele>
      </trkpt>
      <trkpt lat="46.860273" lon="9.183318">
        <ele>2314.2</ele>
      </trkpt>
      <trkpt lat="46.860257" lon="9.183309">
        <ele>2313.9</ele>
      </trkpt>
      <trkpt lat="46.860237" lon="9.183291">
        <ele>2313.8</ele>
      </trkpt>
      <trkpt lat="46.860219" lon="9.183265">
        <ele>2313.9</ele>
      </trkpt>
      <trkpt lat="46.860201" lon="9.18323">
        <ele>2314.2</ele>
      </trkpt>
      <trkpt lat="46.860195" lon="9.183201">
        <ele>2314.6</ele>
      </trkpt>
      <trkpt lat="46.860197" lon="9.183164">
        <ele>2315.3</ele>
      </trkpt>
      <trkpt lat="46.860203" lon="9.183124">
        <ele>2315.9</ele>
      </trkpt>
      <trkpt lat="46.860202" lon="9.183106">
        <ele>2316.0</ele>
      </trkpt>
      <trkpt lat="46.860199" lon="9.183087">
        <ele>2316.3</ele>
      </trkpt>
      <trkpt lat="46.860185" lon="9.183061">
        <ele>2316.7</ele>
      </trkpt>
      <trkpt lat="46.860167" lon="9.183032">
        <ele>2317.0</ele>
      </trkpt>
      <trkpt lat="46.860158" lon="9.183008">
        <ele>2317.1</ele>
      </trkpt>
      <trkpt lat="46.860152" lon="9.18298">
        <ele>2317.4</ele>
      </trkpt>
      <trkpt lat="46.86015" lon="9.182927">
        <ele>2318.3</ele>
      </trkpt>
      <trkpt lat="46.86016" lon="9.182841">
        <ele>2320.0</ele>
      </trkpt>
      <trkpt lat="46.860167" lon="9.18279">
        <ele>2321.3</ele>
      </trkpt>
      <trkpt lat="46.86018" lon="9.182751">
        <ele>2322.0</ele>
      </trkpt>
      <trkpt lat="46.860187" lon="9.18273">
        <ele>2322.3</ele>
      </trkpt>
      <trkpt lat="46.86019" lon="9.182705">
        <ele>2322.5</ele>
      </trkpt>
      <trkpt lat="46.86019" lon="9.182674">
        <ele>2322.8</ele>
      </trkpt>
      <trkpt lat="46.860188" lon="9.182655">
        <ele>2323.0</ele>
      </trkpt>
      <trkpt lat="46.860183" lon="9.18263">
        <ele>2323.0</ele>
      </trkpt>
      <trkpt lat="46.86018" lon="9.182605">
        <ele>2323.1</ele>
      </trkpt>
      <trkpt lat="46.860178" lon="9.182572">
        <ele>2323.2</ele>
      </trkpt>
      <trkpt lat="46.860175" lon="9.18254">
        <ele>2323.4</ele>
      </trkpt>
      <trkpt lat="46.860161" lon="9.18245">
        <ele>2323.6</ele>
      </trkpt>
      <trkpt lat="46.860155" lon="9.182404">
        <ele>2323.6</ele>
      </trkpt>
      <trkpt lat="46.860142" lon="9.182374">
        <ele>2323.5</ele>
      </trkpt>
      <trkpt lat="46.860135" lon="9.182344">
        <ele>2323.5</ele>
      </trkpt>
      <trkpt lat="46.860123" lon="9.182277">
        <ele>2323.7</ele>
      </trkpt>
      <trkpt lat="46.860114" lon="9.182232">
        <ele>2324.1</ele>
      </trkpt>
      <trkpt lat="46.860104" lon="9.182174">
        <ele>2324.5</ele>
      </trkpt>
      <trkpt lat="46.860104" lon="9.182138">
        <ele>2324.8</ele>
      </trkpt>
      <trkpt lat="46.860089" lon="9.182129">
        <ele>2324.4</ele>
      </trkpt>
      <trkpt lat="46.860057" lon="9.182091">
        <ele>2324.2</ele>
      </trkpt>
      <trkpt lat="46.860045" lon="9.182057">
        <ele>2324.8</ele>
      </trkpt>
      <trkpt lat="46.860037" lon="9.182014">
        <ele>2325.4</ele>
      </trkpt>
      <trkpt lat="46.860038" lon="9.181981">
        <ele>2325.9</ele>
      </trkpt>
      <trkpt lat="46.86005" lon="9.181941">
        <ele>2326.5</ele>
      </trkpt>
      <trkpt lat="46.860069" lon="9.181888">
        <ele>2327.6</ele>
      </trkpt>
      <trkpt lat="46.860082" lon="9.181834">
        <ele>2328.8</ele>
      </trkpt>
      <trkpt lat="46.860092" lon="9.181784">
        <ele>2329.7</ele>
      </trkpt>
      <trkpt lat="46.860097" lon="9.18171">
        <ele>2330.3</ele>
      </trkpt>
      <trkpt lat="46.860097" lon="9.181679">
        <ele>2330.5</ele>
      </trkpt>
      <trkpt lat="46.860088" lon="9.181644">
        <ele>2330.6</ele>
      </trkpt>
      <trkpt lat="46.860086" lon="9.181611">
        <ele>2330.7</ele>
      </trkpt>
      <trkpt lat="46.860089" lon="9.181577">
        <ele>2330.9</ele>
      </trkpt>
      <trkpt lat="46.860098" lon="9.18154">
        <ele>2331.2</ele>
      </trkpt>
      <trkpt lat="46.860117" lon="9.181451">
        <ele>2331.7</ele>
      </trkpt>
      <trkpt lat="46.86012" lon="9.181422">
        <ele>2331.9</ele>
      </trkpt>
      <trkpt lat="46.860119" lon="9.181381">
        <ele>2332.2</ele>
      </trkpt>
      <trkpt lat="46.860113" lon="9.181347">
        <ele>2332.6</ele>
      </trkpt>
      <trkpt lat="46.860103" lon="9.181302">
        <ele>2333.1</ele>
      </trkpt>
      <trkpt lat="46.860092" lon="9.181255">
        <ele>2333.6</ele>
      </trkpt>
      <trkpt lat="46.860091" lon="9.181213">
        <ele>2334.2</ele>
      </trkpt>
      <trkpt lat="46.860091" lon="9.181129">
        <ele>2335.2</ele>
      </trkpt>
      <trkpt lat="46.86009" lon="9.181088">
        <ele>2335.5</ele>
      </trkpt>
      <trkpt lat="46.860083" lon="9.181046">
        <ele>2336.0</ele>
      </trkpt>
      <trkpt lat="46.860066" lon="9.18098">
        <ele>2337.4</ele>
      </trkpt>
      <trkpt lat="46.860067" lon="9.180947">
        <ele>2338.0</ele>
      </trkpt>
      <trkpt lat="46.860071" lon="9.180923">
        <ele>2338.4</ele>
      </trkpt>
      <trkpt lat="46.860085" lon="9.180891">
        <ele>2338.9</ele>
      </trkpt>
      <trkpt lat="46.860088" lon="9.180863">
        <ele>2339.4</ele>
      </trkpt>
      <trkpt lat="46.860085" lon="9.180851">
        <ele>2339.5</ele>
      </trkpt>
      <trkpt lat="46.860078" lon="9.180834">
        <ele>2339.7</ele>
      </trkpt>
      <trkpt lat="46.860072" lon="9.180813">
        <ele>2339.8</ele>
      </trkpt>
      <trkpt lat="46.860074" lon="9.180791">
        <ele>2339.9</ele>
      </trkpt>
      <trkpt lat="46.860084" lon="9.180767">
        <ele>2340.5</ele>
      </trkpt>
      <trkpt lat="46.8601" lon="9.180725">
        <ele>2341.7</ele>
      </trkpt>
      <trkpt lat="46.860108" lon="9.180702">
        <ele>2342.3</ele>
      </trkpt>
      <trkpt lat="46.860114" lon="9.180676">
        <ele>2342.6</ele>
      </trkpt>
      <trkpt lat="46.860113" lon="9.180648">
        <ele>2342.8</ele>
      </trkpt>
      <trkpt lat="46.860105" lon="9.180604">
        <ele>2342.9</ele>
      </trkpt>
      <trkpt lat="46.8601" lon="9.180548">
        <ele>2343.3</ele>
      </trkpt>
      <trkpt lat="46.860097" lon="9.18049">
        <ele>2343.8</ele>
      </trkpt>
      <trkpt lat="46.860093" lon="9.180461">
        <ele>2344.1</ele>
      </trkpt>
      <trkpt lat="46.860085" lon="9.180442">
        <ele>2344.3</ele>
      </trkpt>
      <trkpt lat="46.860075" lon="9.180417">
        <ele>2344.4</ele>
      </trkpt>
      <trkpt lat="46.860065" lon="9.18038">
        <ele>2344.4</ele>
      </trkpt>
      <trkpt lat="46.860062" lon="9.180351">
        <ele>2344.3</ele>
      </trkpt>
      <trkpt lat="46.860052" lon="9.1803">
        <ele>2344.2</ele>
      </trkpt>
      <trkpt lat="46.860048" lon="9.180245">
        <ele>2344.3</ele>
      </trkpt>
      <trkpt lat="46.860047" lon="9.18019">
        <ele>2344.5</ele>
      </trkpt>
      <trkpt lat="46.860049" lon="9.180157">
        <ele>2344.6</ele>
      </trkpt>
      <trkpt lat="46.860055" lon="9.180113">
        <ele>2344.6</ele>
      </trkpt>
      <trkpt lat="46.860068" lon="9.180073">
        <ele>2344.6</ele>
      </trkpt>
      <trkpt lat="46.860074" lon="9.180036">
        <ele>2344.6</ele>
      </trkpt>
      <trkpt lat="46.860076" lon="9.179995">
        <ele>2344.7</ele>
      </trkpt>
      <trkpt lat="46.860074" lon="9.179932">
        <ele>2345.1</ele>
      </trkpt>
      <trkpt lat="46.860065" lon="9.179882">
        <ele>2345.2</ele>
      </trkpt>
      <trkpt lat="46.860062" lon="9.179845">
        <ele>2345.2</ele>
      </trkpt>
      <trkpt lat="46.860068" lon="9.179805">
        <ele>2345.5</ele>
      </trkpt>
      <trkpt lat="46.860068" lon="9.179775">
        <ele>2345.6</ele>
      </trkpt>
      <trkpt lat="46.860056" lon="9.179724">
        <ele>2345.6</ele>
      </trkpt>
      <trkpt lat="46.860046" lon="9.17969">
        <ele>2345.8</ele>
      </trkpt>
      <trkpt lat="46.860033" lon="9.179675">
        <ele>2346.0</ele>
      </trkpt>
      <trkpt lat="46.86002" lon="9.179677">
        <ele>2346.0</ele>
      </trkpt>
      <trkpt lat="46.860009" lon="9.179688">
        <ele>2345.9</ele>
      </trkpt>
      <trkpt lat="46.859991" lon="9.17971">
        <ele>2345.5</ele>
      </trkpt>
      <trkpt lat="46.859977" lon="9.179713">
        <ele>2345.3</ele>
      </trkpt>
      <trkpt lat="46.859963" lon="9.179698">
        <ele>2345.4</ele>
      </trkpt>
      <trkpt lat="46.859951" lon="9.179668">
        <ele>2345.6</ele>
      </trkpt>
      <trkpt lat="46.85994" lon="9.179632">
        <ele>2345.8</ele>
      </trkpt>
      <trkpt lat="46.859931" lon="9.179605">
        <ele>2345.8</ele>
      </trkpt>
      <trkpt lat="46.859922" lon="9.179592">
        <ele>2345.7</ele>
      </trkpt>
      <trkpt lat="46.859912" lon="9.179581">
        <ele>2345.6</ele>
      </trkpt>
      <trkpt lat="46.859902" lon="9.179561">
        <ele>2345.5</ele>
      </trkpt>
      <trkpt lat="46.859889" lon="9.179525">
        <ele>2345.2</ele>
      </trkpt>
      <trkpt lat="46.859873" lon="9.179456">
        <ele>2345.1</ele>
      </trkpt>
      <trkpt lat="46.859867" lon="9.179406">
        <ele>2344.9</ele>
      </trkpt>
      <trkpt lat="46.859864" lon="9.179371">
        <ele>2345.0</ele>
      </trkpt>
      <trkpt lat="46.859859" lon="9.179341">
        <ele>2345.0</ele>
      </trkpt>
      <trkpt lat="46.85986" lon="9.179296">
        <ele>2345.2</ele>
      </trkpt>
      <trkpt lat="46.859858" lon="9.179273">
        <ele>2345.2</ele>
      </trkpt>
      <trkpt lat="46.859852" lon="9.179243">
        <ele>2345.3</ele>
      </trkpt>
      <trkpt lat="46.859845" lon="9.17922">
        <ele>2345.3</ele>
      </trkpt>
      <trkpt lat="46.859835" lon="9.179199">
        <ele>2345.3</ele>
      </trkpt>
      <trkpt lat="46.859828" lon="9.179184">
        <ele>2345.3</ele>
      </trkpt>
      <trkpt lat="46.859826" lon="9.179166">
        <ele>2345.3</ele>
      </trkpt>
      <trkpt lat="46.859828" lon="9.179143">
        <ele>2345.2</ele>
      </trkpt>
      <trkpt lat="46.85983" lon="9.179118">
        <ele>2345.1</ele>
      </trkpt>
      <trkpt lat="46.859827" lon="9.179104">
        <ele>2345.1</ele>
      </trkpt>
      <trkpt lat="46.859822" lon="9.179089">
        <ele>2345.1</ele>
      </trkpt>
      <trkpt lat="46.859812" lon="9.179082">
        <ele>2345.1</ele>
      </trkpt>
      <trkpt lat="46.859801" lon="9.179077">
        <ele>2345.1</ele>
      </trkpt>
      <trkpt lat="46.859787" lon="9.179068">
        <ele>2345.2</ele>
      </trkpt>
      <trkpt lat="46.859778" lon="9.179053">
        <ele>2345.4</ele>
      </trkpt>
      <trkpt lat="46.859776" lon="9.179037">
        <ele>2345.6</ele>
      </trkpt>
      <trkpt lat="46.859773" lon="9.17901">
        <ele>2345.8</ele>
      </trkpt>
      <trkpt lat="46.859767" lon="9.178989">
        <ele>2345.8</ele>
      </trkpt>
      <trkpt lat="46.859754" lon="9.178946">
        <ele>2345.7</ele>
      </trkpt>
      <trkpt lat="46.859728" lon="9.178887">
        <ele>2345.4</ele>
      </trkpt>
      <trkpt lat="46.859692" lon="9.178808">
        <ele>2344.9</ele>
      </trkpt>
      <trkpt lat="46.859664" lon="9.178756">
        <ele>2345.3</ele>
      </trkpt>
      <trkpt lat="46.85965" lon="9.178734">
        <ele>2345.3</ele>
      </trkpt>
      <trkpt lat="46.859634" lon="9.178717">
        <ele>2345.1</ele>
      </trkpt>
      <trkpt lat="46.859621" lon="9.178703">
        <ele>2344.9</ele>
      </trkpt>
      <trkpt lat="46.859614" lon="9.178684">
        <ele>2344.7</ele>
      </trkpt>
      <trkpt lat="46.859598" lon="9.178641">
        <ele>2344.6</ele>
      </trkpt>
      <trkpt lat="46.859585" lon="9.178604">
        <ele>2344.4</ele>
      </trkpt>
      <trkpt lat="46.859575" lon="9.178571">
        <ele>2344.3</ele>
      </trkpt>
      <trkpt lat="46.859552" lon="9.178545">
        <ele>2343.7</ele>
      </trkpt>
      <trkpt lat="46.859523" lon="9.178523">
        <ele>2343.1</ele>
      </trkpt>
      <trkpt lat="46.859496" lon="9.178508">
        <ele>2342.6</ele>
      </trkpt>
      <trkpt lat="46.859478" lon="9.178489">
        <ele>2342.3</ele>
      </trkpt>
      <trkpt lat="46.859464" lon="9.178454">
        <ele>2342.2</ele>
      </trkpt>
      <trkpt lat="46.859451" lon="9.178417">
        <ele>2342.2</ele>
      </trkpt>
      <trkpt lat="46.859434" lon="9.178376">
        <ele>2342.0</ele>
      </trkpt>
      <trkpt lat="46.859419" lon="9.178333">
        <ele>2341.9</ele>
      </trkpt>
      <trkpt lat="46.859412" lon="9.178297">
        <ele>2342.1</ele>
      </trkpt>
      <trkpt lat="46.859407" lon="9.178261">
        <ele>2342.6</ele>
      </trkpt>
      <trkpt lat="46.859393" lon="9.178212">
        <ele>2342.8</ele>
      </trkpt>
      <trkpt lat="46.859381" lon="9.178165">
        <ele>2343.0</ele>
      </trkpt>
      <trkpt lat="46.859377" lon="9.178123">
        <ele>2343.5</ele>
      </trkpt>
      <trkpt lat="46.85937" lon="9.17809">
        <ele>2343.9</ele>
      </trkpt>
      <trkpt lat="46.859366" lon="9.178068">
        <ele>2344.2</ele>
      </trkpt>
      <trkpt lat="46.859371" lon="9.17804">
        <ele>2344.8</ele>
      </trkpt>
      <trkpt lat="46.859368" lon="9.178004">
        <ele>2345.5</ele>
      </trkpt>
      <trkpt lat="46.859362" lon="9.177983">
        <ele>2345.9</ele>
      </trkpt>
      <trkpt lat="46.85935" lon="9.177956">
        <ele>2345.9</ele>
      </trkpt>
      <trkpt lat="46.859339" lon="9.177936">
        <ele>2345.9</ele>
      </trkpt>
      <trkpt lat="46.859331" lon="9.177904">
        <ele>2345.6</ele>
      </trkpt>
      <trkpt lat="46.859324" lon="9.177875">
        <ele>2345.2</ele>
      </trkpt>
      <trkpt lat="46.859319" lon="9.177851">
        <ele>2345.0</ele>
      </trkpt>
      <trkpt lat="46.85932" lon="9.177833">
        <ele>2345.2</ele>
      </trkpt>
      <trkpt lat="46.859326" lon="9.177814">
        <ele>2345.5</ele>
      </trkpt>
      <trkpt lat="46.859322" lon="9.177797">
        <ele>2345.4</ele>
      </trkpt>
      <trkpt lat="46.859313" lon="9.177777">
        <ele>2345.0</ele>
      </trkpt>
      <trkpt lat="46.859306" lon="9.177758">
        <ele>2344.7</ele>
      </trkpt>
      <trkpt lat="46.859305" lon="9.177741">
        <ele>2344.7</ele>
      </trkpt>
      <trkpt lat="46.859307" lon="9.177727">
        <ele>2344.8</ele>
      </trkpt>
      <trkpt lat="46.859337" lon="9.177647">
        <ele>2346.0</ele>
      </trkpt>
      <trkpt lat="46.859351" lon="9.177621">
        <ele>2346.4</ele>
      </trkpt>
      <trkpt lat="46.859369" lon="9.177602">
        <ele>2347.1</ele>
      </trkpt>
      <trkpt lat="46.859383" lon="9.177588">
        <ele>2347.8</ele>
      </trkpt>
      <trkpt lat="46.859392" lon="9.177574">
        <ele>2348.1</ele>
      </trkpt>
      <trkpt lat="46.859397" lon="9.177542">
        <ele>2348.1</ele>
      </trkpt>
      <trkpt lat="46.859399" lon="9.177519">
        <ele>2348.2</ele>
      </trkpt>
      <trkpt lat="46.859386" lon="9.177489">
        <ele>2348.0</ele>
      </trkpt>
      <trkpt lat="46.859376" lon="9.177471">
        <ele>2347.9</ele>
      </trkpt>
      <trkpt lat="46.859352" lon="9.177453">
        <ele>2347.6</ele>
      </trkpt>
      <trkpt lat="46.859348" lon="9.17745">
        <ele>2347.5</ele>
      </trkpt>
      <trkpt lat="46.859338" lon="9.17744">
        <ele>2347.5</ele>
      </trkpt>
      <trkpt lat="46.859331" lon="9.177422">
        <ele>2347.6</ele>
      </trkpt>
      <trkpt lat="46.859327" lon="9.177403">
        <ele>2347.7</ele>
      </trkpt>
      <trkpt lat="46.859328" lon="9.177365">
        <ele>2348.1</ele>
      </trkpt>
      <trkpt lat="46.859327" lon="9.17734">
        <ele>2348.3</ele>
      </trkpt>
      <trkpt lat="46.859324" lon="9.177326">
        <ele>2348.5</ele>
      </trkpt>
      <trkpt lat="46.859311" lon="9.177307">
        <ele>2348.5</ele>
      </trkpt>
      <trkpt lat="46.859302" lon="9.177295">
        <ele>2348.6</ele>
      </trkpt>
      <trkpt lat="46.859302" lon="9.177252">
        <ele>2349.2</ele>
      </trkpt>
      <trkpt lat="46.859299" lon="9.177224">
        <ele>2349.5</ele>
      </trkpt>
      <trkpt lat="46.85929" lon="9.177176">
        <ele>2350.1</ele>
      </trkpt>
      <trkpt lat="46.859285" lon="9.177128">
        <ele>2350.5</ele>
      </trkpt>
      <trkpt lat="46.859278" lon="9.177058">
        <ele>2350.3</ele>
      </trkpt>
      <trkpt lat="46.859266" lon="9.176991">
        <ele>2350.6</ele>
      </trkpt>
      <trkpt lat="46.859259" lon="9.176957">
        <ele>2350.7</ele>
      </trkpt>
      <trkpt lat="46.859238" lon="9.17693">
        <ele>2350.7</ele>
      </trkpt>
      <trkpt lat="46.859212" lon="9.176909">
        <ele>2350.5</ele>
      </trkpt>
      <trkpt lat="46.859186" lon="9.176897">
        <ele>2350.5</ele>
      </trkpt>
      <trkpt lat="46.859168" lon="9.176883">
        <ele>2350.7</ele>
      </trkpt>
      <trkpt lat="46.859149" lon="9.176855">
        <ele>2351.1</ele>
      </trkpt>
      <trkpt lat="46.859139" lon="9.176827">
        <ele>2351.6</ele>
      </trkpt>
      <trkpt lat="46.859133" lon="9.176797">
        <ele>2352.0</ele>
      </trkpt>
      <trkpt lat="46.859132" lon="9.176772">
        <ele>2352.2</ele>
      </trkpt>
      <trkpt lat="46.859129" lon="9.176756">
        <ele>2352.3</ele>
      </trkpt>
      <trkpt lat="46.859116" lon="9.176741">
        <ele>2352.4</ele>
      </trkpt>
      <trkpt lat="46.859092" lon="9.176722">
        <ele>2352.4</ele>
      </trkpt>
      <trkpt lat="46.859071" lon="9.176709">
        <ele>2352.3</ele>
      </trkpt>
      <trkpt lat="46.859057" lon="9.176707">
        <ele>2352.2</ele>
      </trkpt>
      <trkpt lat="46.859043" lon="9.176702">
        <ele>2352.2</ele>
      </trkpt>
      <trkpt lat="46.859024" lon="9.176686">
        <ele>2352.3</ele>
      </trkpt>
      <trkpt lat="46.859009" lon="9.176663">
        <ele>2352.7</ele>
      </trkpt>
      <trkpt lat="46.858996" lon="9.176631">
        <ele>2353.2</ele>
      </trkpt>
      <trkpt lat="46.858985" lon="9.176619">
        <ele>2353.3</ele>
      </trkpt>
      <trkpt lat="46.858973" lon="9.176616">
        <ele>2353.3</ele>
      </trkpt>
      <trkpt lat="46.858959" lon="9.176617">
        <ele>2353.2</ele>
      </trkpt>
      <trkpt lat="46.858948" lon="9.176611">
        <ele>2353.3</ele>
      </trkpt>
      <trkpt lat="46.858931" lon="9.176598">
        <ele>2353.4</ele>
      </trkpt>
      <trkpt lat="46.858914" lon="9.1766">
        <ele>2353.4</ele>
      </trkpt>
      <trkpt lat="46.858897" lon="9.176602">
        <ele>2353.3</ele>
      </trkpt>
      <trkpt lat="46.858878" lon="9.176594">
        <ele>2353.6</ele>
      </trkpt>
      <trkpt lat="46.858849" lon="9.176584">
        <ele>2353.6</ele>
      </trkpt>
      <trkpt lat="46.858834" lon="9.176565">
        <ele>2353.8</ele>
      </trkpt>
      <trkpt lat="46.858814" lon="9.176535">
        <ele>2354.2</ele>
      </trkpt>
      <trkpt lat="46.858804" lon="9.176527">
        <ele>2354.3</ele>
      </trkpt>
      <trkpt lat="46.858779" lon="9.176531">
        <ele>2354.0</ele>
      </trkpt>
      <trkpt lat="46.858756" lon="9.17653">
        <ele>2354.0</ele>
      </trkpt>
      <trkpt lat="46.858733" lon="9.176525">
        <ele>2353.9</ele>
      </trkpt>
      <trkpt lat="46.858713" lon="9.176511">
        <ele>2354.3</ele>
      </trkpt>
      <trkpt lat="46.85869" lon="9.176493">
        <ele>2354.4</ele>
      </trkpt>
      <trkpt lat="46.85866" lon="9.176482">
        <ele>2354.0</ele>
      </trkpt>
      <trkpt lat="46.858616" lon="9.176454">
        <ele>2354.0</ele>
      </trkpt>
      <trkpt lat="46.858589" lon="9.176423">
        <ele>2354.0</ele>
      </trkpt>
      <trkpt lat="46.858565" lon="9.176389">
        <ele>2353.5</ele>
      </trkpt>
      <trkpt lat="46.858552" lon="9.176363">
        <ele>2352.8</ele>
      </trkpt>
      <trkpt lat="46.85854" lon="9.176336">
        <ele>2352.4</ele>
      </trkpt>
      <trkpt lat="46.858521" lon="9.176306">
        <ele>2352.1</ele>
      </trkpt>
      <trkpt lat="46.858506" lon="9.176275">
        <ele>2352.2</ele>
      </trkpt>
      <trkpt lat="46.858486" lon="9.176233">
        <ele>2352.4</ele>
      </trkpt>
      <trkpt lat="46.858474" lon="9.176193">
        <ele>2352.6</ele>
      </trkpt>
      <trkpt lat="46.858462" lon="9.176168">
        <ele>2352.6</ele>
      </trkpt>
      <trkpt lat="46.858448" lon="9.176142">
        <ele>2352.5</ele>
      </trkpt>
      <trkpt lat="46.858433" lon="9.176107">
        <ele>2352.6</ele>
      </trkpt>
      <trkpt lat="46.858422" lon="9.176087">
        <ele>2352.7</ele>
      </trkpt>
      <trkpt lat="46.858402" lon="9.176066">
        <ele>2352.6</ele>
      </trkpt>
      <trkpt lat="46.858374" lon="9.176036">
        <ele>2352.4</ele>
      </trkpt>
      <trkpt lat="46.858358" lon="9.176012">
        <ele>2352.5</ele>
      </trkpt>
      <trkpt lat="46.858343" lon="9.175984">
        <ele>2352.8</ele>
      </trkpt>
      <trkpt lat="46.858331" lon="9.175967">
        <ele>2352.9</ele>
      </trkpt>
      <trkpt lat="46.858319" lon="9.175942">
        <ele>2353.0</ele>
      </trkpt>
      <trkpt lat="46.85831" lon="9.175895">
        <ele>2353.7</ele>
      </trkpt>
      <trkpt lat="46.858302" lon="9.175846">
        <ele>2354.1</ele>
      </trkpt>
      <trkpt lat="46.85829" lon="9.175809">
        <ele>2353.9</ele>
      </trkpt>
      <trkpt lat="46.858283" lon="9.17577">
        <ele>2353.9</ele>
      </trkpt>
      <trkpt lat="46.858281" lon="9.175742">
        <ele>2354.1</ele>
      </trkpt>
      <trkpt lat="46.858274" lon="9.17572">
        <ele>2354.0</ele>
      </trkpt>
      <trkpt lat="46.858269" lon="9.175695">
        <ele>2353.8</ele>
      </trkpt>
      <trkpt lat="46.858265" lon="9.175673">
        <ele>2353.6</ele>
      </trkpt>
      <trkpt lat="46.858267" lon="9.175647">
        <ele>2353.7</ele>
      </trkpt>
      <trkpt lat="46.858267" lon="9.175624">
        <ele>2353.7</ele>
      </trkpt>
      <trkpt lat="46.858265" lon="9.175602">
        <ele>2353.8</ele>
      </trkpt>
      <trkpt lat="46.858259" lon="9.175588">
        <ele>2353.8</ele>
      </trkpt>
      <trkpt lat="46.85825" lon="9.175573">
        <ele>2353.7</ele>
      </trkpt>
      <trkpt lat="46.858239" lon="9.175562">
        <ele>2353.7</ele>
      </trkpt>
      <trkpt lat="46.858232" lon="9.175557">
        <ele>2353.6</ele>
      </trkpt>
      <trkpt lat="46.858224" lon="9.175543">
        <ele>2353.8</ele>
      </trkpt>
      <trkpt lat="46.858218" lon="9.175523">
        <ele>2354.2</ele>
      </trkpt>
      <trkpt lat="46.858206" lon="9.175495">
        <ele>2354.5</ele>
      </trkpt>
      <trkpt lat="46.858184" lon="9.175464">
        <ele>2354.6</ele>
      </trkpt>
      <trkpt lat="46.858172" lon="9.17544">
        <ele>2354.8</ele>
      </trkpt>
      <trkpt lat="46.858164" lon="9.175414">
        <ele>2355.0</ele>
      </trkpt>
      <trkpt lat="46.858159" lon="9.17538">
        <ele>2355.2</ele>
      </trkpt>
      <trkpt lat="46.858152" lon="9.175346">
        <ele>2355.3</ele>
      </trkpt>
      <trkpt lat="46.858141" lon="9.175325">
        <ele>2355.1</ele>
      </trkpt>
      <trkpt lat="46.858129" lon="9.175307">
        <ele>2354.9</ele>
      </trkpt>
      <trkpt lat="46.858115" lon="9.175293">
        <ele>2354.7</ele>
      </trkpt>
      <trkpt lat="46.858091" lon="9.175261">
        <ele>2354.5</ele>
      </trkpt>
      <trkpt lat="46.858067" lon="9.175231">
        <ele>2354.4</ele>
      </trkpt>
      <trkpt lat="46.858051" lon="9.175199">
        <ele>2354.4</ele>
      </trkpt>
      <trkpt lat="46.858038" lon="9.175157">
        <ele>2354.6</ele>
      </trkpt>
      <trkpt lat="46.85803" lon="9.175129">
        <ele>2354.9</ele>
      </trkpt>
      <trkpt lat="46.858022" lon="9.17511">
        <ele>2355.2</ele>
      </trkpt>
      <trkpt lat="46.858008" lon="9.175097">
        <ele>2355.4</ele>
      </trkpt>
      <trkpt lat="46.85799" lon="9.175086">
        <ele>2355.5</ele>
      </trkpt>
      <trkpt lat="46.857969" lon="9.17508">
        <ele>2355.5</ele>
      </trkpt>
      <trkpt lat="46.857947" lon="9.175072">
        <ele>2355.3</ele>
      </trkpt>
      <trkpt lat="46.857928" lon="9.17506">
        <ele>2355.0</ele>
      </trkpt>
      <trkpt lat="46.857916" lon="9.175045">
        <ele>2355.1</ele>
      </trkpt>
      <trkpt lat="46.857906" lon="9.175036">
        <ele>2355.1</ele>
      </trkpt>
      <trkpt lat="46.857883" lon="9.17503">
        <ele>2354.6</ele>
      </trkpt>
      <trkpt lat="46.857858" lon="9.175021">
        <ele>2354.5</ele>
      </trkpt>
      <trkpt lat="46.857837" lon="9.175014">
        <ele>2354.6</ele>
      </trkpt>
      <trkpt lat="46.857828" lon="9.175">
        <ele>2354.9</ele>
      </trkpt>
      <trkpt lat="46.857821" lon="9.174975">
        <ele>2355.3</ele>
      </trkpt>
      <trkpt lat="46.85781" lon="9.174961">
        <ele>2355.7</ele>
      </trkpt>
      <trkpt lat="46.857797" lon="9.174961">
        <ele>2355.9</ele>
      </trkpt>
      <trkpt lat="46.857759" lon="9.174973">
        <ele>2357.1</ele>
      </trkpt>
      <trkpt lat="46.857723" lon="9.174989">
        <ele>2358.1</ele>
      </trkpt>
      <trkpt lat="46.857684" lon="9.175023">
        <ele>2359.5</ele>
      </trkpt>
      <trkpt lat="46.85767" lon="9.175035">
        <ele>2360.1</ele>
      </trkpt>
      <trkpt lat="46.85766" lon="9.175054">
        <ele>2360.2</ele>
      </trkpt>
      <trkpt lat="46.857654" lon="9.17507">
        <ele>2360.3</ele>
      </trkpt>
      <trkpt lat="46.857637" lon="9.175093">
        <ele>2361.1</ele>
      </trkpt>
      <trkpt lat="46.857593" lon="9.175136">
        <ele>2363.5</ele>
      </trkpt>
      <trkpt lat="46.857563" lon="9.175157">
        <ele>2364.7</ele>
      </trkpt>
      <trkpt lat="46.857542" lon="9.175164">
        <ele>2365.4</ele>
      </trkpt>
      <trkpt lat="46.857519" lon="9.175158">
        <ele>2366.0</ele>
      </trkpt>
      <trkpt lat="46.857494" lon="9.175147">
        <ele>2366.7</ele>
      </trkpt>
      <trkpt lat="46.857482" lon="9.175131">
        <ele>2367.6</ele>
      </trkpt>
      <trkpt lat="46.857479" lon="9.175114">
        <ele>2368.3</ele>
      </trkpt>
      <trkpt lat="46.857483" lon="9.175092">
        <ele>2369.0</ele>
      </trkpt>
      <trkpt lat="46.857498" lon="9.175056">
        <ele>2369.8</ele>
      </trkpt>
      <trkpt lat="46.857505" lon="9.175004">
        <ele>2371.4</ele>
      </trkpt>
      <trkpt lat="46.857513" lon="9.174959">
        <ele>2372.5</ele>
      </trkpt>
      <trkpt lat="46.857514" lon="9.174935">
        <ele>2373.0</ele>
      </trkpt>
      <trkpt lat="46.857511" lon="9.174921">
        <ele>2373.4</ele>
      </trkpt>
      <trkpt lat="46.857492" lon="9.174919">
        <ele>2374.1</ele>
      </trkpt>
      <trkpt lat="46.857468" lon="9.174916">
        <ele>2374.6</ele>
      </trkpt>
      <trkpt lat="46.85744" lon="9.174903">
        <ele>2375.2</ele>
      </trkpt>
      <trkpt lat="46.857391" lon="9.174877">
        <ele>2375.2</ele>
      </trkpt>
      <trkpt lat="46.857362" lon="9.174853">
        <ele>2375.3</ele>
      </trkpt>
      <trkpt lat="46.857323" lon="9.174821">
        <ele>2375.3</ele>
      </trkpt>
      <trkpt lat="46.857297" lon="9.174795">
        <ele>2375.1</ele>
      </trkpt>
      <trkpt lat="46.857276" lon="9.174765">
        <ele>2374.8</ele>
      </trkpt>
      <trkpt lat="46.85726" lon="9.174731">
        <ele>2374.5</ele>
      </trkpt>
      <trkpt lat="46.857249" lon="9.174697">
        <ele>2374.1</ele>
      </trkpt>
      <trkpt lat="46.857238" lon="9.174674">
        <ele>2373.9</ele>
      </trkpt>
      <trkpt lat="46.857217" lon="9.174648">
        <ele>2373.6</ele>
      </trkpt>
      <trkpt lat="46.857192" lon="9.174628">
        <ele>2373.6</ele>
      </trkpt>
      <trkpt lat="46.857178" lon="9.174614">
        <ele>2373.8</ele>
      </trkpt>
      <trkpt lat="46.857162" lon="9.174599">
        <ele>2374.1</ele>
      </trkpt>
      <trkpt lat="46.857118" lon="9.174592">
        <ele>2374.6</ele>
      </trkpt>
      <trkpt lat="46.857103" lon="9.174597">
        <ele>2374.9</ele>
      </trkpt>
      <trkpt lat="46.857088" lon="9.174608">
        <ele>2375.1</ele>
      </trkpt>
      <trkpt lat="46.857063" lon="9.174617">
        <ele>2375.6</ele>
      </trkpt>
      <trkpt lat="46.857024" lon="9.174621">
        <ele>2375.8</ele>
      </trkpt>
      <trkpt lat="46.856999" lon="9.174617">
        <ele>2376.0</ele>
      </trkpt>
      <trkpt lat="46.856971" lon="9.174599">
        <ele>2376.4</ele>
      </trkpt>
      <trkpt lat="46.85694" lon="9.174571">
        <ele>2377.0</ele>
      </trkpt>
      <trkpt lat="46.856912" lon="9.174522">
        <ele>2377.4</ele>
      </trkpt>
      <trkpt lat="46.856894" lon="9.174493">
        <ele>2377.2</ele>
      </trkpt>
      <trkpt lat="46.85687" lon="9.174456">
        <ele>2377.0</ele>
      </trkpt>
      <trkpt lat="46.856839" lon="9.174416">
        <ele>2377.0</ele>
      </trkpt>
      <trkpt lat="46.856789" lon="9.174364">
        <ele>2376.9</ele>
      </trkpt>
      <trkpt lat="46.856769" lon="9.174344">
        <ele>2376.7</ele>
      </trkpt>
      <trkpt lat="46.85675" lon="9.174312">
        <ele>2376.6</ele>
      </trkpt>
      <trkpt lat="46.856738" lon="9.174276">
        <ele>2376.6</ele>
      </trkpt>
      <trkpt lat="46.856729" lon="9.174258">
        <ele>2376.6</ele>
      </trkpt>
      <trkpt lat="46.856709" lon="9.174233">
        <ele>2376.3</ele>
      </trkpt>
      <trkpt lat="46.856696" lon="9.174211">
        <ele>2376.5</ele>
      </trkpt>
      <trkpt lat="46.856678" lon="9.174193">
        <ele>2376.7</ele>
      </trkpt>
      <trkpt lat="46.856633" lon="9.174137">
        <ele>2376.7</ele>
      </trkpt>
      <trkpt lat="46.856591" lon="9.174094">
        <ele>2376.2</ele>
      </trkpt>
      <trkpt lat="46.856568" lon="9.174068">
        <ele>2376.1</ele>
      </trkpt>
      <trkpt lat="46.856545" lon="9.174028">
        <ele>2376.2</ele>
      </trkpt>
      <trkpt lat="46.856537" lon="9.174014">
        <ele>2376.2</ele>
      </trkpt>
      <trkpt lat="46.856527" lon="9.174002">
        <ele>2376.3</ele>
      </trkpt>
      <trkpt lat="46.856512" lon="9.173994">
        <ele>2376.3</ele>
      </trkpt>
      <trkpt lat="46.856489" lon="9.173995">
        <ele>2376.5</ele>
      </trkpt>
      <trkpt lat="46.856457" lon="9.173998">
        <ele>2376.5</ele>
      </trkpt>
      <trkpt lat="46.856439" lon="9.173993">
        <ele>2376.6</ele>
      </trkpt>
      <trkpt lat="46.856427" lon="9.17398">
        <ele>2376.8</ele>
      </trkpt>
      <trkpt lat="46.856424" lon="9.17396">
        <ele>2377.2</ele>
      </trkpt>
      <trkpt lat="46.856429" lon="9.173943">
        <ele>2377.6</ele>
      </trkpt>
      <trkpt lat="46.856437" lon="9.173931">
        <ele>2377.9</ele>
      </trkpt>
      <trkpt lat="46.856443" lon="9.173914">
        <ele>2378.3</ele>
      </trkpt>
      <trkpt lat="46.856442" lon="9.173904">
        <ele>2378.4</ele>
      </trkpt>
      <trkpt lat="46.856432" lon="9.173886">
        <ele>2378.3</ele>
      </trkpt>
      <trkpt lat="46.85643" lon="9.173859">
        <ele>2378.4</ele>
      </trkpt>
      <trkpt lat="46.85643" lon="9.173827">
        <ele>2378.5</ele>
      </trkpt>
      <trkpt lat="46.856435" lon="9.173776">
        <ele>2379.4</ele>
      </trkpt>
      <trkpt lat="46.856437" lon="9.173746">
        <ele>2380.1</ele>
      </trkpt>
      <trkpt lat="46.856433" lon="9.173724">
        <ele>2380.1</ele>
      </trkpt>
      <trkpt lat="46.856425" lon="9.173676">
        <ele>2380.1</ele>
      </trkpt>
      <trkpt lat="46.85642" lon="9.173628">
        <ele>2380.4</ele>
      </trkpt>
      <trkpt lat="46.856421" lon="9.1736">
        <ele>2380.7</ele>
      </trkpt>
      <trkpt lat="46.856426" lon="9.173569">
        <ele>2381.3</ele>
      </trkpt>
      <trkpt lat="46.856422" lon="9.173546">
        <ele>2381.4</ele>
      </trkpt>
      <trkpt lat="46.856416" lon="9.173514">
        <ele>2381.5</ele>
      </trkpt>
      <trkpt lat="46.856409" lon="9.173465">
        <ele>2381.8</ele>
      </trkpt>
      <trkpt lat="46.856398" lon="9.173423">
        <ele>2382.0</ele>
      </trkpt>
      <trkpt lat="46.856391" lon="9.173383">
        <ele>2381.9</ele>
      </trkpt>
      <trkpt lat="46.85638" lon="9.173324">
        <ele>2381.4</ele>
      </trkpt>
      <trkpt lat="46.856376" lon="9.173296">
        <ele>2381.1</ele>
      </trkpt>
      <trkpt lat="46.856378" lon="9.173275">
        <ele>2381.0</ele>
      </trkpt>
      <trkpt lat="46.8564" lon="9.173221">
        <ele>2382.7</ele>
      </trkpt>
      <trkpt lat="46.856402" lon="9.173181">
        <ele>2382.8</ele>
      </trkpt>
      <trkpt lat="46.856412" lon="9.173142">
        <ele>2383.2</ele>
      </trkpt>
      <trkpt lat="46.856418" lon="9.173099">
        <ele>2383.4</ele>
      </trkpt>
      <trkpt lat="46.85642" lon="9.173058">
        <ele>2383.5</ele>
      </trkpt>
      <trkpt lat="46.856422" lon="9.173013">
        <ele>2383.3</ele>
      </trkpt>
      <trkpt lat="46.856426" lon="9.172974">
        <ele>2383.5</ele>
      </trkpt>
      <trkpt lat="46.856435" lon="9.172936">
        <ele>2383.6</ele>
      </trkpt>
      <trkpt lat="46.856439" lon="9.172917">
        <ele>2383.7</ele>
      </trkpt>
      <trkpt lat="46.856442" lon="9.172886">
        <ele>2383.6</ele>
      </trkpt>
      <trkpt lat="46.856446" lon="9.172858">
        <ele>2383.8</ele>
      </trkpt>
      <trkpt lat="46.856458" lon="9.172832">
        <ele>2384.4</ele>
      </trkpt>
      <trkpt lat="46.85646" lon="9.172815">
        <ele>2384.5</ele>
      </trkpt>
      <trkpt lat="46.856464" lon="9.172799">
        <ele>2384.6</ele>
      </trkpt>
      <trkpt lat="46.856479" lon="9.172771">
        <ele>2385.1</ele>
      </trkpt>
      <trkpt lat="46.856491" lon="9.172745">
        <ele>2385.4</ele>
      </trkpt>
      <trkpt lat="46.856502" lon="9.172708">
        <ele>2385.6</ele>
      </trkpt>
      <trkpt lat="46.85651" lon="9.172677">
        <ele>2385.8</ele>
      </trkpt>
      <trkpt lat="46.856527" lon="9.172649">
        <ele>2386.4</ele>
      </trkpt>
      <trkpt lat="46.856539" lon="9.172624">
        <ele>2386.8</ele>
      </trkpt>
      <trkpt lat="46.856545" lon="9.172595">
        <ele>2386.8</ele>
      </trkpt>
      <trkpt lat="46.856548" lon="9.172558">
        <ele>2387.0</ele>
      </trkpt>
      <trkpt lat="46.856549" lon="9.172525">
        <ele>2387.0</ele>
      </trkpt>
      <trkpt lat="46.856559" lon="9.172476">
        <ele>2387.5</ele>
      </trkpt>
      <trkpt lat="46.85657" lon="9.172445">
        <ele>2387.8</ele>
      </trkpt>
      <trkpt lat="46.856579" lon="9.172416">
        <ele>2388.0</ele>
      </trkpt>
      <trkpt lat="46.856574" lon="9.172399">
        <ele>2388.0</ele>
      </trkpt>
      <trkpt lat="46.856561" lon="9.172386">
        <ele>2387.9</ele>
      </trkpt>
      <trkpt lat="46.856538" lon="9.172385">
        <ele>2388.0</ele>
      </trkpt>
      <trkpt lat="46.856531" lon="9.172373">
        <ele>2388.2</ele>
      </trkpt>
      <trkpt lat="46.856532" lon="9.17236">
        <ele>2388.5</ele>
      </trkpt>
      <trkpt lat="46.856539" lon="9.172339">
        <ele>2389.0</ele>
      </trkpt>
      <trkpt lat="46.856539" lon="9.172316">
        <ele>2389.6</ele>
      </trkpt>
      <trkpt lat="46.856529" lon="9.172257">
        <ele>2391.4</ele>
      </trkpt>
      <trkpt lat="46.856514" lon="9.172197">
        <ele>2393.4</ele>
      </trkpt>
      <trkpt lat="46.856508" lon="9.172173">
        <ele>2394.2</ele>
      </trkpt>
      <trkpt lat="46.856498" lon="9.172162">
        <ele>2394.7</ele>
      </trkpt>
      <trkpt lat="46.856479" lon="9.172152">
        <ele>2395.1</ele>
      </trkpt>
      <trkpt lat="46.856468" lon="9.172146">
        <ele>2395.3</ele>
      </trkpt>
      <trkpt lat="46.856448" lon="9.17213">
        <ele>2395.7</ele>
      </trkpt>
      <trkpt lat="46.856438" lon="9.172108">
        <ele>2396.0</ele>
      </trkpt>
      <trkpt lat="46.856433" lon="9.172065">
        <ele>2396.6</ele>
      </trkpt>
      <trkpt lat="46.85643" lon="9.172024">
        <ele>2397.1</ele>
      </trkpt>
      <trkpt lat="46.856434" lon="9.171964">
        <ele>2398.0</ele>
      </trkpt>
      <trkpt lat="46.856429" lon="9.171891">
        <ele>2399.1</ele>
      </trkpt>
      <trkpt lat="46.856424" lon="9.171849">
        <ele>2399.3</ele>
      </trkpt>
      <trkpt lat="46.856422" lon="9.1718">
        <ele>2399.4</ele>
      </trkpt>
      <trkpt lat="46.856418" lon="9.171759">
        <ele>2400.0</ele>
      </trkpt>
      <trkpt lat="46.856407" lon="9.171725">
        <ele>2400.1</ele>
      </trkpt>
      <trkpt lat="46.856395" lon="9.171701">
        <ele>2399.9</ele>
      </trkpt>
      <trkpt lat="46.856382" lon="9.171681">
        <ele>2399.8</ele>
      </trkpt>
      <trkpt lat="46.856362" lon="9.171652">
        <ele>2399.8</ele>
      </trkpt>
      <trkpt lat="46.85635" lon="9.171631">
        <ele>2400.2</ele>
      </trkpt>
      <trkpt lat="46.856338" lon="9.171602">
        <ele>2400.6</ele>
      </trkpt>
      <trkpt lat="46.856324" lon="9.171566">
        <ele>2400.9</ele>
      </trkpt>
      <trkpt lat="46.856314" lon="9.171536">
        <ele>2401.2</ele>
      </trkpt>
      <trkpt lat="46.856309" lon="9.171511">
        <ele>2401.5</ele>
      </trkpt>
      <trkpt lat="46.85631" lon="9.171482">
        <ele>2402.0</ele>
      </trkpt>
      <trkpt lat="46.856314" lon="9.171451">
        <ele>2402.6</ele>
      </trkpt>
      <trkpt lat="46.856318" lon="9.171409">
        <ele>2403.0</ele>
      </trkpt>
      <trkpt lat="46.85632" lon="9.171387">
        <ele>2403.0</ele>
      </trkpt>
      <trkpt lat="46.856313" lon="9.171367">
        <ele>2402.6</ele>
      </trkpt>
      <trkpt lat="46.856313" lon="9.171351">
        <ele>2402.6</ele>
      </trkpt>
      <trkpt lat="46.856313" lon="9.171329">
        <ele>2402.7</ele>
      </trkpt>
      <trkpt lat="46.856313" lon="9.171306">
        <ele>2402.8</ele>
      </trkpt>
      <trkpt lat="46.85631" lon="9.171295">
        <ele>2402.9</ele>
      </trkpt>
      <trkpt lat="46.856301" lon="9.17128">
        <ele>2402.7</ele>
      </trkpt>
      <trkpt lat="46.856292" lon="9.171261">
        <ele>2402.6</ele>
      </trkpt>
      <trkpt lat="46.856282" lon="9.171225">
        <ele>2402.1</ele>
      </trkpt>
      <trkpt lat="46.856274" lon="9.171191">
        <ele>2402.2</ele>
      </trkpt>
      <trkpt lat="46.856266" lon="9.171158">
        <ele>2402.3</ele>
      </trkpt>
      <trkpt lat="46.856252" lon="9.171136">
        <ele>2402.4</ele>
      </trkpt>
      <trkpt lat="46.856241" lon="9.171135">
        <ele>2402.2</ele>
      </trkpt>
      <trkpt lat="46.856231" lon="9.171138">
        <ele>2401.9</ele>
      </trkpt>
      <trkpt lat="46.856223" lon="9.171137">
        <ele>2401.7</ele>
      </trkpt>
      <trkpt lat="46.856212" lon="9.171129">
        <ele>2401.7</ele>
      </trkpt>
      <trkpt lat="46.856205" lon="9.171115">
        <ele>2402.0</ele>
      </trkpt>
      <trkpt lat="46.856199" lon="9.171086">
        <ele>2402.8</ele>
      </trkpt>
      <trkpt lat="46.856188" lon="9.171049">
        <ele>2403.0</ele>
      </trkpt>
      <trkpt lat="46.856173" lon="9.171009">
        <ele>2403.1</ele>
      </trkpt>
      <trkpt lat="46.85616" lon="9.17098">
        <ele>2403.1</ele>
      </trkpt>
      <trkpt lat="46.856151" lon="9.170952">
        <ele>2403.0</ele>
      </trkpt>
      <trkpt lat="46.856142" lon="9.170924">
        <ele>2402.8</ele>
      </trkpt>
      <trkpt lat="46.856133" lon="9.170902">
        <ele>2402.5</ele>
      </trkpt>
      <trkpt lat="46.856116" lon="9.170883">
        <ele>2401.9</ele>
      </trkpt>
      <trkpt lat="46.856105" lon="9.170869">
        <ele>2401.4</ele>
      </trkpt>
      <trkpt lat="46.856099" lon="9.170852">
        <ele>2401.2</ele>
      </trkpt>
      <trkpt lat="46.856098" lon="9.170837">
        <ele>2401.2</ele>
      </trkpt>
      <trkpt lat="46.856102" lon="9.170814">
        <ele>2401.4</ele>
      </trkpt>
      <trkpt lat="46.856102" lon="9.170792">
        <ele>2401.4</ele>
      </trkpt>
      <trkpt lat="46.856096" lon="9.170767">
        <ele>2401.2</ele>
      </trkpt>
      <trkpt lat="46.856093" lon="9.170747">
        <ele>2401.2</ele>
      </trkpt>
      <trkpt lat="46.856092" lon="9.170725">
        <ele>2401.2</ele>
      </trkpt>
      <trkpt lat="46.856089" lon="9.170702">
        <ele>2401.1</ele>
      </trkpt>
      <trkpt lat="46.856077" lon="9.170687">
        <ele>2400.9</ele>
      </trkpt>
      <trkpt lat="46.856066" lon="9.170685">
        <ele>2400.7</ele>
      </trkpt>
      <trkpt lat="46.856057" lon="9.170687">
        <ele>2400.6</ele>
      </trkpt>
      <trkpt lat="46.856046" lon="9.170696">
        <ele>2400.4</ele>
      </trkpt>
      <trkpt lat="46.856034" lon="9.170709">
        <ele>2400.2</ele>
      </trkpt>
      <trkpt lat="46.856017" lon="9.170708">
        <ele>2400.0</ele>
      </trkpt>
      <trkpt lat="46.856001" lon="9.170694">
        <ele>2400.0</ele>
      </trkpt>
      <trkpt lat="46.855986" lon="9.170679">
        <ele>2400.0</ele>
      </trkpt>
      <trkpt lat="46.855973" lon="9.170659">
        <ele>2399.9</ele>
      </trkpt>
      <trkpt lat="46.855961" lon="9.170626">
        <ele>2399.9</ele>
      </trkpt>
      <trkpt lat="46.855954" lon="9.1706">
        <ele>2400.0</ele>
      </trkpt>
      <trkpt lat="46.855946" lon="9.170576">
        <ele>2400.0</ele>
      </trkpt>
      <trkpt lat="46.855932" lon="9.170556">
        <ele>2399.8</ele>
      </trkpt>
      <trkpt lat="46.85591" lon="9.170537">
        <ele>2399.5</ele>
      </trkpt>
      <trkpt lat="46.85589" lon="9.170521">
        <ele>2399.2</ele>
      </trkpt>
      <trkpt lat="46.855877" lon="9.170499">
        <ele>2399.0</ele>
      </trkpt>
      <trkpt lat="46.855862" lon="9.170471">
        <ele>2398.8</ele>
      </trkpt>
      <trkpt lat="46.855856" lon="9.170443">
        <ele>2398.7</ele>
      </trkpt>
      <trkpt lat="46.855856" lon="9.17042">
        <ele>2398.5</ele>
      </trkpt>
      <trkpt lat="46.855859" lon="9.170398">
        <ele>2398.4</ele>
      </trkpt>
      <trkpt lat="46.855857" lon="9.170382">
        <ele>2398.4</ele>
      </trkpt>
      <trkpt lat="46.855846" lon="9.170366">
        <ele>2398.2</ele>
      </trkpt>
      <trkpt lat="46.855834" lon="9.17034">
        <ele>2398.2</ele>
      </trkpt>
      <trkpt lat="46.855824" lon="9.1703">
        <ele>2398.4</ele>
      </trkpt>
      <trkpt lat="46.85582" lon="9.170278">
        <ele>2398.5</ele>
      </trkpt>
      <trkpt lat="46.855821" lon="9.170239">
        <ele>2398.9</ele>
      </trkpt>
      <trkpt lat="46.855823" lon="9.170207">
        <ele>2399.5</ele>
      </trkpt>
      <trkpt lat="46.855817" lon="9.17018">
        <ele>2399.8</ele>
      </trkpt>
      <trkpt lat="46.855807" lon="9.170162">
        <ele>2399.9</ele>
      </trkpt>
      <trkpt lat="46.855795" lon="9.170149">
        <ele>2400.0</ele>
      </trkpt>
      <trkpt lat="46.855783" lon="9.170133">
        <ele>2399.9</ele>
      </trkpt>
      <trkpt lat="46.855771" lon="9.170099">
        <ele>2400.1</ele>
      </trkpt>
      <trkpt lat="46.85576" lon="9.170063">
        <ele>2399.8</ele>
      </trkpt>
      <trkpt lat="46.855757" lon="9.170034">
        <ele>2399.6</ele>
      </trkpt>
      <trkpt lat="46.855759" lon="9.169988">
        <ele>2399.6</ele>
      </trkpt>
      <trkpt lat="46.855767" lon="9.169941">
        <ele>2400.1</ele>
      </trkpt>
      <trkpt lat="46.855771" lon="9.169903">
        <ele>2400.7</ele>
      </trkpt>
      <trkpt lat="46.85577" lon="9.169881">
        <ele>2401.2</ele>
      </trkpt>
      <trkpt lat="46.855764" lon="9.169866">
        <ele>2401.8</ele>
      </trkpt>
      <trkpt lat="46.855751" lon="9.169863">
        <ele>2402.0</ele>
      </trkpt>
      <trkpt lat="46.855721" lon="9.169875">
        <ele>2402.1</ele>
      </trkpt>
      <trkpt lat="46.855702" lon="9.169881">
        <ele>2402.2</ele>
      </trkpt>
      <trkpt lat="46.855685" lon="9.169879">
        <ele>2402.8</ele>
      </trkpt>
      <trkpt lat="46.855678" lon="9.169887">
        <ele>2402.5</ele>
      </trkpt>
      <trkpt lat="46.855663" lon="9.169905">
        <ele>2402.4</ele>
      </trkpt>
      <trkpt lat="46.855647" lon="9.16991">
        <ele>2402.9</ele>
      </trkpt>
      <trkpt lat="46.85563" lon="9.169903">
        <ele>2403.4</ele>
      </trkpt>
      <trkpt lat="46.855617" lon="9.16988">
        <ele>2403.7</ele>
      </trkpt>
      <trkpt lat="46.855604" lon="9.16986">
        <ele>2404.0</ele>
      </trkpt>
      <trkpt lat="46.855576" lon="9.169829">
        <ele>2404.7</ele>
      </trkpt>
      <trkpt lat="46.855566" lon="9.169819">
        <ele>2405.1</ele>
      </trkpt>
      <trkpt lat="46.855542" lon="9.169815">
        <ele>2405.2</ele>
      </trkpt>
      <trkpt lat="46.855511" lon="9.169821">
        <ele>2405.1</ele>
      </trkpt>
      <trkpt lat="46.855496" lon="9.169858">
        <ele>2404.0</ele>
      </trkpt>
      <trkpt lat="46.855467" lon="9.16991">
        <ele>2401.7</ele>
      </trkpt>
      <trkpt lat="46.855447" lon="9.16992">
        <ele>2401.0</ele>
      </trkpt>
      <trkpt lat="46.855443" lon="9.169944">
        <ele>2400.4</ele>
      </trkpt>
      <trkpt lat="46.855423" lon="9.16998">
        <ele>2399.3</ele>
      </trkpt>
      <trkpt lat="46.855393" lon="9.170007">
        <ele>2398.7</ele>
      </trkpt>
      <trkpt lat="46.85539" lon="9.170049">
        <ele>2397.0</ele>
      </trkpt>
      <trkpt lat="46.855383" lon="9.170077">
        <ele>2395.2</ele>
      </trkpt>
      <trkpt lat="46.855369" lon="9.170101">
        <ele>2393.9</ele>
      </trkpt>
      <trkpt lat="46.855355" lon="9.170111">
        <ele>2393.7</ele>
      </trkpt>
      <trkpt lat="46.855352" lon="9.170133">
        <ele>2393.0</ele>
      </trkpt>
      <trkpt lat="46.855318" lon="9.170158">
        <ele>2392.0</ele>
      </trkpt>
      <trkpt lat="46.855301" lon="9.17014">
        <ele>2391.8</ele>
      </trkpt>
      <trkpt lat="46.855293" lon="9.170137">
        <ele>2391.7</ele>
      </trkpt>
      <trkpt lat="46.855283" lon="9.170148">
        <ele>2391.1</ele>
      </trkpt>
      <trkpt lat="46.855277" lon="9.170163">
        <ele>2390.3</ele>
      </trkpt>
      <trkpt lat="46.855261" lon="9.170166">
        <ele>2389.7</ele>
      </trkpt>
      <trkpt lat="46.855238" lon="9.170143">
        <ele>2388.6</ele>
      </trkpt>
      <trkpt lat="46.855211" lon="9.170113">
        <ele>2387.9</ele>
      </trkpt>
      <trkpt lat="46.855196" lon="9.170094">
        <ele>2387.7</ele>
      </trkpt>
      <trkpt lat="46.855168" lon="9.170077">
        <ele>2387.0</ele>
      </trkpt>
      <trkpt lat="46.855144" lon="9.170054">
        <ele>2386.5</ele>
      </trkpt>
      <trkpt lat="46.855132" lon="9.170035">
        <ele>2386.3</ele>
      </trkpt>
      <trkpt lat="46.855088" lon="9.169912">
        <ele>2385.6</ele>
      </trkpt>
      <trkpt lat="46.855062" lon="9.169848">
        <ele>2385.4</ele>
      </trkpt>
      <trkpt lat="46.855036" lon="9.169782">
        <ele>2385.7</ele>
      </trkpt>
      <trkpt lat="46.855023" lon="9.169757">
        <ele>2385.9</ele>
      </trkpt>
      <trkpt lat="46.854978" lon="9.169701">
        <ele>2386.2</ele>
      </trkpt>
      <trkpt lat="46.854937" lon="9.169658">
        <ele>2386.2</ele>
      </trkpt>
      <trkpt lat="46.854906" lon="9.169627">
        <ele>2386.2</ele>
      </trkpt>
      <trkpt lat="46.854885" lon="9.169596">
        <ele>2385.8</ele>
      </trkpt>
      <trkpt lat="46.854868" lon="9.169556">
        <ele>2385.4</ele>
      </trkpt>
      <trkpt lat="46.854857" lon="9.169506">
        <ele>2385.1</ele>
      </trkpt>
      <trkpt lat="46.854854" lon="9.169462">
        <ele>2384.9</ele>
      </trkpt>
      <trkpt lat="46.854857" lon="9.169411">
        <ele>2384.9</ele>
      </trkpt>
      <trkpt lat="46.854856" lon="9.169382">
        <ele>2384.9</ele>
      </trkpt>
      <trkpt lat="46.854851" lon="9.16935">
        <ele>2384.7</ele>
      </trkpt>
      <trkpt lat="46.854851" lon="9.169331">
        <ele>2384.6</ele>
      </trkpt>
      <trkpt lat="46.854849" lon="9.169296">
        <ele>2384.3</ele>
      </trkpt>
      <trkpt lat="46.854843" lon="9.169264">
        <ele>2383.9</ele>
      </trkpt>
      <trkpt lat="46.854832" lon="9.169228">
        <ele>2383.4</ele>
      </trkpt>
      <trkpt lat="46.85482" lon="9.169172">
        <ele>2383.0</ele>
      </trkpt>
      <trkpt lat="46.854804" lon="9.169119">
        <ele>2382.2</ele>
      </trkpt>
      <trkpt lat="46.854798" lon="9.169087">
        <ele>2381.8</ele>
      </trkpt>
      <trkpt lat="46.8548" lon="9.169029">
        <ele>2381.8</ele>
      </trkpt>
      <trkpt lat="46.854801" lon="9.168979">
        <ele>2381.8</ele>
      </trkpt>
      <trkpt lat="46.854793" lon="9.168945">
        <ele>2381.7</ele>
      </trkpt>
      <trkpt lat="46.854776" lon="9.168905">
        <ele>2381.0</ele>
      </trkpt>
      <trkpt lat="46.854763" lon="9.168864">
        <ele>2380.7</ele>
      </trkpt>
      <trkpt lat="46.854751" lon="9.168842">
        <ele>2380.3</ele>
      </trkpt>
      <trkpt lat="46.854745" lon="9.168855">
        <ele>2380.1</ele>
      </trkpt>
      <trkpt lat="46.854739" lon="9.168849">
        <ele>2379.9</ele>
      </trkpt>
      <trkpt lat="46.854716" lon="9.16886">
        <ele>2379.1</ele>
      </trkpt>
      <trkpt lat="46.854707" lon="9.16888">
        <ele>2378.7</ele>
      </trkpt>
      <trkpt lat="46.854684" lon="9.168878">
        <ele>2378.7</ele>
      </trkpt>
      <trkpt lat="46.85461" lon="9.168872">
        <ele>2380.9</ele>
      </trkpt>
      <trkpt lat="46.854376" lon="9.168822">
        <ele>2381.8</ele>
      </trkpt>
      <trkpt lat="46.854244" lon="9.168761">
        <ele>2382.6</ele>
      </trkpt>
      <trkpt lat="46.853878" lon="9.168557">
        <ele>2381.2</ele>
      </trkpt>
      <trkpt lat="46.853766" lon="9.16856">
        <ele>2381.1</ele>
      </trkpt>
      <trkpt lat="46.853691" lon="9.168508">
        <ele>2383.3</ele>
      </trkpt>
      <trkpt lat="46.853529" lon="9.168481">
        <ele>2383.7</ele>
      </trkpt>
      <trkpt lat="46.853298" lon="9.168578">
        <ele>2382.8</ele>
      </trkpt>
      <trkpt lat="46.853191" lon="9.168616">
        <ele>2383.6</ele>
      </trkpt>
      <trkpt lat="46.853186" lon="9.168626">
        <ele>2383.6</ele>
      </trkpt>
      <trkpt lat="46.853168" lon="9.168652">
        <ele>2383.7</ele>
      </trkpt>
      <trkpt lat="46.853126" lon="9.168905">
        <ele>2382.0</ele>
      </trkpt>
      <trkpt lat="46.853027" lon="9.169291">
        <ele>2377.7</ele>
      </trkpt>
      <trkpt lat="46.852928" lon="9.169678">
        <ele>2376.5</ele>
      </trkpt>
      <trkpt lat="46.852719" lon="9.170252">
        <ele>2375.4</ele>
      </trkpt>
      <trkpt lat="46.85251" lon="9.170826">
        <ele>2377.6</ele>
      </trkpt>
      <trkpt lat="46.852242" lon="9.171335">
        <ele>2383.4</ele>
      </trkpt>
      <trkpt lat="46.851975" lon="9.171845">
        <ele>2387.1</ele>
      </trkpt>
      <trkpt lat="46.851743" lon="9.172124">
        <ele>2394.4</ele>
      </trkpt>
      <trkpt lat="46.851512" lon="9.172403">
        <ele>2401.5</ele>
      </trkpt>
      <trkpt lat="46.85127" lon="9.172929">
        <ele>2405.9</ele>
      </trkpt>
      <trkpt lat="46.85105" lon="9.173175">
        <ele>2411.4</ele>
      </trkpt>
      <trkpt lat="46.850887" lon="9.173319">
        <ele>2415.1</ele>
      </trkpt>
      <trkpt lat="46.85083" lon="9.173368">
        <ele>2416.4</ele>
      </trkpt>
      <trkpt lat="46.850727" lon="9.173744">
        <ele>2415.8</ele>
      </trkpt>
      <trkpt lat="46.850529" lon="9.174238">
        <ele>2432.5</ele>
      </trkpt>
      <trkpt lat="46.850412" lon="9.174001">
        <ele>2437.6</ele>
      </trkpt>
      <trkpt lat="46.850309" lon="9.173508">
        <ele>2447.8</ele>
      </trkpt>
      <trkpt lat="46.850162" lon="9.17324">
        <ele>2456.6</ele>
      </trkpt>
      <trkpt lat="46.849949" lon="9.173132">
        <ele>2460.2</ele>
      </trkpt>
      <trkpt lat="46.849662" lon="9.173135">
        <ele>2462.5</ele>
      </trkpt>
      <trkpt lat="46.849604" lon="9.173217">
        <ele>2462.8</ele>
      </trkpt>
      <trkpt lat="46.849514" lon="9.173133">
        <ele>2463.8</ele>
      </trkpt>
      <trkpt lat="46.849417" lon="9.173118">
        <ele>2465.0</ele>
      </trkpt>
      <trkpt lat="46.849313" lon="9.173067">
        <ele>2465.7</ele>
      </trkpt>
      <trkpt lat="46.849112" lon="9.173186">
        <ele>2463.7</ele>
      </trkpt>
      <trkpt lat="46.849052" lon="9.173336">
        <ele>2464.3</ele>
      </trkpt>
      <trkpt lat="46.848904" lon="9.173589">
        <ele>2463.8</ele>
      </trkpt>
      <trkpt lat="46.848876" lon="9.173686">
        <ele>2463.1</ele>
      </trkpt>
      <trkpt lat="46.848822" lon="9.173736">
        <ele>2462.0</ele>
      </trkpt>
      <trkpt lat="46.848758" lon="9.173898">
        <ele>2461.8</ele>
      </trkpt>
      <trkpt lat="46.848544" lon="9.174191">
        <ele>2460.8</ele>
      </trkpt>
      <trkpt lat="46.848429" lon="9.174261">
        <ele>2458.7</ele>
      </trkpt>
      <trkpt lat="46.848194" lon="9.174668">
        <ele>2456.3</ele>
      </trkpt>
      <trkpt lat="46.848049" lon="9.175085">
        <ele>2450.4</ele>
      </trkpt>
      <trkpt lat="46.848041" lon="9.175159">
        <ele>2449.4</ele>
      </trkpt>
      <trkpt lat="46.847998" lon="9.175191">
        <ele>2447.9</ele>
      </trkpt>
      <trkpt lat="46.847941" lon="9.1751">
        <ele>2446.2</ele>
      </trkpt>
      <trkpt lat="46.84786" lon="9.175257">
        <ele>2440.5</ele>
      </trkpt>
      <trkpt lat="46.84781" lon="9.175186">
        <ele>2438.1</ele>
      </trkpt>
      <trkpt lat="46.847756" lon="9.175233">
        <ele>2436.2</ele>
      </trkpt>
      <trkpt lat="46.84763" lon="9.175278">
        <ele>2432.6</ele>
      </trkpt>
      <trkpt lat="46.847553" lon="9.175262">
        <ele>2431.3</ele>
      </trkpt>
      <trkpt lat="46.847475" lon="9.17532">
        <ele>2429.5</ele>
      </trkpt>
      <trkpt lat="46.847352" lon="9.175325">
        <ele>2427.1</ele>
      </trkpt>
      <trkpt lat="46.847234" lon="9.175387">
        <ele>2425.8</ele>
      </trkpt>
      <trkpt lat="46.847049" lon="9.175558">
        <ele>2427.2</ele>
      </trkpt>
      <trkpt lat="46.846905" lon="9.175575">
        <ele>2427.7</ele>
      </trkpt>
      <trkpt lat="46.846797" lon="9.175628">
        <ele>2428.5</ele>
      </trkpt>
      <trkpt lat="46.846706" lon="9.175717">
        <ele>2426.1</ele>
      </trkpt>
      <trkpt lat="46.84661" lon="9.175732">
        <ele>2428.3</ele>
      </trkpt>
      <trkpt lat="46.846586" lon="9.175711">
        <ele>2429.5</ele>
      </trkpt>
      <trkpt lat="46.846449" lon="9.17578">
        <ele>2428.3</ele>
      </trkpt>
      <trkpt lat="46.846252" lon="9.17595">
        <ele>2426.2</ele>
      </trkpt>
      <trkpt lat="46.846205" lon="9.175972">
        <ele>2426.2</ele>
      </trkpt>
      <trkpt lat="46.846024" lon="9.176129">
        <ele>2427.2</ele>
      </trkpt>
      <trkpt lat="46.845961" lon="9.176229">
        <ele>2427.1</ele>
      </trkpt>
      <trkpt lat="46.845729" lon="9.176522">
        <ele>2421.8</ele>
      </trkpt>
      <trkpt lat="46.845736" lon="9.17664">
        <ele>2419.1</ele>
      </trkpt>
      <trkpt lat="46.845688" lon="9.176658">
        <ele>2417.4</ele>
      </trkpt>
      <trkpt lat="46.845648" lon="9.176695">
        <ele>2416.0</ele>
      </trkpt>
      <trkpt lat="46.845607" lon="9.176685">
        <ele>2415.0</ele>
      </trkpt>
      <trkpt lat="46.845589" lon="9.176703">
        <ele>2414.4</ele>
      </trkpt>
      <trkpt lat="46.845541" lon="9.176795">
        <ele>2412.5</ele>
      </trkpt>
      <trkpt lat="46.845424" lon="9.176975">
        <ele>2411.3</ele>
      </trkpt>
      <trkpt lat="46.845286" lon="9.177031">
        <ele>2412.1</ele>
      </trkpt>
      <trkpt lat="46.845031" lon="9.177259">
        <ele>2417.5</ele>
      </trkpt>
      <trkpt lat="46.844899" lon="9.17747">
        <ele>2421.9</ele>
      </trkpt>
      <trkpt lat="46.84478" lon="9.177562">
        <ele>2425.4</ele>
      </trkpt>
      <trkpt lat="46.844772" lon="9.177726">
        <ele>2430.3</ele>
      </trkpt>
      <trkpt lat="46.844713" lon="9.177956">
        <ele>2433.3</ele>
      </trkpt>
      <trkpt lat="46.8445" lon="9.178269">
        <ele>2437.2</ele>
      </trkpt>
      <trkpt lat="46.844347" lon="9.178331">
        <ele>2440.6</ele>
      </trkpt>
      <trkpt lat="46.844061" lon="9.178477">
        <ele>2449.8</ele>
      </trkpt>
      <trkpt lat="46.844013" lon="9.178571">
        <ele>2450.7</ele>
      </trkpt>
      <trkpt lat="46.843953" lon="9.178578">
        <ele>2453.0</ele>
      </trkpt>
      <trkpt lat="46.843862" lon="9.178653">
        <ele>2454.7</ele>
      </trkpt>
      <trkpt lat="46.843675" lon="9.178722">
        <ele>2451.8</ele>
      </trkpt>
      <trkpt lat="46.843565" lon="9.17878">
        <ele>2453.1</ele>
      </trkpt>
      <trkpt lat="46.843498" lon="9.178863">
        <ele>2454.0</ele>
      </trkpt>
      <trkpt lat="46.843268" lon="9.179325">
        <ele>2453.7</ele>
      </trkpt>
      <trkpt lat="46.842912" lon="9.179698">
        <ele>2462.6</ele>
      </trkpt>
      <trkpt lat="46.842692" lon="9.18007">
        <ele>2468.0</ele>
      </trkpt>
      <trkpt lat="46.842539" lon="9.18039">
        <name>Crap Masegn</name>
        <ele>2468.3</ele>
      </trkpt>
      <trkpt lat="46.842387" lon="9.180611">
        <ele>2468.1</ele>
      </trkpt>
      <trkpt lat="46.842272" lon="9.180668">
        <ele>2467.3</ele>
      </trkpt>
      <trkpt lat="46.84228" lon="9.181011">
        <ele>2462.2</ele>
      </trkpt>
      <trkpt lat="46.842269" lon="9.181345">
        <ele>2456.3</ele>
      </trkpt>
      <trkpt lat="46.842258" lon="9.181679">
        <ele>2449.9</ele>
      </trkpt>
      <trkpt lat="46.842219" lon="9.182282">
        <ele>2439.4</ele>
      </trkpt>
      <trkpt lat="46.842181" lon="9.182501">
        <ele>2436.7</ele>
      </trkpt>
      <trkpt lat="46.84217" lon="9.18275">
        <ele>2432.9</ele>
      </trkpt>
      <trkpt lat="46.842188" lon="9.18287">
        <ele>2430.9</ele>
      </trkpt>
      <trkpt lat="46.842325" lon="9.183265">
        <ele>2427.5</ele>
      </trkpt>
      <trkpt lat="46.842348" lon="9.183426">
        <ele>2427.0</ele>
      </trkpt>
      <trkpt lat="46.842352" lon="9.183618">
        <ele>2426.0</ele>
      </trkpt>
      <trkpt lat="46.842336" lon="9.183793">
        <ele>2425.0</ele>
      </trkpt>
      <trkpt lat="46.842243" lon="9.184281">
        <ele>2422.3</ele>
      </trkpt>
      <trkpt lat="46.842222" lon="9.184683">
        <ele>2418.7</ele>
      </trkpt>
      <trkpt lat="46.842255" lon="9.185092">
        <ele>2416.9</ele>
      </trkpt>
      <trkpt lat="46.84226" lon="9.185325">
        <ele>2415.6</ele>
      </trkpt>
      <trkpt lat="46.842246" lon="9.185854">
        <ele>2412.6</ele>
      </trkpt>
      <trkpt lat="46.842234" lon="9.186059">
        <ele>2409.6</ele>
      </trkpt>
      <trkpt lat="46.842247" lon="9.186485">
        <ele>2405.3</ele>
      </trkpt>
      <trkpt lat="46.842242" lon="9.186679">
        <ele>2403.6</ele>
      </trkpt>
      <trkpt lat="46.842201" lon="9.187059">
        <ele>2400.2</ele>
      </trkpt>
      <trkpt lat="46.84222" lon="9.187416">
        <ele>2398.9</ele>
      </trkpt>
      <trkpt lat="46.842219" lon="9.18756">
        <ele>2397.4</ele>
      </trkpt>
      <trkpt lat="46.842191" lon="9.187868">
        <ele>2394.0</ele>
      </trkpt>
      <trkpt lat="46.842179" lon="9.188183">
        <ele>2390.9</ele>
      </trkpt>
      <trkpt lat="46.842175" lon="9.188667">
        <ele>2383.2</ele>
      </trkpt>
      <trkpt lat="46.84219" lon="9.188815">
        <ele>2380.9</ele>
      </trkpt>
      <trkpt lat="46.842232" lon="9.18908">
        <ele>2378.3</ele>
      </trkpt>
      <trkpt lat="46.842242" lon="9.189203">
        <ele>2377.5</ele>
      </trkpt>
      <trkpt lat="46.842108" lon="9.191487">
        <ele>2364.6</ele>
      </trkpt>
      <trkpt lat="46.842122" lon="9.191633">
        <ele>2363.7</ele>
      </trkpt>
      <trkpt lat="46.842129" lon="9.191815">
        <ele>2362.0</ele>
      </trkpt>
      <trkpt lat="46.842104" lon="9.192015">
        <ele>2360.2</ele>
      </trkpt>
      <trkpt lat="46.842063" lon="9.192123">
        <ele>2358.6</ele>
      </trkpt>
      <trkpt lat="46.841917" lon="9.192228">
        <ele>2355.9</ele>
      </trkpt>
      <trkpt lat="46.841854" lon="9.192282">
        <ele>2354.3</ele>
      </trkpt>
      <trkpt lat="46.841779" lon="9.192372">
        <ele>2352.5</ele>
      </trkpt>
      <trkpt lat="46.841694" lon="9.192515">
        <ele>2351.1</ele>
      </trkpt>
      <trkpt lat="46.841646" lon="9.192626">
        <ele>2350.6</ele>
      </trkpt>
      <trkpt lat="46.841613" lon="9.192778">
        <ele>2349.6</ele>
      </trkpt>
      <trkpt lat="46.841596" lon="9.192978">
        <ele>2348.0</ele>
      </trkpt>
      <trkpt lat="46.841595" lon="9.1932">
        <ele>2346.7</ele>
      </trkpt>
      <trkpt lat="46.841611" lon="9.193313">
        <ele>2346.0</ele>
      </trkpt>
      <trkpt lat="46.841647" lon="9.193475">
        <ele>2344.1</ele>
      </trkpt>
      <trkpt lat="46.841803" lon="9.194063">
        <ele>2336.5</ele>
      </trkpt>
      <trkpt lat="46.841877" lon="9.194655">
        <ele>2331.1</ele>
      </trkpt>
      <trkpt lat="46.841902" lon="9.194799">
        <ele>2330.8</ele>
      </trkpt>
      <trkpt lat="46.841919" lon="9.194853">
        <ele>2330.1</ele>
      </trkpt>
      <trkpt lat="46.842006" lon="9.194975">
        <ele>2328.5</ele>
      </trkpt>
      <trkpt lat="46.842028" lon="9.195027">
        <ele>2328.2</ele>
      </trkpt>
      <trkpt lat="46.84203" lon="9.195125">
        <ele>2327.5</ele>
      </trkpt>
      <trkpt lat="46.842017" lon="9.195196">
        <ele>2326.7</ele>
      </trkpt>
      <trkpt lat="46.841791" lon="9.195647">
        <ele>2323.2</ele>
      </trkpt>
      <trkpt lat="46.841748" lon="9.195759">
        <ele>2322.5</ele>
      </trkpt>
      <trkpt lat="46.841706" lon="9.195901">
        <ele>2321.3</ele>
      </trkpt>
      <trkpt lat="46.84159" lon="9.196379">
        <ele>2319.3</ele>
      </trkpt>
      <trkpt lat="46.841473" lon="9.196856">
        <ele>2316.2</ele>
      </trkpt>
      <trkpt lat="46.841593" lon="9.196928">
        <ele>2316.5</ele>
      </trkpt>
      <trkpt lat="46.841771" lon="9.196895">
        <ele>2312.3</ele>
      </trkpt>
      <trkpt lat="46.84196" lon="9.197019">
        <ele>2303.4</ele>
      </trkpt>
      <trkpt lat="46.842009" lon="9.197121">
        <ele>2300.1</ele>
      </trkpt>
      <trkpt lat="46.84204" lon="9.197209">
        <ele>2298.2</ele>
      </trkpt>
      <trkpt lat="46.842043" lon="9.197278">
        <ele>2296.3</ele>
      </trkpt>
      <trkpt lat="46.842028" lon="9.197326">
        <ele>2295.4</ele>
      </trkpt>
      <trkpt lat="46.842015" lon="9.1974">
        <ele>2294.2</ele>
      </trkpt>
      <trkpt lat="46.842048" lon="9.197507">
        <ele>2291.2</ele>
      </trkpt>
      <trkpt lat="46.842072" lon="9.197695">
        <ele>2286.7</ele>
      </trkpt>
      <trkpt lat="46.84217" lon="9.197709">
        <ele>2283.1</ele>
      </trkpt>
      <trkpt lat="46.842189" lon="9.197806">
        <ele>2281.2</ele>
      </trkpt>
      <trkpt lat="46.842265" lon="9.197804">
        <ele>2277.7</ele>
      </trkpt>
      <trkpt lat="46.842294" lon="9.197829">
        <ele>2276.6</ele>
      </trkpt>
      <trkpt lat="46.842315" lon="9.197851">
        <ele>2276.1</ele>
      </trkpt>
      <trkpt lat="46.842326" lon="9.19794">
        <ele>2274.8</ele>
      </trkpt>
      <trkpt lat="46.842374" lon="9.197947">
        <ele>2272.7</ele>
      </trkpt>
      <trkpt lat="46.842399" lon="9.19791">
        <ele>2272.0</ele>
      </trkpt>
      <trkpt lat="46.842427" lon="9.197909">
        <ele>2270.8</ele>
      </trkpt>
      <trkpt lat="46.842444" lon="9.197959">
        <ele>2269.6</ele>
      </trkpt>
      <trkpt lat="46.842446" lon="9.198057">
        <ele>2267.9</ele>
      </trkpt>
      <trkpt lat="46.842471" lon="9.198059">
        <ele>2267.1</ele>
      </trkpt>
      <trkpt lat="46.84248" lon="9.198035">
        <ele>2267.0</ele>
      </trkpt>
      <trkpt lat="46.842636" lon="9.198043">
        <ele>2262.0</ele>
      </trkpt>
      <trkpt lat="46.842689" lon="9.198087">
        <ele>2261.0</ele>
      </trkpt>
      <trkpt lat="46.842713" lon="9.19815">
        <ele>2260.4</ele>
      </trkpt>
      <trkpt lat="46.84271" lon="9.19825">
        <ele>2259.8</ele>
      </trkpt>
      <trkpt lat="46.842798" lon="9.19855">
        <ele>2255.4</ele>
      </trkpt>
      <trkpt lat="46.842846" lon="9.198675">
        <ele>2253.7</ele>
      </trkpt>
      <trkpt lat="46.842865" lon="9.198835">
        <ele>2252.0</ele>
      </trkpt>
      <trkpt lat="46.842846" lon="9.19908">
        <ele>2248.9</ele>
      </trkpt>
      <trkpt lat="46.842815" lon="9.199158">
        <ele>2247.9</ele>
      </trkpt>
      <trkpt lat="46.842822" lon="9.199226">
        <ele>2246.9</ele>
      </trkpt>
      <trkpt lat="46.842785" lon="9.19931">
        <ele>2245.2</ele>
      </trkpt>
      <trkpt lat="46.84276" lon="9.199402">
        <ele>2243.1</ele>
      </trkpt>
      <trkpt lat="46.842761" lon="9.199448">
        <ele>2241.6</ele>
      </trkpt>
      <trkpt lat="46.842712" lon="9.199554">
        <ele>2238.9</ele>
      </trkpt>
      <trkpt lat="46.842735" lon="9.199581">
        <ele>2237.4</ele>
      </trkpt>
      <trkpt lat="46.842801" lon="9.199578">
        <ele>2235.3</ele>
      </trkpt>
      <trkpt lat="46.842812" lon="9.199645">
        <ele>2233.4</ele>
      </trkpt>
      <trkpt lat="46.842849" lon="9.199625">
        <ele>2232.2</ele>
      </trkpt>
      <trkpt lat="46.842883" lon="9.199587">
        <ele>2230.9</ele>
      </trkpt>
      <trkpt lat="46.842905" lon="9.199615">
        <ele>2229.3</ele>
      </trkpt>
      <trkpt lat="46.842921" lon="9.199713">
        <ele>2226.9</ele>
      </trkpt>
      <trkpt lat="46.842958" lon="9.199772">
        <ele>2224.3</ele>
      </trkpt>
      <trkpt lat="46.843017" lon="9.199795">
        <ele>2222.6</ele>
      </trkpt>
      <trkpt lat="46.843041" lon="9.199864">
        <ele>2221.2</ele>
      </trkpt>
      <trkpt lat="46.843032" lon="9.199946">
        <ele>2219.8</ele>
      </trkpt>
      <trkpt lat="46.843071" lon="9.199954">
        <ele>2218.9</ele>
      </trkpt>
      <trkpt lat="46.843099" lon="9.199947">
        <ele>2218.1</ele>
      </trkpt>
      <trkpt lat="46.84312" lon="9.199974">
        <ele>2217.0</ele>
      </trkpt>
      <trkpt lat="46.843177" lon="9.199958">
        <ele>2215.8</ele>
      </trkpt>
      <trkpt lat="46.843221" lon="9.199971">
        <ele>2214.6</ele>
      </trkpt>
      <trkpt lat="46.843243" lon="9.199982">
        <ele>2213.8</ele>
      </trkpt>
      <trkpt lat="46.843315" lon="9.199959">
        <ele>2212.2</ele>
      </trkpt>
      <trkpt lat="46.843329" lon="9.199936">
        <ele>2211.9</ele>
      </trkpt>
      <trkpt lat="46.84343" lon="9.199886">
        <ele>2208.7</ele>
      </trkpt>
      <trkpt lat="46.843493" lon="9.1998">
        <ele>2208.2</ele>
      </trkpt>
      <trkpt lat="46.843504" lon="9.199807">
        <ele>2207.6</ele>
      </trkpt>
      <trkpt lat="46.843515" lon="9.199923">
        <ele>2205.5</ele>
      </trkpt>
      <trkpt lat="46.843543" lon="9.199921">
        <ele>2204.4</ele>
      </trkpt>
      <trkpt lat="46.84357" lon="9.199894">
        <ele>2203.6</ele>
      </trkpt>
      <trkpt lat="46.843594" lon="9.199854">
        <ele>2203.3</ele>
      </trkpt>
      <trkpt lat="46.843651" lon="9.199827">
        <ele>2201.2</ele>
      </trkpt>
      <trkpt lat="46.843683" lon="9.199781">
        <ele>2200.5</ele>
      </trkpt>
      <trkpt lat="46.843789" lon="9.199748">
        <ele>2196.9</ele>
      </trkpt>
      <trkpt lat="46.84385" lon="9.199766">
        <ele>2194.4</ele>
      </trkpt>
      <trkpt lat="46.843917" lon="9.199745">
        <ele>2193.2</ele>
      </trkpt>
      <trkpt lat="46.843994" lon="9.19967">
        <ele>2192.0</ele>
      </trkpt>
      <trkpt lat="46.844045" lon="9.199605">
        <ele>2190.6</ele>
      </trkpt>
      <trkpt lat="46.844065" lon="9.199565">
        <ele>2189.6</ele>
      </trkpt>
      <trkpt lat="46.844082" lon="9.199563">
        <ele>2188.7</ele>
      </trkpt>
      <trkpt lat="46.844115" lon="9.19964">
        <ele>2186.7</ele>
      </trkpt>
      <trkpt lat="46.84415" lon="9.199762">
        <ele>2183.8</ele>
      </trkpt>
      <trkpt lat="46.844151" lon="9.199855">
        <ele>2182.3</ele>
      </trkpt>
      <trkpt lat="46.844185" lon="9.19979">
        <ele>2181.8</ele>
      </trkpt>
      <trkpt lat="46.844199" lon="9.199725">
        <ele>2182.0</ele>
      </trkpt>
      <trkpt lat="46.844227" lon="9.199738">
        <ele>2180.6</ele>
      </trkpt>
      <trkpt lat="46.844293" lon="9.199702">
        <ele>2178.5</ele>
      </trkpt>
      <trkpt lat="46.844296" lon="9.199723">
        <ele>2177.8</ele>
      </trkpt>
      <trkpt lat="46.844267" lon="9.199824">
        <ele>2176.6</ele>
      </trkpt>
      <trkpt lat="46.844362" lon="9.199756">
        <ele>2173.2</ele>
      </trkpt>
      <trkpt lat="46.844434" lon="9.199758">
        <ele>2170.2</ele>
      </trkpt>
      <trkpt lat="46.844489" lon="9.19975">
        <ele>2167.6</ele>
      </trkpt>
      <trkpt lat="46.844544" lon="9.199689">
        <ele>2165.7</ele>
      </trkpt>
      <trkpt lat="46.844636" lon="9.199579">
        <ele>2163.3</ele>
      </trkpt>
      <trkpt lat="46.844702" lon="9.199541">
        <ele>2161.4</ele>
      </trkpt>
      <trkpt lat="46.844737" lon="9.199556">
        <ele>2159.6</ele>
      </trkpt>
      <trkpt lat="46.844749" lon="9.199609">
        <ele>2157.9</ele>
      </trkpt>
      <trkpt lat="46.844752" lon="9.199685">
        <ele>2156.0</ele>
      </trkpt>
      <trkpt lat="46.844738" lon="9.199737">
        <ele>2155.5</ele>
      </trkpt>
      <trkpt lat="46.844736" lon="9.199769">
        <ele>2155.0</ele>
      </trkpt>
      <trkpt lat="46.844751" lon="9.199785">
        <ele>2154.3</ele>
      </trkpt>
      <trkpt lat="46.8448" lon="9.199803">
        <ele>2152.5</ele>
      </trkpt>
      <trkpt lat="46.844807" lon="9.199919">
        <ele>2150.5</ele>
      </trkpt>
      <trkpt lat="46.844825" lon="9.199965">
        <ele>2149.1</ele>
      </trkpt>
      <trkpt lat="46.844816" lon="9.200042">
        <ele>2147.8</ele>
      </trkpt>
      <trkpt lat="46.844883" lon="9.200025">
        <ele>2145.5</ele>
      </trkpt>
      <trkpt lat="46.844933" lon="9.19998">
        <ele>2144.2</ele>
      </trkpt>
      <trkpt lat="46.844948" lon="9.199997">
        <ele>2143.7</ele>
      </trkpt>
      <trkpt lat="46.844954" lon="9.200089">
        <ele>2142.4</ele>
      </trkpt>
      <trkpt lat="46.844973" lon="9.200132">
        <ele>2141.6</ele>
      </trkpt>
      <trkpt lat="46.844978" lon="9.200171">
        <ele>2141.0</ele>
      </trkpt>
      <trkpt lat="46.844946" lon="9.200236">
        <ele>2140.4</ele>
      </trkpt>
      <trkpt lat="46.84496" lon="9.200261">
        <ele>2139.9</ele>
      </trkpt>
      <trkpt lat="46.844986" lon="9.200275">
        <ele>2139.1</ele>
      </trkpt>
      <trkpt lat="46.845054" lon="9.200268">
        <ele>2136.9</ele>
      </trkpt>
      <trkpt lat="46.845129" lon="9.200307">
        <ele>2134.0</ele>
      </trkpt>
      <trkpt lat="46.845181" lon="9.200327">
        <ele>2132.7</ele>
      </trkpt>
      <trkpt lat="46.845244" lon="9.200287">
        <ele>2131.8</ele>
      </trkpt>
      <trkpt lat="46.845304" lon="9.200291">
        <ele>2130.7</ele>
      </trkpt>
      <trkpt lat="46.845327" lon="9.200273">
        <ele>2130.7</ele>
      </trkpt>
      <trkpt lat="46.845388" lon="9.200282">
        <ele>2129.0</ele>
      </trkpt>
      <trkpt lat="46.845504" lon="9.200155">
        <ele>2127.1</ele>
      </trkpt>
      <trkpt lat="46.845531" lon="9.200163">
        <ele>2126.4</ele>
      </trkpt>
      <trkpt lat="46.845566" lon="9.20013">
        <ele>2125.7</ele>
      </trkpt>
      <trkpt lat="46.845645" lon="9.200045">
        <ele>2125.0</ele>
      </trkpt>
      <trkpt lat="46.845693" lon="9.200015">
        <ele>2123.5</ele>
      </trkpt>
      <trkpt lat="46.845705" lon="9.200033">
        <ele>2122.7</ele>
      </trkpt>
      <trkpt lat="46.845664" lon="9.200185">
        <ele>2120.8</ele>
      </trkpt>
      <trkpt lat="46.845662" lon="9.200268">
        <ele>2119.4</ele>
      </trkpt>
      <trkpt lat="46.845607" lon="9.200386">
        <ele>2117.9</ele>
      </trkpt>
      <trkpt lat="46.845585" lon="9.200456">
        <ele>2116.9</ele>
      </trkpt>
      <trkpt lat="46.8456" lon="9.200532">
        <ele>2115.2</ele>
      </trkpt>
      <trkpt lat="46.845626" lon="9.200535">
        <ele>2114.4</ele>
      </trkpt>
      <trkpt lat="46.845617" lon="9.200621">
        <ele>2113.1</ele>
      </trkpt>
      <trkpt lat="46.845675" lon="9.200586">
        <ele>2111.4</ele>
      </trkpt>
      <trkpt lat="46.845712" lon="9.20057">
        <ele>2109.8</ele>
      </trkpt>
      <trkpt lat="46.845746" lon="9.200588">
        <ele>2108.2</ele>
      </trkpt>
      <trkpt lat="46.845776" lon="9.200643">
        <ele>2106.6</ele>
      </trkpt>
      <trkpt lat="46.845769" lon="9.200686">
        <ele>2106.0</ele>
      </trkpt>
      <trkpt lat="46.845796" lon="9.2007">
        <ele>2105.0</ele>
      </trkpt>
      <trkpt lat="46.845842" lon="9.200686">
        <ele>2103.3</ele>
      </trkpt>
      <trkpt lat="46.845927" lon="9.20062">
        <ele>2100.0</ele>
      </trkpt>
      <trkpt lat="46.845957" lon="9.200614">
        <ele>2098.5</ele>
      </trkpt>
      <trkpt lat="46.845998" lon="9.200698">
        <ele>2096.2</ele>
      </trkpt>
      <trkpt lat="46.846018" lon="9.200811">
        <ele>2094.6</ele>
      </trkpt>
      <trkpt lat="46.846034" lon="9.20083">
        <ele>2093.9</ele>
      </trkpt>
      <trkpt lat="46.846069" lon="9.200806">
        <ele>2092.6</ele>
      </trkpt>
      <trkpt lat="46.846086" lon="9.200799">
        <ele>2091.7</ele>
      </trkpt>
      <trkpt lat="46.846101" lon="9.200816">
        <ele>2091.1</ele>
      </trkpt>
      <trkpt lat="46.8461" lon="9.200864">
        <ele>2091.2</ele>
      </trkpt>
      <trkpt lat="46.846106" lon="9.200892">
        <ele>2090.7</ele>
      </trkpt>
      <trkpt lat="46.84613" lon="9.200892">
        <ele>2089.9</ele>
      </trkpt>
      <trkpt lat="46.846149" lon="9.200866">
        <ele>2088.9</ele>
      </trkpt>
      <trkpt lat="46.846151" lon="9.200818">
        <ele>2088.7</ele>
      </trkpt>
      <trkpt lat="46.846155" lon="9.200787">
        <ele>2088.3</ele>
      </trkpt>
      <trkpt lat="46.846195" lon="9.200794">
        <ele>2087.1</ele>
      </trkpt>
      <trkpt lat="46.846217" lon="9.200751">
        <ele>2086.5</ele>
      </trkpt>
      <trkpt lat="46.846232" lon="9.200746">
        <ele>2086.0</ele>
      </trkpt>
      <trkpt lat="46.846276" lon="9.200774">
        <ele>2084.9</ele>
      </trkpt>
      <trkpt lat="46.84634" lon="9.200791">
        <ele>2083.3</ele>
      </trkpt>
      <trkpt lat="46.846395" lon="9.200836">
        <ele>2081.7</ele>
      </trkpt>
      <trkpt lat="46.846413" lon="9.200836">
        <ele>2081.3</ele>
      </trkpt>
      <trkpt lat="46.846439" lon="9.200805">
        <ele>2080.4</ele>
      </trkpt>
      <trkpt lat="46.846484" lon="9.200791">
        <ele>2079.2</ele>
      </trkpt>
      <trkpt lat="46.846523" lon="9.20076">
        <ele>2078.3</ele>
      </trkpt>
      <trkpt lat="46.846563" lon="9.20076">
        <ele>2077.2</ele>
      </trkpt>
      <trkpt lat="46.846601" lon="9.200794">
        <ele>2076.0</ele>
      </trkpt>
      <trkpt lat="46.846628" lon="9.200843">
        <ele>2075.5</ele>
      </trkpt>
      <trkpt lat="46.846645" lon="9.200856">
        <ele>2075.2</ele>
      </trkpt>
      <trkpt lat="46.846678" lon="9.200768">
        <ele>2073.4</ele>
      </trkpt>
      <trkpt lat="46.846714" lon="9.200816">
        <ele>2072.3</ele>
      </trkpt>
      <trkpt lat="46.846733" lon="9.200821">
        <ele>2071.5</ele>
      </trkpt>
      <trkpt lat="46.846756" lon="9.2009">
        <ele>2071.0</ele>
      </trkpt>
      <trkpt lat="46.84677" lon="9.200928">
        <ele>2070.5</ele>
      </trkpt>
      <trkpt lat="46.846795" lon="9.200933">
        <ele>2069.2</ele>
      </trkpt>
      <trkpt lat="46.846833" lon="9.200756">
        <ele>2064.4</ele>
      </trkpt>
      <trkpt lat="46.84687" lon="9.200564">
        <ele>2059.3</ele>
      </trkpt>
      <trkpt lat="46.846941" lon="9.200349">
        <ele>2052.7</ele>
      </trkpt>
      <trkpt lat="46.84701" lon="9.199962">
        <ele>2047.0</ele>
      </trkpt>
      <trkpt lat="46.847129" lon="9.199881">
        <ele>2043.4</ele>
      </trkpt>
      <trkpt lat="46.847173" lon="9.199873">
        <ele>2043.5</ele>
      </trkpt>
      <trkpt lat="46.847241" lon="9.199882">
        <ele>2043.8</ele>
      </trkpt>
      <trkpt lat="46.847358" lon="9.199881">
        <ele>2040.9</ele>
      </trkpt>
      <trkpt lat="46.847388" lon="9.199906">
        <ele>2040.4</ele>
      </trkpt>
      <trkpt lat="46.847409" lon="9.199943">
        <ele>2040.0</ele>
      </trkpt>
      <trkpt lat="46.847404" lon="9.200051">
        <ele>2038.6</ele>
      </trkpt>
      <trkpt lat="46.847408" lon="9.20025">
        <ele>2035.5</ele>
      </trkpt>
      <trkpt lat="46.847481" lon="9.200588">
        <ele>2032.4</ele>
      </trkpt>
      <trkpt lat="46.847505" lon="9.201052">
        <ele>2029.1</ele>
      </trkpt>
      <trkpt lat="46.847527" lon="9.201476">
        <ele>2026.6</ele>
      </trkpt>
      <trkpt lat="46.847549" lon="9.201901">
        <ele>2023.5</ele>
      </trkpt>
      <trkpt lat="46.847569" lon="9.202054">
        <ele>2022.9</ele>
      </trkpt>
      <trkpt lat="46.847645" lon="9.20235">
        <ele>2021.2</ele>
      </trkpt>
      <trkpt lat="46.847664" lon="9.202566">
        <ele>2019.9</ele>
      </trkpt>
      <trkpt lat="46.84771" lon="9.202764">
        <ele>2019.4</ele>
      </trkpt>
      <trkpt lat="46.847792" lon="9.202989">
        <ele>2019.1</ele>
      </trkpt>
      <trkpt lat="46.847831" lon="9.203155">
        <ele>2018.2</ele>
      </trkpt>
      <trkpt lat="46.847845" lon="9.203394">
        <ele>2016.4</ele>
      </trkpt>
      <trkpt lat="46.847833" lon="9.203492">
        <ele>2015.9</ele>
      </trkpt>
      <trkpt lat="46.847837" lon="9.203734">
        <ele>2013.5</ele>
      </trkpt>
      <trkpt lat="46.84783" lon="9.203887">
        <ele>2009.6</ele>
      </trkpt>
      <trkpt lat="46.847854" lon="9.203979">
        <ele>2006.7</ele>
      </trkpt>
      <trkpt lat="46.847928" lon="9.204069">
        <ele>2003.4</ele>
      </trkpt>
      <trkpt lat="46.847929" lon="9.204121">
        <ele>2001.9</ele>
      </trkpt>
      <trkpt lat="46.847905" lon="9.204211">
        <ele>2000.4</ele>
      </trkpt>
      <trkpt lat="46.847978" lon="9.20446">
        <ele>1995.8</ele>
      </trkpt>
      <trkpt lat="46.848018" lon="9.20511">
        <ele>1992.6</ele>
      </trkpt>
      <trkpt lat="46.848056" lon="9.205269">
        <ele>1990.2</ele>
      </trkpt>
      <trkpt lat="46.848077" lon="9.205323">
        <ele>1989.7</ele>
      </trkpt>
      <trkpt lat="46.848144" lon="9.205422">
        <ele>1988.2</ele>
      </trkpt>
      <trkpt lat="46.848175" lon="9.205512">
        <ele>1987.0</ele>
      </trkpt>
      <trkpt lat="46.848296" lon="9.207121">
        <ele>1954.6</ele>
      </trkpt>
      <trkpt lat="46.84854" lon="9.207723">
        <ele>1947.92086</ele>
      </trkpt>
      <trkpt lat="46.848451" lon="9.208894">
        <ele>1939.6</ele>
      </trkpt>
      <trkpt lat="46.848549" lon="9.209193">
        <ele>1937.2</ele>
      </trkpt>
      <trkpt lat="46.848659" lon="9.20938">
        <ele>1933.8</ele>
      </trkpt>
      <trkpt lat="46.848649" lon="9.209446">
        <ele>1933.1</ele>
      </trkpt>
      <trkpt lat="46.848553" lon="9.209467">
        <ele>1932.4</ele>
      </trkpt>
      <trkpt lat="46.848534" lon="9.209508">
        <ele>1931.1</ele>
      </trkpt>
      <trkpt lat="46.848567" lon="9.209781">
        <ele>1925.6</ele>
      </trkpt>
      <trkpt lat="46.848609" lon="9.209657">
        <ele>1928.7</ele>
      </trkpt>
      <trkpt lat="46.848651" lon="9.209577">
        <ele>1930.6</ele>
      </trkpt>
      <trkpt lat="46.848731" lon="9.209475">
        <ele>1933.4</ele>
      </trkpt>
      <trkpt lat="46.848764" lon="9.209429">
        <ele>1933.8</ele>
      </trkpt>
      <trkpt lat="46.848863" lon="9.20937">
        <ele>1933.4</ele>
      </trkpt>
      <trkpt lat="46.848891" lon="9.209384">
        <ele>1932.5</ele>
      </trkpt>
      <trkpt lat="46.848935" lon="9.209388">
        <ele>1931.2</ele>
      </trkpt>
      <trkpt lat="46.84902" lon="9.209363">
        <ele>1929.3</ele>
      </trkpt>
      <trkpt lat="46.8491" lon="9.209323">
        <ele>1929.7</ele>
      </trkpt>
      <trkpt lat="46.849175" lon="9.209349">
        <ele>1929.2</ele>
      </trkpt>
      <trkpt lat="46.849232" lon="9.209381">
        <ele>1926.2</ele>
      </trkpt>
      <trkpt lat="46.849236" lon="9.209401">
        <ele>1925.5</ele>
      </trkpt>
      <trkpt lat="46.849275" lon="9.209422">
        <ele>1924.1</ele>
      </trkpt>
      <trkpt lat="46.849396" lon="9.209263">
        <ele>1914.5</ele>
      </trkpt>
      <trkpt lat="46.849329" lon="9.209526">
        <ele>1915.7</ele>
      </trkpt>
      <trkpt lat="46.849354" lon="9.209663">
        <ele>1908.6</ele>
      </trkpt>
      <trkpt lat="46.849318" lon="9.209689">
        <ele>1908.6</ele>
      </trkpt>
      <trkpt lat="46.849342" lon="9.209708">
        <ele>1906.8</ele>
      </trkpt>
      <trkpt lat="46.849298" lon="9.20974">
        <ele>1905.6</ele>
      </trkpt>
      <trkpt lat="46.849331" lon="9.209777">
        <ele>1903.6</ele>
      </trkpt>
      <trkpt lat="46.849381" lon="9.209805">
        <ele>1902.6</ele>
      </trkpt>
      <trkpt lat="46.84943" lon="9.209809">
        <ele>1898.7</ele>
      </trkpt>
      <trkpt lat="46.849463" lon="9.209844">
        <ele>1895.1</ele>
      </trkpt>
      <trkpt lat="46.849431" lon="9.209868">
        <ele>1896.6</ele>
      </trkpt>
      <trkpt lat="46.849354" lon="9.209937">
        <ele>1894.2</ele>
      </trkpt>
      <trkpt lat="46.849375" lon="9.209965">
        <ele>1892.6</ele>
      </trkpt>
      <trkpt lat="46.849426" lon="9.209975">
        <ele>1892.0</ele>
      </trkpt>
      <trkpt lat="46.849397" lon="9.210011">
        <ele>1890.7</ele>
      </trkpt>
      <trkpt lat="46.849392" lon="9.210039">
        <ele>1889.5</ele>
      </trkpt>
      <trkpt lat="46.849374" lon="9.210151">
        <ele>1889.7</ele>
      </trkpt>
      <trkpt lat="46.849371" lon="9.210182">
        <ele>1890.6</ele>
      </trkpt>
      <trkpt lat="46.849367" lon="9.210214">
        <ele>1891.0</ele>
      </trkpt>
      <trkpt lat="46.849353" lon="9.210267">
        <ele>1890.6</ele>
      </trkpt>
      <trkpt lat="46.849344" lon="9.210305">
        <ele>1890.3</ele>
      </trkpt>
      <trkpt lat="46.849326" lon="9.210369">
        <ele>1890.1</ele>
      </trkpt>
      <trkpt lat="46.849298" lon="9.21045">
        <ele>1890.0</ele>
      </trkpt>
      <trkpt lat="46.849277" lon="9.210626">
        <ele>1890.0</ele>
      </trkpt>
      <trkpt lat="46.849264" lon="9.210831">
        <ele>1890.6</ele>
      </trkpt>
      <trkpt lat="46.849273" lon="9.210974">
        <ele>1890.9</ele>
      </trkpt>
      <trkpt lat="46.849294" lon="9.211112">
        <ele>1891.4</ele>
      </trkpt>
      <trkpt lat="46.849308" lon="9.211176">
        <ele>1891.8</ele>
      </trkpt>
      <trkpt lat="46.849267" lon="9.211328">
        <ele>1890.3</ele>
      </trkpt>
      <trkpt lat="46.849243" lon="9.211513">
        <ele>1887.8</ele>
      </trkpt>
      <trkpt lat="46.849213" lon="9.211844">
        <ele>1883.8</ele>
      </trkpt>
      <trkpt lat="46.849101" lon="9.212135">
        <ele>1875.1</ele>
      </trkpt>
      <trkpt lat="46.849099" lon="9.212262">
        <ele>1873.5</ele>
      </trkpt>
      <trkpt lat="46.849081" lon="9.212539">
        <ele>1869.2</ele>
      </trkpt>
      <trkpt lat="46.849023" lon="9.212774">
        <ele>1865.8</ele>
      </trkpt>
      <trkpt lat="46.848938" lon="9.212973">
        <ele>1862.6</ele>
      </trkpt>
      <trkpt lat="46.848916" lon="9.213123">
        <ele>1861.4</ele>
      </trkpt>
      <trkpt lat="46.848942" lon="9.213236">
        <ele>1860.4</ele>
      </trkpt>
      <trkpt lat="46.848927" lon="9.213414">
        <ele>1856.9</ele>
      </trkpt>
      <trkpt lat="46.84889" lon="9.213562">
        <ele>1854.0</ele>
      </trkpt>
      <trkpt lat="46.848899" lon="9.213827">
        <ele>1850.9</ele>
      </trkpt>
      <trkpt lat="46.848961" lon="9.213933">
        <ele>1850.9</ele>
      </trkpt>
      <trkpt lat="46.84899" lon="9.2141">
        <ele>1851.4</ele>
      </trkpt>
      <trkpt lat="46.848941" lon="9.214361">
        <ele>1849.9</ele>
      </trkpt>
      <trkpt lat="46.849003" lon="9.214597">
        <ele>1848.8</ele>
      </trkpt>
      <trkpt lat="46.849095" lon="9.214767">
        <ele>1846.7</ele>
      </trkpt>
      <trkpt lat="46.849221" lon="9.214896">
        <ele>1845.1</ele>
      </trkpt>
      <trkpt lat="46.849281" lon="9.215119">
        <ele>1841.0</ele>
      </trkpt>
      <trkpt lat="46.849277" lon="9.215173">
        <ele>1839.3</ele>
      </trkpt>
      <trkpt lat="46.849249" lon="9.215191">
        <ele>1837.4</ele>
      </trkpt>
      <trkpt lat="46.849213" lon="9.215185">
        <ele>1837.0</ele>
      </trkpt>
      <trkpt lat="46.849193" lon="9.215238">
        <ele>1836.6</ele>
      </trkpt>
      <trkpt lat="46.849219" lon="9.215353">
        <ele>1835.3</ele>
      </trkpt>
      <trkpt lat="46.849197" lon="9.2154">
        <ele>1834.4</ele>
      </trkpt>
      <trkpt lat="46.849216" lon="9.215774">
        <ele>1827.3</ele>
      </trkpt>
      <trkpt lat="46.849185" lon="9.21642">
        <ele>1818.7</ele>
      </trkpt>
      <trkpt lat="46.849155" lon="9.217066">
        <ele>1813.6</ele>
      </trkpt>
      <trkpt lat="46.849197" lon="9.217338">
        <ele>1811.2</ele>
      </trkpt>
      <trkpt lat="46.849216" lon="9.217507">
        <ele>1810.2</ele>
      </trkpt>
      <trkpt lat="46.849182" lon="9.218063">
        <ele>1802.5</ele>
      </trkpt>
      <trkpt lat="46.849198" lon="9.218321">
        <ele>1799.7</ele>
      </trkpt>
      <trkpt lat="46.849198" lon="9.218934">
        <ele>1793.2</ele>
      </trkpt>
      <trkpt lat="46.849217" lon="9.219482">
        <ele>1785.9</ele>
      </trkpt>
      <trkpt lat="46.849197" lon="9.219982">
        <ele>1779.8</ele>
      </trkpt>
      <trkpt lat="46.849237" lon="9.22016">
        <ele>1777.6</ele>
      </trkpt>
      <trkpt lat="46.849314" lon="9.220529">
        <ele>1773.8</ele>
      </trkpt>
      <trkpt lat="46.849318" lon="9.220747">
        <ele>1771.2</ele>
      </trkpt>
      <trkpt lat="46.849247" lon="9.220978">
        <ele>1765.8</ele>
      </trkpt>
      <trkpt lat="46.849162" lon="9.221308">
        <ele>1757.1</ele>
      </trkpt>
      <trkpt lat="46.849105" lon="9.221618">
        <ele>1750.6</ele>
      </trkpt>
      <trkpt lat="46.849041" lon="9.221996">
        <ele>1744.6</ele>
      </trkpt>
      <trkpt lat="46.848975" lon="9.222322">
        <ele>1739.3</ele>
      </trkpt>
      <trkpt lat="46.848886" lon="9.222623">
        <ele>1734.3</ele>
      </trkpt>
      <trkpt lat="46.848866" lon="9.222869">
        <ele>1730.9</ele>
      </trkpt>
      <trkpt lat="46.848843" lon="9.222972">
        <ele>1730.2</ele>
      </trkpt>
      <trkpt lat="46.848744" lon="9.223308">
        <ele>1726.2</ele>
      </trkpt>
      <trkpt lat="46.848717" lon="9.223393">
        <ele>1724.6</ele>
      </trkpt>
      <trkpt lat="46.848674" lon="9.223556">
        <ele>1722.7</ele>
      </trkpt>
      <trkpt lat="46.848663" lon="9.223798">
        <ele>1719.9</ele>
      </trkpt>
      <trkpt lat="46.848638" lon="9.223938">
        <ele>1718.2</ele>
      </trkpt>
      <trkpt lat="46.848575" lon="9.224116">
        <ele>1715.5</ele>
      </trkpt>
      <trkpt lat="46.848454" lon="9.224405">
        <ele>1715.1</ele>
      </trkpt>
      <trkpt lat="46.848453" lon="9.22449">
        <ele>1714.1</ele>
      </trkpt>
      <trkpt lat="46.848432" lon="9.224694">
        <ele>1709.0</ele>
      </trkpt>
      <trkpt lat="46.848383" lon="9.224954">
        <ele>1702.4</ele>
      </trkpt>
      <trkpt lat="46.84836" lon="9.225101">
        <ele>1701.0</ele>
      </trkpt>
      <trkpt lat="46.848267" lon="9.225141">
        <ele>1699.4</ele>
      </trkpt>
      <trkpt lat="46.848212" lon="9.225188">
        <ele>1698.1</ele>
      </trkpt>
      <trkpt lat="46.848188" lon="9.225232">
        <ele>1696.0</ele>
      </trkpt>
      <trkpt lat="46.848169" lon="9.225284">
        <ele>1694.3</ele>
      </trkpt>
      <trkpt lat="46.848132" lon="9.225298">
        <ele>1692.9</ele>
      </trkpt>
      <trkpt lat="46.848078" lon="9.225241">
        <ele>1692.4</ele>
      </trkpt>
      <trkpt lat="46.848029" lon="9.225177">
        <ele>1690.5</ele>
      </trkpt>
      <trkpt lat="46.848005" lon="9.225192">
        <ele>1689.5</ele>
      </trkpt>
      <trkpt lat="46.848002" lon="9.22525">
        <ele>1687.7</ele>
      </trkpt>
      <trkpt lat="46.847978" lon="9.225318">
        <ele>1686.1</ele>
      </trkpt>
      <trkpt lat="46.847852" lon="9.225389">
        <ele>1681.9</ele>
      </trkpt>
      <trkpt lat="46.847797" lon="9.225411">
        <ele>1679.9</ele>
      </trkpt>
      <trkpt lat="46.847739" lon="9.225522">
        <ele>1674.1</ele>
      </trkpt>
      <trkpt lat="46.847631" lon="9.225757">
        <ele>1672.5</ele>
      </trkpt>
      <trkpt lat="46.847593" lon="9.225845">
        <ele>1672.2</ele>
      </trkpt>
      <trkpt lat="46.847538" lon="9.226057">
        <ele>1671.2</ele>
      </trkpt>
      <trkpt lat="46.847437" lon="9.226204">
        <ele>1669.3</ele>
      </trkpt>
      <trkpt lat="46.847359" lon="9.226407">
        <ele>1669.2</ele>
      </trkpt>
      <trkpt lat="46.847357" lon="9.226614">
        <ele>1667.2</ele>
      </trkpt>
      <trkpt lat="46.847383" lon="9.226786">
        <ele>1666.4</ele>
      </trkpt>
      <trkpt lat="46.847353" lon="9.227128">
        <ele>1662.5</ele>
      </trkpt>
      <trkpt lat="46.847342" lon="9.227301">
        <ele>1660.4</ele>
      </trkpt>
      <trkpt lat="46.84723" lon="9.227784">
        <ele>1656.5</ele>
      </trkpt>
      <trkpt lat="46.847218" lon="9.227968">
        <ele>1653.9</ele>
      </trkpt>
      <trkpt lat="46.8472" lon="9.228371">
        <ele>1645.6</ele>
      </trkpt>
      <trkpt lat="46.847161" lon="9.228746">
        <ele>1639.8</ele>
      </trkpt>
      <trkpt lat="46.847135" lon="9.228858">
        <ele>1638.8</ele>
      </trkpt>
      <trkpt lat="46.846996" lon="9.229031">
        <ele>1638.2</ele>
      </trkpt>
      <trkpt lat="46.846821" lon="9.22927">
        <ele>1636.5</ele>
      </trkpt>
      <trkpt lat="46.846814" lon="9.229392">
        <ele>1635.9</ele>
      </trkpt>
      <trkpt lat="46.84681" lon="9.229518">
        <ele>1635.9</ele>
      </trkpt>
      <trkpt lat="46.846785" lon="9.229615">
        <ele>1635.5</ele>
      </trkpt>
      <trkpt lat="46.846739" lon="9.229703">
        <ele>1635.5</ele>
      </trkpt>
      <trkpt lat="46.8467" lon="9.229718">
        <ele>1635.3</ele>
      </trkpt>
      <trkpt lat="46.84651" lon="9.230002">
        <ele>1633.8</ele>
      </trkpt>
      <trkpt lat="46.84632" lon="9.230287">
        <ele>1632.4</ele>
      </trkpt>
      <trkpt lat="46.846148" lon="9.230778">
        <ele>1630.6</ele>
      </trkpt>
      <trkpt lat="46.845976" lon="9.231269">
        <ele>1628.3</ele>
      </trkpt>
      <trkpt lat="46.846014" lon="9.23157">
        <ele>1627.2</ele>
      </trkpt>
      <trkpt lat="46.845983" lon="9.231792">
        <ele>1626.0</ele>
      </trkpt>
      <trkpt lat="46.846004" lon="9.232015">
        <ele>1625.8</ele>
        <name>Plaun Station</name>
      </trkpt>
      <trkpt lat="46.846013" lon="9.232387">
        <ele>1625.8</ele>
      </trkpt>
      <trkpt lat="46.846024" lon="9.232741">
        <ele>1624.4</ele>
      </trkpt>
      <trkpt lat="46.84601" lon="9.232879">
        <ele>1624.0</ele>
      </trkpt>
      <trkpt lat="46.845996" lon="9.232944">
        <ele>1623.7</ele>
      </trkpt>
      <trkpt lat="46.84597" lon="9.233006">
        <ele>1623.4</ele>
      </trkpt>
      <trkpt lat="46.845935" lon="9.233062">
        <ele>1623.1</ele>
      </trkpt>
      <trkpt lat="46.845888" lon="9.233128">
        <ele>1623.0</ele>
      </trkpt>
      <trkpt lat="46.845835" lon="9.233172">
        <ele>1622.7</ele>
      </trkpt>
      <trkpt lat="46.845796" lon="9.233201">
        <ele>1622.7</ele>
      </trkpt>
      <trkpt lat="46.845746" lon="9.233221">
        <ele>1622.6</ele>
      </trkpt>
      <trkpt lat="46.845499" lon="9.233287">
        <ele>1622.2</ele>
      </trkpt>
      <trkpt lat="46.845384" lon="9.233406">
        <ele>1621.6</ele>
      </trkpt>
      <trkpt lat="46.845295" lon="9.233646">
        <ele>1620.5</ele>
      </trkpt>
      <trkpt lat="46.845165" lon="9.234172">
        <ele>1618.7</ele>
      </trkpt>
      <trkpt lat="46.845035" lon="9.234699">
        <ele>1617.8</ele>
      </trkpt>
      <trkpt lat="46.844904" lon="9.235225">
        <ele>1616.5</ele>
      </trkpt>
      <trkpt lat="46.84484" lon="9.235624">
        <ele>1616.0</ele>
      </trkpt>
      <trkpt lat="46.844776" lon="9.236023">
        <ele>1615.0</ele>
      </trkpt>
      <trkpt lat="46.84476" lon="9.236452">
        <ele>1614.1</ele>
      </trkpt>
      <trkpt lat="46.844753" lon="9.236637">
        <ele>1613.7</ele>
      </trkpt>
      <trkpt lat="46.844675" lon="9.237141">
        <ele>1613.0</ele>
      </trkpt>
      <trkpt lat="46.844612" lon="9.23742">
        <ele>1613.1</ele>
      </trkpt>
      <trkpt lat="46.844612" lon="9.237717">
        <ele>1613.3</ele>
      </trkpt>
      <trkpt lat="46.84455" lon="9.238001">
        <ele>1612.7</ele>
      </trkpt>
      <trkpt lat="46.844395" lon="9.238471">
        <ele>1612.3</ele>
      </trkpt>
      <trkpt lat="46.844241" lon="9.238942">
        <ele>1611.5</ele>
      </trkpt>
      <trkpt lat="46.844087" lon="9.239412">
        <ele>1610.8</ele>
      </trkpt>
      <trkpt lat="46.843922" lon="9.239972">
        <ele>1610.6</ele>
      </trkpt>
      <trkpt lat="46.843758" lon="9.240531">
        <ele>1610.0</ele>
      </trkpt>
      <trkpt lat="46.8437" lon="9.240747">
        <ele>1609.8</ele>
      </trkpt>
      <trkpt lat="46.8436" lon="9.241123">
        <ele>1608.7</ele>
      </trkpt>
      <trkpt lat="46.843554" lon="9.241293">
        <ele>1608.5</ele>
      </trkpt>
      <trkpt lat="46.843499" lon="9.241702">
        <ele>1608.0</ele>
      </trkpt>
      <trkpt lat="46.843443" lon="9.242111">
        <ele>1608.1</ele>
      </trkpt>
      <trkpt lat="46.843341" lon="9.242394">
        <ele>1610.2</ele>
      </trkpt>
      <trkpt lat="46.843151" lon="9.242634">
        <ele>1611.2</ele>
      </trkpt>
      <trkpt lat="46.843088" lon="9.242884">
        <ele>1610.9</ele>
      </trkpt>
      <trkpt lat="46.843086" lon="9.242984">
        <ele>1611.1</ele>
      </trkpt>
      <trkpt lat="46.84308" lon="9.243054">
        <ele>1611.2</ele>
      </trkpt>
      <trkpt lat="46.84324" lon="9.243415">
        <ele>1613.9</ele>
      </trkpt>
      <trkpt lat="46.843401" lon="9.243775">
        <ele>1614.5</ele>
      </trkpt>
      <trkpt lat="46.843644" lon="9.243856">
        <ele>1616.8</ele>
      </trkpt>
      <trkpt lat="46.843888" lon="9.243936">
        <ele>1619.1</ele>
      </trkpt>
      <trkpt lat="46.843948" lon="9.244092">
        <ele>1620.3</ele>
      </trkpt>
      <trkpt lat="46.843824" lon="9.244415">
        <ele>1623.4</ele>
      </trkpt>
      <trkpt lat="46.8437" lon="9.244738">
        <ele>1626.6</ele>
      </trkpt>
      <trkpt lat="46.843602" lon="9.245043">
        <ele>1629.1</ele>
      </trkpt>
      <trkpt lat="46.843527" lon="9.245276">
        <ele>1630.5</ele>
      </trkpt>
      <trkpt lat="46.843503" lon="9.245348">
        <ele>1631.0</ele>
      </trkpt>
      <trkpt lat="46.843491" lon="9.24561">
        <ele>1632.8</ele>
      </trkpt>
      <trkpt lat="46.84355" lon="9.246003">
        <ele>1635.5</ele>
      </trkpt>
      <trkpt lat="46.843541" lon="9.246186">
        <ele>1637.0</ele>
      </trkpt>
      <trkpt lat="46.843438" lon="9.246482">
        <ele>1639.4</ele>
      </trkpt>
      <trkpt lat="46.84342" lon="9.246651">
        <ele>1640.1</ele>
      </trkpt>
      <trkpt lat="46.843442" lon="9.246751">
        <ele>1641.0</ele>
      </trkpt>
      <trkpt lat="46.843465" lon="9.246973">
        <ele>1640.5</ele>
      </trkpt>
      <trkpt lat="46.843184" lon="9.246953">
        <ele>1635.1</ele>
      </trkpt>
      <trkpt lat="46.843028" lon="9.247064">
        <ele>1631.3</ele>
      </trkpt>
      <trkpt lat="46.842652" lon="9.247219">
        <ele>1619.8</ele>
      </trkpt>
      <trkpt lat="46.8426" lon="9.247193">
        <ele>1618.5</ele>
      </trkpt>
      <trkpt lat="46.842587" lon="9.247078">
        <ele>1617.8</ele>
      </trkpt>
      <trkpt lat="46.842548" lon="9.247047">
        <ele>1616.2</ele>
      </trkpt>
      <trkpt lat="46.842364" lon="9.247053">
        <ele>1610.5</ele>
      </trkpt>
      <trkpt lat="46.842286" lon="9.2471">
        <ele>1608.0</ele>
      </trkpt>
      <trkpt lat="46.842265" lon="9.247004">
        <ele>1605.8</ele>
      </trkpt>
      <trkpt lat="46.842193" lon="9.247118">
        <ele>1604.2</ele>
      </trkpt>
      <trkpt lat="46.842165" lon="9.247197">
        <ele>1602.8</ele>
      </trkpt>
      <trkpt lat="46.842119" lon="9.247246">
        <ele>1599.9</ele>
      </trkpt>
      <trkpt lat="46.842093" lon="9.247304">
        <ele>1599.2</ele>
      </trkpt>
      <trkpt lat="46.841981" lon="9.247268">
        <ele>1595.1</ele>
      </trkpt>
      <trkpt lat="46.841931" lon="9.247429">
        <ele>1591.7</ele>
      </trkpt>
      <trkpt lat="46.841815" lon="9.247253">
        <ele>1587.1</ele>
      </trkpt>
      <trkpt lat="46.841778" lon="9.247228">
        <ele>1585.5</ele>
      </trkpt>
      <trkpt lat="46.841736" lon="9.247336">
        <ele>1583.2</ele>
      </trkpt>
      <trkpt lat="46.841687" lon="9.247409">
        <ele>1581.0</ele>
      </trkpt>
      <trkpt lat="46.841484" lon="9.247563">
        <ele>1572.5</ele>
      </trkpt>
      <trkpt lat="46.841391" lon="9.247527">
        <ele>1568.8</ele>
      </trkpt>
      <trkpt lat="46.841244" lon="9.247546">
        <ele>1563.2</ele>
      </trkpt>
      <trkpt lat="46.841194" lon="9.247649">
        <ele>1559.9</ele>
      </trkpt>
      <trkpt lat="46.841064" lon="9.247587">
        <ele>1555.4</ele>
      </trkpt>
      <trkpt lat="46.841025" lon="9.247579">
        <ele>1553.9</ele>
      </trkpt>
      <trkpt lat="46.840995" lon="9.24763">
        <ele>1552.7</ele>
      </trkpt>
      <trkpt lat="46.840971" lon="9.247702">
        <ele>1550.8</ele>
      </trkpt>
      <trkpt lat="46.840931" lon="9.247717">
        <ele>1549.2</ele>
      </trkpt>
      <trkpt lat="46.84085" lon="9.247675">
        <ele>1546.9</ele>
      </trkpt>
      <trkpt lat="46.840808" lon="9.247668">
        <ele>1546.0</ele>
      </trkpt>
      <trkpt lat="46.840673" lon="9.24772">
        <ele>1543.5</ele>
      </trkpt>
      <trkpt lat="46.840562" lon="9.247757">
        <ele>1541.2</ele>
      </trkpt>
      <trkpt lat="46.840523" lon="9.247758">
        <ele>1540.0</ele>
      </trkpt>
      <trkpt lat="46.840501" lon="9.247745">
        <ele>1539.3</ele>
      </trkpt>
      <trkpt lat="46.840287" lon="9.247378">
        <ele>1532.8</ele>
      </trkpt>
      <trkpt lat="46.840204" lon="9.247368">
        <ele>1529.7</ele>
      </trkpt>
      <trkpt lat="46.840115" lon="9.247357">
        <ele>1527.1</ele>
      </trkpt>
      <trkpt lat="46.840053" lon="9.247325">
        <ele>1525.0</ele>
      </trkpt>
      <trkpt lat="46.839998" lon="9.247263">
        <ele>1522.9</ele>
      </trkpt>
      <trkpt lat="46.839943" lon="9.24717">
        <ele>1520.4</ele>
      </trkpt>
      <trkpt lat="46.839806" lon="9.247121">
        <ele>1516.7</ele>
      </trkpt>
      <trkpt lat="46.839709" lon="9.247116">
        <ele>1513.8</ele>
      </trkpt>
      <trkpt lat="46.839478" lon="9.247272">
        <ele>1507.0</ele>
      </trkpt>
      <trkpt lat="46.839358" lon="9.247359">
        <ele>1502.2</ele>
      </trkpt>
      <trkpt lat="46.839328" lon="9.247374">
        <ele>1500.9</ele>
      </trkpt>
      <trkpt lat="46.839242" lon="9.247379">
        <ele>1498.2</ele>
      </trkpt>
      <trkpt lat="46.839168" lon="9.247417">
        <ele>1496.0</ele>
      </trkpt>
      <trkpt lat="46.839134" lon="9.247414">
        <ele>1495.4</ele>
      </trkpt>
      <trkpt lat="46.839109" lon="9.24742">
        <ele>1494.9</ele>
      </trkpt>
      <trkpt lat="46.839088" lon="9.247438">
        <ele>1494.4</ele>
      </trkpt>
      <trkpt lat="46.839076" lon="9.247461">
        <ele>1493.9</ele>
      </trkpt>
      <trkpt lat="46.83907" lon="9.24749">
        <ele>1493.5</ele>
      </trkpt>
      <trkpt lat="46.838791" lon="9.247398">
        <ele>1492.9</ele>
      </trkpt>
      <trkpt lat="46.838541" lon="9.247243">
        <ele>1489.3</ele>
      </trkpt>
      <trkpt lat="46.83855" lon="9.247317">
        <ele>1487.2</ele>
      </trkpt>
      <trkpt lat="46.838637" lon="9.247592">
        <ele>1480.9</ele>
      </trkpt>
      <trkpt lat="46.838772" lon="9.247885">
        <ele>1481.1</ele>
      </trkpt>
      <trkpt lat="46.838892" lon="9.248002">
        <ele>1480.3</ele>
      </trkpt>
      <trkpt lat="46.838939" lon="9.248191">
        <ele>1476.9</ele>
      </trkpt>
      <trkpt lat="46.838964" lon="9.248249">
        <ele>1474.2</ele>
      </trkpt>
      <trkpt lat="46.839027" lon="9.248301">
        <ele>1472.6</ele>
      </trkpt>
      <trkpt lat="46.839175" lon="9.24836">
        <ele>1470.0</ele>
      </trkpt>
      <trkpt lat="46.839373" lon="9.248395">
        <ele>1466.4</ele>
      </trkpt>
      <trkpt lat="46.839471" lon="9.248513">
        <ele>1463.4</ele>
      </trkpt>
      <trkpt lat="46.83944" lon="9.248609">
        <ele>1461.8</ele>
      </trkpt>
      <trkpt lat="46.839339" lon="9.248688">
        <ele>1458.5</ele>
      </trkpt>
      <trkpt lat="46.839292" lon="9.248776">
        <ele>1455.2</ele>
      </trkpt>
      <trkpt lat="46.839143" lon="9.24884">
        <ele>1453.4</ele>
      </trkpt>
      <trkpt lat="46.838856" lon="9.248822">
        <ele>1449.4</ele>
      </trkpt>
      <trkpt lat="46.838851" lon="9.248886">
        <ele>1446.6</ele>
      </trkpt>
      <trkpt lat="46.838889" lon="9.248978">
        <ele>1442.6</ele>
      </trkpt>
      <trkpt lat="46.839037" lon="9.249181">
        <ele>1438.7</ele>
      </trkpt>
      <trkpt lat="46.83911" lon="9.249288">
        <ele>1435.5</ele>
      </trkpt>
      <trkpt lat="46.839208" lon="9.249356">
        <ele>1431.7</ele>
      </trkpt>
      <trkpt lat="46.839259" lon="9.249407">
        <ele>1430.1</ele>
      </trkpt>
      <trkpt lat="46.83923" lon="9.249464">
        <ele>1428.5</ele>
      </trkpt>
      <trkpt lat="46.839" lon="9.249568">
        <ele>1422.6</ele>
      </trkpt>
      <trkpt lat="46.838957" lon="9.249532">
        <ele>1423.8</ele>
      </trkpt>
      <trkpt lat="46.838797" lon="9.249433">
        <ele>1421.6</ele>
      </trkpt>
      <trkpt lat="46.838751" lon="9.249495">
        <ele>1417.3</ele>
      </trkpt>
      <trkpt lat="46.838699" lon="9.249635">
        <ele>1411.7</ele>
      </trkpt>
      <trkpt lat="46.83883" lon="9.249914">
        <ele>1405.3</ele>
      </trkpt>
      <trkpt lat="46.838937" lon="9.250176">
        <ele>1403.8</ele>
      </trkpt>
      <trkpt lat="46.838927" lon="9.250187">
        <ele>1403.8</ele>
      </trkpt>
      <trkpt lat="46.838895" lon="9.250233">
        <ele>1401.0</ele>
      </trkpt>
      <trkpt lat="46.838927" lon="9.250187">
        <ele>1403.8</ele>
      </trkpt>
      <trkpt lat="46.838937" lon="9.250176">
        <ele>1403.8</ele>
      </trkpt>
      <trkpt lat="46.83895" lon="9.250174">
        <ele>1403.9</ele>
      </trkpt>
      <trkpt lat="46.838963" lon="9.250177">
        <ele>1404.1</ele>
      </trkpt>
      <trkpt lat="46.838978" lon="9.250186">
        <ele>1404.2</ele>
      </trkpt>
      <trkpt lat="46.839002" lon="9.250212">
        <ele>1404.4</ele>
      </trkpt>
      <trkpt lat="46.839016" lon="9.250235">
        <ele>1404.7</ele>
      </trkpt>
      <trkpt lat="46.839086" lon="9.250417">
        <ele>1406.8</ele>
      </trkpt>
      <trkpt lat="46.839102" lon="9.250449">
        <ele>1407.5</ele>
      </trkpt>
      <trkpt lat="46.839125" lon="9.250489">
        <ele>1407.9</ele>
      </trkpt>
      <trkpt lat="46.83919" lon="9.250593">
        <ele>1409.9</ele>
      </trkpt>
      <trkpt lat="46.839208" lon="9.250626">
        <ele>1410.4</ele>
      </trkpt>
      <trkpt lat="46.839252" lon="9.25073">
        <ele>1411.8</ele>
      </trkpt>
      <trkpt lat="46.839269" lon="9.250761">
        <ele>1412.1</ele>
      </trkpt>
      <trkpt lat="46.839284" lon="9.250783">
        <ele>1412.4</ele>
      </trkpt>
      <trkpt lat="46.839302" lon="9.250796">
        <ele>1412.5</ele>
      </trkpt>
      <trkpt lat="46.83932" lon="9.250803">
        <ele>1412.7</ele>
      </trkpt>
      <trkpt lat="46.839339" lon="9.250807">
        <ele>1413.1</ele>
      </trkpt>
      <trkpt lat="46.839356" lon="9.250808">
        <ele>1413.2</ele>
      </trkpt>
      <trkpt lat="46.839488" lon="9.250793">
        <ele>1415.1</ele>
      </trkpt>
      <trkpt lat="46.839508" lon="9.250794">
        <ele>1415.5</ele>
      </trkpt>
      <trkpt lat="46.839528" lon="9.250798">
        <ele>1416.0</ele>
      </trkpt>
      <trkpt lat="46.839765" lon="9.250889">
        <ele>1418.7</ele>
      </trkpt>
      <trkpt lat="46.83978" lon="9.250893">
        <ele>1418.7</ele>
      </trkpt>
      <trkpt lat="46.839789" lon="9.250894">
        <ele>1418.8</ele>
      </trkpt>
      <trkpt lat="46.839797" lon="9.25089">
        <ele>1419.2</ele>
      </trkpt>
      <trkpt lat="46.839813" lon="9.250875">
        <ele>1420.0</ele>
      </trkpt>
      <trkpt lat="46.839979" lon="9.250703">
        <ele>1423.1</ele>
      </trkpt>
      <trkpt lat="46.839993" lon="9.250695">
        <ele>1423.2</ele>
      </trkpt>
      <trkpt lat="46.840008" lon="9.250691">
        <ele>1423.5</ele>
      </trkpt>
      <trkpt lat="46.840024" lon="9.250692">
        <ele>1423.7</ele>
      </trkpt>
      <trkpt lat="46.840042" lon="9.250699">
        <ele>1424.0</ele>
      </trkpt>
      <trkpt lat="46.840117" lon="9.25075">
        <ele>1425.2</ele>
      </trkpt>
      <trkpt lat="46.840116" lon="9.251049">
        <ele>1420.4</ele>
      </trkpt>
      <trkpt lat="46.840048" lon="9.251392">
        <ele>1418.1</ele>
      </trkpt>
      <trkpt lat="46.839904" lon="9.251635">
        <ele>1415.9</ele>
      </trkpt>
      <trkpt lat="46.839611" lon="9.251947">
        <ele>1415.7</ele>
      </trkpt>
      <trkpt lat="46.8394" lon="9.252224">
        <ele>1412.5</ele>
      </trkpt>
      <trkpt lat="46.839388" lon="9.252465">
        <ele>1408.1</ele>
      </trkpt>
      <trkpt lat="46.839173" lon="9.252936">
        <ele>1407.4</ele>
      </trkpt>
      <trkpt lat="46.839098" lon="9.253067">
        <ele>1405.9</ele>
      </trkpt>
      <trkpt lat="46.839077" lon="9.253288">
        <ele>1401.3</ele>
      </trkpt>
      <trkpt lat="46.839016" lon="9.253372">
        <ele>1398.6</ele>
      </trkpt>
      <trkpt lat="46.838818" lon="9.253685">
        <ele>1393.9</ele>
      </trkpt>
      <trkpt lat="46.838587" lon="9.254078">
        <ele>1391.4</ele>
      </trkpt>
      <trkpt lat="46.838505" lon="9.254297">
        <ele>1389.9</ele>
      </trkpt>
      <trkpt lat="46.838475" lon="9.254506">
        <ele>1388.9</ele>
      </trkpt>
      <trkpt lat="46.838479" lon="9.254672">
        <ele>1388.1</ele>
      </trkpt>
      <trkpt lat="46.838483" lon="9.254805">
        <ele>1387.4</ele>
      </trkpt>
      <trkpt lat="46.838451" lon="9.254986">
        <ele>1385.7</ele>
      </trkpt>
      <trkpt lat="46.83831" lon="9.255217">
        <ele>1383.8</ele>
      </trkpt>
      <trkpt lat="46.838267" lon="9.255452">
        <ele>1381.2</ele>
      </trkpt>
      <trkpt lat="46.83824" lon="9.25578">
        <ele>1376.0</ele>
      </trkpt>
      <trkpt lat="46.838212" lon="9.256108">
        <ele>1371.9</ele>
      </trkpt>
      <trkpt lat="46.83812" lon="9.256453">
        <ele>1371.3</ele>
      </trkpt>
      <trkpt lat="46.838027" lon="9.256799">
        <ele>1369.1</ele>
      </trkpt>
      <trkpt lat="46.837987" lon="9.257148">
        <ele>1368.7</ele>
      </trkpt>
      <trkpt lat="46.837891" lon="9.257567">
        <ele>1366.7</ele>
      </trkpt>
      <trkpt lat="46.837686" lon="9.25809">
        <ele>1363.4</ele>
      </trkpt>
      <trkpt lat="46.83762" lon="9.258524">
        <ele>1365.0</ele>
      </trkpt>
      <trkpt lat="46.837694" lon="9.258953">
        <ele>1362.0</ele>
      </trkpt>
      <trkpt lat="46.837763" lon="9.259354">
        <ele>1360.1</ele>
      </trkpt>
      <trkpt lat="46.837768" lon="9.259382">
        <ele>1360.0</ele>
      </trkpt>
      <trkpt lat="46.837944" lon="9.259726">
        <ele>1355.5</ele>
      </trkpt>
      <trkpt lat="46.838087" lon="9.25983">
        <ele>1352.6</ele>
      </trkpt>
      <trkpt lat="46.838357" lon="9.259943">
        <ele>1352.5</ele>
      </trkpt>
      <trkpt lat="46.838561" lon="9.260128">
        <ele>1353.3</ele>
      </trkpt>
      <trkpt lat="46.838764" lon="9.260312">
        <ele>1354.6</ele>
      </trkpt>
      <trkpt lat="46.839079" lon="9.260613">
        <ele>1355.4</ele>
      </trkpt>
      <trkpt lat="46.839295" lon="9.26078">
        <ele>1356.6</ele>
      </trkpt>
      <trkpt lat="46.839537" lon="9.261025">
        <ele>1356.5</ele>
      </trkpt>
      <trkpt lat="46.839779" lon="9.26127">
        <ele>1355.2</ele>
      </trkpt>
      <trkpt lat="46.84005" lon="9.261389">
        <ele>1355.0</ele>
      </trkpt>
      <trkpt lat="46.840113" lon="9.261467">
        <ele>1354.8</ele>
      </trkpt>
      <trkpt lat="46.840161" lon="9.261564">
        <ele>1354.1</ele>
      </trkpt>
      <trkpt lat="46.84009" lon="9.261718">
        <ele>1353.6</ele>
      </trkpt>
      <trkpt lat="46.840014" lon="9.261858">
        <ele>1352.9</ele>
      </trkpt>
      <trkpt lat="46.839855" lon="9.261992">
        <ele>1353.6</ele>
      </trkpt>
      <trkpt lat="46.839819" lon="9.262102">
        <ele>1352.4</ele>
      </trkpt>
      <trkpt lat="46.83976" lon="9.262161">
        <ele>1351.7</ele>
      </trkpt>
      <trkpt lat="46.839635" lon="9.262286">
        <ele>1350.3</ele>
      </trkpt>
      <trkpt lat="46.839585" lon="9.262339">
        <ele>1350.1</ele>
      </trkpt>
      <trkpt lat="46.83953" lon="9.262371">
        <ele>1350.5</ele>
      </trkpt>
      <trkpt lat="46.839487" lon="9.262393">
        <ele>1350.4</ele>
      </trkpt>
      <trkpt lat="46.839441" lon="9.262431">
        <ele>1350.2</ele>
      </trkpt>
      <trkpt lat="46.839398" lon="9.262512">
        <ele>1350.5</ele>
      </trkpt>
      <trkpt lat="46.839274" lon="9.262676">
        <ele>1347.3</ele>
      </trkpt>
      <trkpt lat="46.839179" lon="9.262793">
        <ele>1345.1</ele>
      </trkpt>
      <trkpt lat="46.838947" lon="9.263064">
        <ele>1345.6</ele>
      </trkpt>
      <trkpt lat="46.838846" lon="9.263209">
        <ele>1345.1</ele>
      </trkpt>
      <trkpt lat="46.838753" lon="9.263314">
        <ele>1345.4</ele>
      </trkpt>
      <trkpt lat="46.83869" lon="9.263337">
        <ele>1345.9</ele>
      </trkpt>
      <trkpt lat="46.838626" lon="9.263449">
        <ele>1345.4</ele>
      </trkpt>
      <trkpt lat="46.838569" lon="9.263539">
        <ele>1346.4</ele>
      </trkpt>
      <trkpt lat="46.838475" lon="9.263641">
        <ele>1346.6</ele>
      </trkpt>
      <trkpt lat="46.838336" lon="9.263737">
        <ele>1345.4</ele>
      </trkpt>
      <trkpt lat="46.838246" lon="9.263839">
        <ele>1344.8</ele>
      </trkpt>
      <trkpt lat="46.838073" lon="9.263991">
        <ele>1341.5</ele>
      </trkpt>
      <trkpt lat="46.837927" lon="9.264034">
        <ele>1340.4</ele>
      </trkpt>
      <trkpt lat="46.837831" lon="9.264088">
        <ele>1339.3</ele>
      </trkpt>
      <trkpt lat="46.837714" lon="9.264156">
        <ele>1339.2</ele>
      </trkpt>
      <trkpt lat="46.837709" lon="9.264161">
        <ele>1339.2</ele>
      </trkpt>
      <trkpt lat="46.837621" lon="9.264233">
        <ele>1339.1</ele>
      </trkpt>
      <trkpt lat="46.83753" lon="9.264309">
        <ele>1338.4</ele>
      </trkpt>
      <trkpt lat="46.837454" lon="9.264359">
        <ele>1337.7</ele>
      </trkpt>
      <trkpt lat="46.837362" lon="9.264455">
        <ele>1337.0</ele>
      </trkpt>
      <trkpt lat="46.837272" lon="9.264582">
        <ele>1336.3</ele>
      </trkpt>
      <trkpt lat="46.837227" lon="9.264712">
        <ele>1335.8</ele>
      </trkpt>
      <trkpt lat="46.837212" lon="9.264812">
        <ele>1335.9</ele>
      </trkpt>
      <trkpt lat="46.837002" lon="9.264782">
        <ele>1334.6</ele>
      </trkpt>
      <trkpt lat="46.836867" lon="9.26478">
        <ele>1333.7</ele>
      </trkpt>
      <trkpt lat="46.836746" lon="9.264828">
        <ele>1333.1</ele>
      </trkpt>
      <trkpt lat="46.836623" lon="9.264889">
        <ele>1332.1</ele>
      </trkpt>
      <trkpt lat="46.836516" lon="9.264925">
        <ele>1331.1</ele>
      </trkpt>
      <trkpt lat="46.836414" lon="9.265016">
        <ele>1330.1</ele>
      </trkpt>
      <trkpt lat="46.836311" lon="9.265155">
        <ele>1329.7</ele>
      </trkpt>
      <trkpt lat="46.83623" lon="9.265218">
        <ele>1329.9</ele>
      </trkpt>
      <trkpt lat="46.836106" lon="9.26527">
        <ele>1329.5</ele>
      </trkpt>
      <trkpt lat="46.835804" lon="9.265427">
        <ele>1325.5</ele>
      </trkpt>
      <trkpt lat="46.835579" lon="9.265542">
        <ele>1322.6</ele>
      </trkpt>
      <trkpt lat="46.835497" lon="9.26556">
        <ele>1321.6</ele>
      </trkpt>
      <trkpt lat="46.835401" lon="9.265661">
        <ele>1319.8</ele>
      </trkpt>
      <trkpt lat="46.835342" lon="9.26571">
        <ele>1318.7</ele>
      </trkpt>
      <trkpt lat="46.835226" lon="9.265719">
        <ele>1317.2</ele>
      </trkpt>
      <trkpt lat="46.835106" lon="9.265675">
        <ele>1315.9</ele>
      </trkpt>
      <trkpt lat="46.834961" lon="9.265673">
        <ele>1313.8</ele>
      </trkpt>
      <trkpt lat="46.834849" lon="9.265747">
        <ele>1313.3</ele>
      </trkpt>
      <trkpt lat="46.834742" lon="9.265843">
        <ele>1311.7</ele>
      </trkpt>
      <trkpt lat="46.834658" lon="9.265998">
        <ele>1309.4</ele>
      </trkpt>
      <trkpt lat="46.834516" lon="9.266269">
        <ele>1304.7</ele>
      </trkpt>
      <trkpt lat="46.834375" lon="9.26654">
        <ele>1299.1</ele>
      </trkpt>
      <trkpt lat="46.834173" lon="9.266576">
        <ele>1294.9</ele>
      </trkpt>
      <trkpt lat="46.833929" lon="9.266918">
        <ele>1288.1</ele>
      </trkpt>
      <trkpt lat="46.833896" lon="9.267037">
        <ele>1285.6</ele>
      </trkpt>
      <trkpt lat="46.833886" lon="9.267138">
        <ele>1284.2</ele>
      </trkpt>
      <trkpt lat="46.8339" lon="9.267242">
        <ele>1282.5</ele>
      </trkpt>
      <trkpt lat="46.834034" lon="9.267477">
        <ele>1280.8</ele>
      </trkpt>
      <trkpt lat="46.834092" lon="9.26762">
        <ele>1280.9</ele>
      </trkpt>
      <trkpt lat="46.834099" lon="9.267696">
        <ele>1280.8</ele>
      </trkpt>
      <trkpt lat="46.833975" lon="9.267968">
        <ele>1281.8</ele>
      </trkpt>
      <trkpt lat="46.833844" lon="9.268142">
        <ele>1283.4</ele>
      </trkpt>
      <trkpt lat="46.83377" lon="9.268286">
        <ele>1282.9</ele>
      </trkpt>
      <trkpt lat="46.833608" lon="9.268452">
        <ele>1282.0</ele>
      </trkpt>
      <trkpt lat="46.833411" lon="9.268696">
        <ele>1280.6</ele>
      </trkpt>
      <trkpt lat="46.833213" lon="9.26894">
        <ele>1276.4</ele>
      </trkpt>
      <trkpt lat="46.833132" lon="9.26906">
        <ele>1275.3</ele>
      </trkpt>
      <trkpt lat="46.833077" lon="9.269202">
        <ele>1273.1</ele>
      </trkpt>
      <trkpt lat="46.83287" lon="9.269372">
        <ele>1270.0</ele>
      </trkpt>
      <trkpt lat="46.832741" lon="9.269447">
        <ele>1268.5</ele>
      </trkpt>
      <trkpt lat="46.832681" lon="9.269535">
        <ele>1266.8</ele>
      </trkpt>
      <trkpt lat="46.832604" lon="9.269681">
        <ele>1264.6</ele>
      </trkpt>
      <trkpt lat="46.83244" lon="9.269893">
        <ele>1261.9</ele>
      </trkpt>
      <trkpt lat="46.832393" lon="9.269998">
        <ele>1260.8</ele>
      </trkpt>
      <trkpt lat="46.832267" lon="9.270304">
        <ele>1257.9</ele>
      </trkpt>
      <trkpt lat="46.832246" lon="9.270391">
        <ele>1257.3</ele>
      </trkpt>
      <trkpt lat="46.832227" lon="9.270538">
        <ele>1256.6</ele>
      </trkpt>
      <trkpt lat="46.832209" lon="9.270646">
        <ele>1256.6</ele>
      </trkpt>
      <trkpt lat="46.832211" lon="9.270731">
        <ele>1256.4</ele>
      </trkpt>
      <trkpt lat="46.832221" lon="9.270799">
        <ele>1256.2</ele>
      </trkpt>
      <trkpt lat="46.832254" lon="9.270849">
        <ele>1256.1</ele>
      </trkpt>
      <trkpt lat="46.832297" lon="9.270886">
        <ele>1256.1</ele>
      </trkpt>
      <trkpt lat="46.832375" lon="9.270925">
        <ele>1256.0</ele>
      </trkpt>
      <trkpt lat="46.832488" lon="9.270949">
        <ele>1255.4</ele>
      </trkpt>
      <trkpt lat="46.832551" lon="9.270975">
        <ele>1255.0</ele>
      </trkpt>
      <trkpt lat="46.832594" lon="9.270971">
        <ele>1254.6</ele>
      </trkpt>
      <trkpt lat="46.832629" lon="9.270954">
        <ele>1254.3</ele>
      </trkpt>
      <trkpt lat="46.832689" lon="9.270923">
        <ele>1254.0</ele>
      </trkpt>
      <trkpt lat="46.832737" lon="9.270908">
        <ele>1253.6</ele>
      </trkpt>
      <trkpt lat="46.832782" lon="9.270906">
        <ele>1253.2</ele>
      </trkpt>
      <trkpt lat="46.83285" lon="9.270932">
        <ele>1253.0</ele>
      </trkpt>
      <trkpt lat="46.832897" lon="9.270939">
        <ele>1252.5</ele>
      </trkpt>
      <trkpt lat="46.832932" lon="9.270935">
        <ele>1252.3</ele>
      </trkpt>
      <trkpt lat="46.833115" lon="9.270876">
        <ele>1251.5</ele>
      </trkpt>
      <trkpt lat="46.833272" lon="9.27079">
        <ele>1250.9</ele>
      </trkpt>
      <trkpt lat="46.83354" lon="9.27064">
        <ele>1250.0</ele>
      </trkpt>
      <trkpt lat="46.833745" lon="9.270516">
        <ele>1248.9</ele>
      </trkpt>
      <trkpt lat="46.833788" lon="9.27051">
        <ele>1249.1</ele>
      </trkpt>
      <trkpt lat="46.833847" lon="9.270496">
        <ele>1248.7</ele>
      </trkpt>
      <trkpt lat="46.833941" lon="9.270524">
        <ele>1248.4</ele>
      </trkpt>
      <trkpt lat="46.834266" lon="9.270524">
        <ele>1247.2</ele>
      </trkpt>
      <trkpt lat="46.834323" lon="9.270538">
        <ele>1246.6</ele>
      </trkpt>
      <trkpt lat="46.83437" lon="9.270578">
        <ele>1246.5</ele>
      </trkpt>
      <trkpt lat="46.834461" lon="9.270685">
        <ele>1245.9</ele>
      </trkpt>
      <trkpt lat="46.834627" lon="9.270694">
        <ele>1244.6</ele>
      </trkpt>
      <trkpt lat="46.834779" lon="9.270728">
        <ele>1245.1</ele>
      </trkpt>
      <trkpt lat="46.834815" lon="9.270749">
        <ele>1245.2</ele>
      </trkpt>
      <trkpt lat="46.834849" lon="9.27079">
        <ele>1245.3</ele>
      </trkpt>
      <trkpt lat="46.834756" lon="9.270937">
        <ele>1244.9</ele>
      </trkpt>
      <trkpt lat="46.834545" lon="9.271286">
        <ele>1239.5</ele>
      </trkpt>
      <trkpt lat="46.834319" lon="9.271396">
        <ele>1235.8</ele>
      </trkpt>
      <trkpt lat="46.834094" lon="9.271506">
        <ele>1235.1</ele>
      </trkpt>
      <trkpt lat="46.83405" lon="9.271891">
        <ele>1228.6</ele>
      </trkpt>
      <trkpt lat="46.833734" lon="9.272257">
        <ele>1219.8</ele>
      </trkpt>
      <trkpt lat="46.833771" lon="9.272493">
        <ele>1216.8</ele>
      </trkpt>
      <trkpt lat="46.833866" lon="9.272574">
        <ele>1212.7</ele>
      </trkpt>
      <trkpt lat="46.834157" lon="9.272731">
        <ele>1219.5</ele>
      </trkpt>
      <trkpt lat="46.834232" lon="9.273116">
        <ele>1214.5</ele>
      </trkpt>
      <trkpt lat="46.834307" lon="9.273502">
        <ele>1205.0</ele>
      </trkpt>
      <trkpt lat="46.834318" lon="9.273909">
        <ele>1196.3</ele>
      </trkpt>
      <trkpt lat="46.834329" lon="9.274317">
        <ele>1191.6</ele>
      </trkpt>
      <trkpt lat="46.834072" lon="9.274789">
        <ele>1182.9</ele>
      </trkpt>
      <trkpt lat="46.834314" lon="9.275218">
        <ele>1182.3</ele>
      </trkpt>
      <trkpt lat="46.834101" lon="9.275476">
        <ele>1184.6</ele>
      </trkpt>
      <trkpt lat="46.833793" lon="9.27571">
        <ele>1178.2</ele>
      </trkpt>
      <trkpt lat="46.833486" lon="9.275945">
        <ele>1172.6</ele>
      </trkpt>
      <trkpt lat="46.833361" lon="9.276301">
        <ele>1166.7</ele>
      </trkpt>
      <trkpt lat="46.833311" lon="9.276547">
        <ele>1164.8</ele>
      </trkpt>
      <trkpt lat="46.833177" lon="9.276839">
        <ele>1158.5</ele>
      </trkpt>
      <trkpt lat="46.833043" lon="9.27713">
        <ele>1155.5</ele>
      </trkpt>
      <trkpt lat="46.832903" lon="9.277626">
        <ele>1152.1</ele>
      </trkpt>
      <trkpt lat="46.832763" lon="9.278122">
        <ele>1141.4</ele>
      </trkpt>
      <trkpt lat="46.832604" lon="9.278254">
        <ele>1134.9</ele>
      </trkpt>
      <trkpt lat="46.83245" lon="9.278688">
        <ele>1130.3</ele>
      </trkpt>
      <trkpt lat="46.832296" lon="9.279122">
        <ele>1129.2</ele>
      </trkpt>
      <trkpt lat="46.832134" lon="9.279231">
        <ele>1127.4</ele>
      </trkpt>
      <trkpt lat="46.832071" lon="9.27944">
        <ele>1126.7</ele>
      </trkpt>
      <trkpt lat="46.832151" lon="9.279558">
        <ele>1122.9</ele>
      </trkpt>
      <trkpt lat="46.832487" lon="9.279758">
        <ele>1123.6</ele>
      </trkpt>
      <trkpt lat="46.832662" lon="9.279445">
        <ele>1117.2</ele>
      </trkpt>
      <trkpt lat="46.832846" lon="9.279715">
        <ele>1116.8</ele>
      </trkpt>
      <trkpt lat="46.832857" lon="9.280089">
        <ele>1114.0</ele>
      </trkpt>
      <trkpt lat="46.832867" lon="9.280463">
        <ele>1108.6</ele>
      </trkpt>
      <trkpt lat="46.832891" lon="9.280607">
        <ele>1105.7</ele>
      </trkpt>
      <trkpt lat="46.833003" lon="9.280806">
        <ele>1104.8</ele>
      </trkpt>
      <trkpt lat="46.833217" lon="9.280972">
        <ele>1104.8</ele>
      </trkpt>
      <trkpt lat="46.833276" lon="9.281095">
        <ele>1102.7</ele>
      </trkpt>
      <trkpt lat="46.833299" lon="9.2812">
        <ele>1099.3</ele>
      </trkpt>
      <trkpt lat="46.833282" lon="9.281368">
        <ele>1090.1</ele>
      </trkpt>
      <trkpt lat="46.833293" lon="9.281442">
        <ele>1088.2</ele>
      </trkpt>
      <trkpt lat="46.833265" lon="9.281589">
        <ele>1076.9</ele>
      </trkpt>
      <trkpt lat="46.833149" lon="9.281732">
        <ele>1074.7</ele>
      </trkpt>
      <trkpt lat="46.833108" lon="9.281932">
        <ele>1065.5</ele>
      </trkpt>
      <trkpt lat="46.833133" lon="9.282101">
        <ele>1059.5</ele>
      </trkpt>
      <trkpt lat="46.832752" lon="9.282378">
        <ele>1078.1</ele>
      </trkpt>
      <trkpt lat="46.832777" lon="9.282445">
        <ele>1078.5</ele>
      </trkpt>
      <trkpt lat="46.832874" lon="9.282703">
        <ele>1080.2</ele>
      </trkpt>
      <trkpt lat="46.832907" lon="9.28279">
        <ele>1080.5</ele>
        <name>Stenna Center</name>
      </trkpt>
      <trkpt lat="46.832962" lon="9.282938">
        <ele>1081.4</ele>
      </trkpt>
      <trkpt lat="46.832926" lon="9.282967">
        <ele>1081.5</ele>
      </trkpt>
      <trkpt lat="46.832934" lon="9.282981">
        <ele>1081.5</ele>
      </trkpt>
      <trkpt lat="46.833287" lon="9.282806">
        <ele>1054.5</ele>
      </trkpt>
      <trkpt lat="46.833323" lon="9.282883">
        <ele>1054.1</ele>
      </trkpt>
      <trkpt lat="46.833339" lon="9.283108">
        <ele>1051.2</ele>
      </trkpt>
      <trkpt lat="46.833309" lon="9.283311">
        <ele>1051.6</ele>
      </trkpt>
      <trkpt lat="46.833148" lon="9.283837">
        <ele>1050.7</ele>
      </trkpt>
      <trkpt lat="46.833126" lon="9.284131">
        <ele>1047.2</ele>
      </trkpt>
      <trkpt lat="46.833095" lon="9.284311">
        <ele>1046.5</ele>
      </trkpt>
      <trkpt lat="46.833047" lon="9.284451">
        <ele>1046.3</ele>
      </trkpt>
      <trkpt lat="46.832995" lon="9.284577">
        <ele>1046.1</ele>
      </trkpt>
      <trkpt lat="46.832918" lon="9.284659">
        <ele>1045.3</ele>
      </trkpt>
      <trkpt lat="46.832598" lon="9.284939">
        <ele>1043.9</ele>
      </trkpt>
      <trkpt lat="46.832465" lon="9.285213">
        <ele>1045.7</ele>
      </trkpt>
      <trkpt lat="46.832422" lon="9.285719">
        <ele>1045.7</ele>
      </trkpt>
      <trkpt lat="46.832435" lon="9.285843">
        <ele>1047.3</ele>
      </trkpt>
      <trkpt lat="46.832475" lon="9.286007">
        <ele>1044.8</ele>
      </trkpt>
      <trkpt lat="46.832539" lon="9.286272">
        <ele>1040.6</ele>
      </trkpt>
      <trkpt lat="46.832555" lon="9.286376">
        <ele>1041.2</ele>
      </trkpt>
      <trkpt lat="46.832563" lon="9.286532">
        <ele>1040.0</ele>
      </trkpt>
      <trkpt lat="46.832537" lon="9.286678">
        <ele>1040.2</ele>
      </trkpt>
      <trkpt lat="46.832468" lon="9.286841">
        <ele>1039.0</ele>
      </trkpt>
      <trkpt lat="46.832331" lon="9.287034">
        <ele>1043.8</ele>
      </trkpt>
      <trkpt lat="46.832297" lon="9.287068">
        <ele>1045.6</ele>
      </trkpt>
      <trkpt lat="46.832256" lon="9.287098">
        <ele>1045.4</ele>
      </trkpt>
      <trkpt lat="46.83224" lon="9.28719">
        <ele>1045.0</ele>
      </trkpt>
      <trkpt lat="46.832172" lon="9.287464">
        <ele>1043.5</ele>
      </trkpt>
      <trkpt lat="46.832173" lon="9.28749">
        <ele>1043.3</ele>
      </trkpt>
      <trkpt lat="46.83218" lon="9.287517">
        <ele>1043.0</ele>
      </trkpt>
      <trkpt lat="46.832198" lon="9.28756">
        <ele>1042.6</ele>
      </trkpt>
      <trkpt lat="46.832205" lon="9.287575">
        <ele>1042.5</ele>
      </trkpt>
      <trkpt lat="46.832292" lon="9.287636">
        <ele>1041.9</ele>
      </trkpt>
      <trkpt lat="46.832268" lon="9.287662">
        <ele>1041.9</ele>
      </trkpt>
      <trkpt lat="46.83225" lon="9.28769">
        <ele>1041.9</ele>
      </trkpt>
      <trkpt lat="46.832236" lon="9.287731">
        <ele>1041.8</ele>
      </trkpt>
      <trkpt lat="46.832183" lon="9.287937">
        <ele>1042.6</ele>
      </trkpt>
      <trkpt lat="46.832157" lon="9.288009">
        <ele>1042.7</ele>
      </trkpt>
      <trkpt lat="46.832131" lon="9.288058">
        <ele>1042.9</ele>
      </trkpt>
      <trkpt lat="46.832098" lon="9.288104">
        <ele>1043.0</ele>
      </trkpt>
      <trkpt lat="46.832048" lon="9.288152">
        <ele>1043.3</ele>
      </trkpt>
      <trkpt lat="46.831998" lon="9.288193">
        <ele>1043.6</ele>
      </trkpt>
      <trkpt lat="46.831948" lon="9.288229">
        <ele>1043.9</ele>
      </trkpt>
      <trkpt lat="46.831885" lon="9.288261">
        <ele>1044.1</ele>
      </trkpt>
      <trkpt lat="46.831663" lon="9.28836">
        <ele>1044.9</ele>
      </trkpt>
      <trkpt lat="46.831441" lon="9.28846">
        <ele>1045.8</ele>
      </trkpt>
      <trkpt lat="46.831523" lon="9.288774">
        <ele>1045.2</ele>
      </trkpt>
      <trkpt lat="46.831582" lon="9.289106">
        <ele>1045.2</ele>
      </trkpt>
      <trkpt lat="46.831612" lon="9.289248">
        <ele>1045.0</ele>
      </trkpt>
      <trkpt lat="46.831641" lon="9.289328">
        <ele>1045.1</ele>
      </trkpt>
      <trkpt lat="46.831739" lon="9.289499">
        <ele>1045.2</ele>
      </trkpt>
      <trkpt lat="46.831876" lon="9.28975">
        <ele>1044.9</ele>
      </trkpt>
      <trkpt lat="46.831976" lon="9.289952">
        <ele>1044.5</ele>
      </trkpt>
      <trkpt lat="46.832082" lon="9.290145">
        <ele>1044.2</ele>
      </trkpt>
      <trkpt lat="46.832098" lon="9.290175">
        <ele>1044.1</ele>
      </trkpt>
      <trkpt lat="46.832168" lon="9.290392">
        <ele>1044.1</ele>
      </trkpt>
      <trkpt lat="46.832184" lon="9.29051">
        <ele>1044.0</ele>
      </trkpt>
      <trkpt lat="46.832195" lon="9.290756">
        <ele>1044.3</ele>
      </trkpt>
      <trkpt lat="46.83219" lon="9.290826">
        <ele>1044.5</ele>
      </trkpt>
      <trkpt lat="46.832178" lon="9.290885">
        <ele>1044.7</ele>
      </trkpt>
      <trkpt lat="46.832094" lon="9.291162">
        <ele>1045.2</ele>
      </trkpt>
      <trkpt lat="46.831987" lon="9.29152">
        <ele>1047.3</ele>
      </trkpt>
      <trkpt lat="46.831879" lon="9.291877">
        <ele>1048.5</ele>
      </trkpt>
      <trkpt lat="46.831863" lon="9.291941">
        <ele>1048.6</ele>
      </trkpt>
      <trkpt lat="46.831808" lon="9.29215">
        <ele>1049.0</ele>
      </trkpt>
      <trkpt lat="46.8318" lon="9.292248">
        <ele>1049.0</ele>
      </trkpt>
      <trkpt lat="46.831847" lon="9.292704">
        <ele>1049.1</ele>
      </trkpt>
      <trkpt lat="46.831893" lon="9.29316">
        <ele>1049.3</ele>
      </trkpt>
      <trkpt lat="46.831892" lon="9.293233">
        <ele>1049.4</ele>
      </trkpt>
      <trkpt lat="46.831857" lon="9.293403">
        <ele>1049.1</ele>
      </trkpt>
      <trkpt lat="46.831706" lon="9.293897">
        <ele>1047.6</ele>
      </trkpt>
      <trkpt lat="46.831667" lon="9.293971">
        <ele>1047.4</ele>
      </trkpt>
      <trkpt lat="46.831633" lon="9.29401">
        <ele>1047.5</ele>
      </trkpt>
      <trkpt lat="46.831589" lon="9.29415">
        <ele>1047.2</ele>
      </trkpt>
      <trkpt lat="46.831587" lon="9.294203">
        <ele>1047.1</ele>
      </trkpt>
      <trkpt lat="46.831609" lon="9.294362">
        <ele>1046.9</ele>
      </trkpt>
      <trkpt lat="46.83159" lon="9.294476">
        <ele>1047.0</ele>
      </trkpt>
      <trkpt lat="46.83155" lon="9.294557">
        <ele>1047.1</ele>
      </trkpt>
      <trkpt lat="46.831525" lon="9.294638">
        <ele>1047.5</ele>
      </trkpt>
      <trkpt lat="46.831516" lon="9.294766">
        <ele>1046.3</ele>
      </trkpt>
      <trkpt lat="46.831532" lon="9.294873">
        <ele>1046.2</ele>
      </trkpt>
      <trkpt lat="46.831631" lon="9.295274">
        <ele>1043.5</ele>
      </trkpt>
      <trkpt lat="46.831682" lon="9.295438">
        <ele>1042.5</ele>
      </trkpt>
      <trkpt lat="46.831712" lon="9.295535">
        <ele>1041.9</ele>
      </trkpt>
      <trkpt lat="46.831735" lon="9.295633">
        <ele>1041.4</ele>
      </trkpt>
      <trkpt lat="46.831745" lon="9.295757">
        <ele>1041.0</ele>
      </trkpt>
      <trkpt lat="46.831748" lon="9.296044">
        <ele>1040.1</ele>
      </trkpt>
      <trkpt lat="46.831739" lon="9.296128">
        <ele>1039.9</ele>
      </trkpt>
      <trkpt lat="46.831706" lon="9.296303">
        <ele>1039.6</ele>
      </trkpt>
      <trkpt lat="46.83163" lon="9.296637">
        <ele>1039.0</ele>
      </trkpt>
      <trkpt lat="46.83162" lon="9.296862">
        <ele>1038.9</ele>
      </trkpt>
      <trkpt lat="46.831596" lon="9.296987">
        <ele>1038.7</ele>
      </trkpt>
      <trkpt lat="46.831573" lon="9.297011">
        <ele>1039.0</ele>
      </trkpt>
      <trkpt lat="46.831456" lon="9.297067">
        <ele>1041.0</ele>
      </trkpt>
      <trkpt lat="46.831431" lon="9.29707">
        <ele>1041.2</ele>
      </trkpt>
      <trkpt lat="46.831407" lon="9.297065">
        <ele>1041.5</ele>
      </trkpt>
      <trkpt lat="46.831381" lon="9.297054">
        <ele>1041.7</ele>
      </trkpt>
      <trkpt lat="46.831297" lon="9.297131">
        <ele>1042.0</ele>
      </trkpt>
      <trkpt lat="46.830973" lon="9.297301">
        <ele>1043.1</ele>
      </trkpt>
      <trkpt lat="46.830936" lon="9.297329">
        <ele>1043.4</ele>
      </trkpt>
      <trkpt lat="46.830907" lon="9.297364">
        <ele>1043.4</ele>
      </trkpt>
      <trkpt lat="46.830886" lon="9.297406">
        <ele>1043.2</ele>
      </trkpt>
      <trkpt lat="46.830863" lon="9.297466">
        <ele>1043.1</ele>
      </trkpt>
      <trkpt lat="46.830822" lon="9.297607">
        <ele>1043.6</ele>
      </trkpt>
      <trkpt lat="46.830796" lon="9.297663">
        <ele>1043.7</ele>
      </trkpt>
      <trkpt lat="46.830763" lon="9.297715">
        <ele>1043.1</ele>
      </trkpt>
      <trkpt lat="46.830699" lon="9.297773">
        <ele>1042.6</ele>
      </trkpt>
      <trkpt lat="46.830578" lon="9.297857">
        <ele>1042.6</ele>
      </trkpt>
      <trkpt lat="46.830562" lon="9.297874">
        <ele>1042.6</ele>
      </trkpt>
      <trkpt lat="46.830522" lon="9.297945">
        <ele>1042.4</ele>
      </trkpt>
      <trkpt lat="46.830503" lon="9.297969">
        <ele>1042.4</ele>
      </trkpt>
      <trkpt lat="46.830352" lon="9.298068">
        <ele>1042.4</ele>
      </trkpt>
      <trkpt lat="46.83031" lon="9.298212">
        <ele>1041.4</ele>
      </trkpt>
      <trkpt lat="46.830282" lon="9.298275">
        <ele>1041.4</ele>
      </trkpt>
      <trkpt lat="46.830252" lon="9.298314">
        <ele>1042.0</ele>
      </trkpt>
      <trkpt lat="46.83009" lon="9.298483">
        <ele>1043.6</ele>
      </trkpt>
      <trkpt lat="46.829953" lon="9.298903">
        <ele>1042.8</ele>
      </trkpt>
      <trkpt lat="46.829885" lon="9.299012">
        <ele>1043.9</ele>
      </trkpt>
      <trkpt lat="46.829853" lon="9.299122">
        <ele>1045.4</ele>
      </trkpt>
      <trkpt lat="46.829835" lon="9.299158">
        <ele>1045.7</ele>
      </trkpt>
      <trkpt lat="46.829542" lon="9.299504">
        <ele>1047.6</ele>
      </trkpt>
      <trkpt lat="46.82934" lon="9.299546">
        <ele>1048.9</ele>
      </trkpt>
      <trkpt lat="46.82926" lon="9.299585">
        <ele>1049.8</ele>
      </trkpt>
      <trkpt lat="46.829191" lon="9.299726">
        <ele>1049.1</ele>
      </trkpt>
      <trkpt lat="46.829175" lon="9.299797">
        <ele>1049.6</ele>
      </trkpt>
      <trkpt lat="46.829176" lon="9.299864">
        <ele>1049.7</ele>
      </trkpt>
      <trkpt lat="46.829172" lon="9.299893">
        <ele>1049.7</ele>
      </trkpt>
      <trkpt lat="46.829162" lon="9.299916">
        <ele>1049.6</ele>
      </trkpt>
      <trkpt lat="46.828972" lon="9.300127">
        <ele>1052.1</ele>
      </trkpt>
      <trkpt lat="46.828933" lon="9.300191">
        <ele>1052.0</ele>
      </trkpt>
      <trkpt lat="46.828907" lon="9.300214">
        <ele>1051.9</ele>
      </trkpt>
      <trkpt lat="46.82888" lon="9.300221">
        <ele>1052.0</ele>
      </trkpt>
      <trkpt lat="46.828783" lon="9.300236">
        <ele>1052.3</ele>
      </trkpt>
      <trkpt lat="46.828667" lon="9.30034">
        <ele>1053.2</ele>
      </trkpt>
      <trkpt lat="46.828577" lon="9.300421">
        <ele>1054.0</ele>
      </trkpt>
      <trkpt lat="46.828517" lon="9.300443">
        <ele>1054.3</ele>
      </trkpt>
      <trkpt lat="46.828339" lon="9.300483">
        <ele>1053.2</ele>
      </trkpt>
      <trkpt lat="46.828315" lon="9.300513">
        <ele>1053.5</ele>
      </trkpt>
      <trkpt lat="46.828174" lon="9.300802">
        <ele>1054.6</ele>
      </trkpt>
      <trkpt lat="46.828137" lon="9.300848">
        <ele>1055.3</ele>
      </trkpt>
      <trkpt lat="46.828092" lon="9.30089">
        <ele>1055.5</ele>
      </trkpt>
      <trkpt lat="46.828042" lon="9.300919">
        <ele>1055.3</ele>
      </trkpt>
      <trkpt lat="46.827989" lon="9.30093">
        <ele>1055.2</ele>
      </trkpt>
      <trkpt lat="46.827931" lon="9.300963">
        <ele>1054.8</ele>
      </trkpt>
      <trkpt lat="46.827863" lon="9.300977">
        <ele>1054.2</ele>
      </trkpt>
      <trkpt lat="46.827824" lon="9.300992">
        <ele>1053.8</ele>
      </trkpt>
      <trkpt lat="46.827711" lon="9.301014">
        <ele>1053.7</ele>
      </trkpt>
      <trkpt lat="46.827486" lon="9.301014">
        <ele>1054.3</ele>
      </trkpt>
      <trkpt lat="46.827465" lon="9.301022">
        <ele>1054.3</ele>
      </trkpt>
      <trkpt lat="46.827403" lon="9.301071">
        <ele>1054.2</ele>
      </trkpt>
      <trkpt lat="46.827362" lon="9.301093">
        <ele>1054.1</ele>
      </trkpt>
      <trkpt lat="46.827251" lon="9.301122">
        <ele>1053.9</ele>
      </trkpt>
      <trkpt lat="46.827084" lon="9.301148">
        <ele>1054.8</ele>
      </trkpt>
      <trkpt lat="46.82689" lon="9.301171">
        <ele>1055.2</ele>
      </trkpt>
      <trkpt lat="46.826856" lon="9.301164">
        <ele>1055.1</ele>
      </trkpt>
      <trkpt lat="46.826779" lon="9.301113">
        <ele>1054.5</ele>
      </trkpt>
      <trkpt lat="46.826692" lon="9.301074">
        <ele>1053.5</ele>
      </trkpt>
      <trkpt lat="46.826518" lon="9.30106">
        <ele>1052.9</ele>
      </trkpt>
      <trkpt lat="46.826418" lon="9.301111">
        <ele>1052.4</ele>
      </trkpt>
      <trkpt lat="46.826396" lon="9.301166">
        <ele>1051.5</ele>
      </trkpt>
      <trkpt lat="46.826336" lon="9.30139">
        <ele>1051.1</ele>
      </trkpt>
      <trkpt lat="46.826312" lon="9.30143">
        <ele>1051.5</ele>
      </trkpt>
      <trkpt lat="46.826273" lon="9.301461">
        <ele>1052.6</ele>
      </trkpt>
      <trkpt lat="46.826197" lon="9.301482">
        <ele>1053.6</ele>
      </trkpt>
      <trkpt lat="46.826042" lon="9.301456">
        <ele>1054.7</ele>
      </trkpt>
      <trkpt lat="46.825784" lon="9.301596">
        <ele>1057.3</ele>
      </trkpt>
      <trkpt lat="46.825647" lon="9.301628">
        <ele>1057.6</ele>
      </trkpt>
      <trkpt lat="46.825449" lon="9.301725">
        <ele>1056.6</ele>
      </trkpt>
      <trkpt lat="46.825367" lon="9.301832">
        <ele>1057.8</ele>
      </trkpt>
      <trkpt lat="46.82533" lon="9.301855">
        <ele>1057.6</ele>
      </trkpt>
      <trkpt lat="46.825281" lon="9.301872">
        <ele>1057.4</ele>
      </trkpt>
      <trkpt lat="46.825135" lon="9.301872">
        <ele>1057.5</ele>
      </trkpt>
      <trkpt lat="46.825081" lon="9.30186">
        <ele>1057.8</ele>
      </trkpt>
      <trkpt lat="46.824885" lon="9.301764">
        <ele>1056.7</ele>
      </trkpt>
      <trkpt lat="46.824832" lon="9.301724">
        <ele>1056.1</ele>
      </trkpt>
      <trkpt lat="46.824664" lon="9.301649">
        <ele>1055.4</ele>
      </trkpt>
      <trkpt lat="46.824603" lon="9.30159">
        <ele>1055.1</ele>
      </trkpt>
      <trkpt lat="46.824508" lon="9.301441">
        <ele>1054.7</ele>
      </trkpt>
      <trkpt lat="46.824473" lon="9.3014">
        <ele>1054.8</ele>
      </trkpt>
      <trkpt lat="46.824339" lon="9.301263">
        <ele>1054.3</ele>
      </trkpt>
      <trkpt lat="46.824261" lon="9.30113">
        <ele>1052.8</ele>
      </trkpt>
      <trkpt lat="46.82412" lon="9.300952">
        <ele>1052.0</ele>
      </trkpt>
      <trkpt lat="46.824017" lon="9.300777">
        <ele>1051.9</ele>
      </trkpt>
      <trkpt lat="46.823981" lon="9.300767">
        <ele>1052.1</ele>
      </trkpt>
      <trkpt lat="46.823943" lon="9.300767">
        <ele>1052.4</ele>
      </trkpt>
      <trkpt lat="46.823824" lon="9.300845">
        <ele>1052.2</ele>
      </trkpt>
      <trkpt lat="46.823772" lon="9.300928">
        <ele>1052.8</ele>
      </trkpt>
      <trkpt lat="46.823736" lon="9.301096">
        <ele>1054.9</ele>
      </trkpt>
      <trkpt lat="46.823683" lon="9.301198">
        <ele>1056.1</ele>
      </trkpt>
      <trkpt lat="46.823523" lon="9.301344">
        <ele>1057.8</ele>
      </trkpt>
      <trkpt lat="46.82339" lon="9.301522">
        <ele>1059.0</ele>
      </trkpt>
      <trkpt lat="46.823118" lon="9.301714">
        <ele>1059.3</ele>
      </trkpt>
      <trkpt lat="46.822994" lon="9.301733">
        <ele>1060.7</ele>
      </trkpt>
      <trkpt lat="46.822851" lon="9.301649">
        <ele>1057.6</ele>
      </trkpt>
      <trkpt lat="46.822673" lon="9.301314">
        <ele>1053.3</ele>
      </trkpt>
      <trkpt lat="46.822639" lon="9.301245">
        <ele>1052.6</ele>
      </trkpt>
      <trkpt lat="46.822626" lon="9.301223">
        <ele>1052.6</ele>
      </trkpt>
      <trkpt lat="46.822604" lon="9.301195">
        <ele>1052.7</ele>
      </trkpt>
      <trkpt lat="46.822566" lon="9.301162">
        <ele>1052.3</ele>
      </trkpt>
      <trkpt lat="46.822482" lon="9.301098">
        <ele>1051.5</ele>
      </trkpt>
      <trkpt lat="46.822471" lon="9.301005">
        <ele>1051.6</ele>
      </trkpt>
      <trkpt lat="46.822468" lon="9.30092">
        <ele>1051.6</ele>
      </trkpt>
      <trkpt lat="46.822474" lon="9.300826">
        <ele>1051.5</ele>
      </trkpt>
      <trkpt lat="46.822511" lon="9.300613">
        <ele>1051.6</ele>
      </trkpt>
      <trkpt lat="46.822414" lon="9.300771">
        <ele>1050.3</ele>
      </trkpt>
      <trkpt lat="46.822399" lon="9.300581">
        <ele>1048.6</ele>
      </trkpt>
      <trkpt lat="46.822356" lon="9.300483">
        <ele>1047.7</ele>
      </trkpt>
      <trkpt lat="46.822347" lon="9.300362">
        <ele>1046.6</ele>
      </trkpt>
      <trkpt lat="46.822294" lon="9.300288">
        <ele>1046.0</ele>
      </trkpt>
      <trkpt lat="46.822216" lon="9.300257">
        <ele>1046.1</ele>
      </trkpt>
      <trkpt lat="46.822116" lon="9.300174">
        <ele>1046.9</ele>
      </trkpt>
      <trkpt lat="46.821828" lon="9.300219">
        <ele>1044.6</ele>
      </trkpt>
      <trkpt lat="46.821571" lon="9.300167">
        <ele>1042.5</ele>
      </trkpt>
      <trkpt lat="46.821498" lon="9.30023">
        <ele>1040.6</ele>
      </trkpt>
      <trkpt lat="46.821204" lon="9.300325">
        <ele>1036.1</ele>
      </trkpt>
      <trkpt lat="46.821128" lon="9.300366">
        <ele>1034.8</ele>
      </trkpt>
      <trkpt lat="46.820959" lon="9.30035">
        <ele>1031.2</ele>
      </trkpt>
      <trkpt lat="46.82088" lon="9.300384">
        <ele>1029.6</ele>
      </trkpt>
      <trkpt lat="46.820841" lon="9.300322">
        <ele>1028.1</ele>
      </trkpt>
      <trkpt lat="46.820746" lon="9.300312">
        <ele>1026.0</ele>
      </trkpt>
      <trkpt lat="46.820692" lon="9.300306">
        <ele>1024.8</ele>
      </trkpt>
      <trkpt lat="46.820579" lon="9.300163">
        <ele>1023.3</ele>
      </trkpt>
      <trkpt lat="46.820542" lon="9.300028">
        <ele>1023.5</ele>
      </trkpt>
      <trkpt lat="46.820563" lon="9.299883">
        <ele>1023.2</ele>
      </trkpt>
      <trkpt lat="46.820477" lon="9.299654">
        <ele>1021.6</ele>
      </trkpt>
      <trkpt lat="46.820364" lon="9.299365">
        <ele>1018.7</ele>
      </trkpt>
      <trkpt lat="46.820299" lon="9.299272">
        <ele>1017.6</ele>
      </trkpt>
      <trkpt lat="46.820264" lon="9.299177">
        <ele>1017.2</ele>
      </trkpt>
      <trkpt lat="46.820226" lon="9.299125">
        <ele>1015.9</ele>
      </trkpt>
      <trkpt lat="46.820204" lon="9.299099">
        <ele>1015.6</ele>
      </trkpt>
      <trkpt lat="46.820127" lon="9.29885">
        <ele>1012.9</ele>
      </trkpt>
      <trkpt lat="46.820119" lon="9.29881">
        <ele>1012.4</ele>
      </trkpt>
      <trkpt lat="46.820122" lon="9.298771">
        <ele>1011.5</ele>
      </trkpt>
      <trkpt lat="46.820132" lon="9.298714">
        <ele>1010.5</ele>
      </trkpt>
      <trkpt lat="46.820126" lon="9.298664">
        <ele>1009.3</ele>
      </trkpt>
      <trkpt lat="46.82003" lon="9.298408">
        <ele>1006.0</ele>
      </trkpt>
      <trkpt lat="46.819997" lon="9.298471">
        <ele>1005.8</ele>
      </trkpt>
      <trkpt lat="46.819846" lon="9.298602">
        <ele>1006.2</ele>
      </trkpt>
      <trkpt lat="46.819808" lon="9.298619">
        <ele>1006.5</ele>
      </trkpt>
      <trkpt lat="46.819772" lon="9.298634">
        <ele>1006.3</ele>
      </trkpt>
      <trkpt lat="46.81965" lon="9.298703">
        <ele>1004.6</ele>
      </trkpt>
      <trkpt lat="46.819442" lon="9.298803">
        <ele>1004.5</ele>
      </trkpt>
      <trkpt lat="46.819205" lon="9.299033">
        <ele>1004.1</ele>
      </trkpt>
      <trkpt lat="46.81911" lon="9.299059">
        <ele>1003.9</ele>
      </trkpt>
      <trkpt lat="46.819028" lon="9.299109">
        <ele>1003.3</ele>
      </trkpt>
      <trkpt lat="46.818957" lon="9.299177">
        <ele>1003.3</ele>
      </trkpt>
      <trkpt lat="46.818901" lon="9.299191">
        <ele>1003.4</ele>
      </trkpt>
      <trkpt lat="46.818811" lon="9.299182">
        <ele>1003.3</ele>
      </trkpt>
      <trkpt lat="46.818654" lon="9.299031">
        <ele>1002.9</ele>
      </trkpt>
      <trkpt lat="46.818579" lon="9.299001">
        <ele>1002.7</ele>
      </trkpt>
      <trkpt lat="46.818509" lon="9.298959">
        <ele>1002.0</ele>
      </trkpt>
      <trkpt lat="46.818498" lon="9.298864">
        <ele>1001.7</ele>
      </trkpt>
      <trkpt lat="46.818509" lon="9.298488">
        <ele>1003.4</ele>
      </trkpt>
      <trkpt lat="46.818532" lon="9.298261">
        <ele>1004.0</ele>
      </trkpt>
      <trkpt lat="46.818586" lon="9.297913">
        <ele>1003.8</ele>
      </trkpt>
      <trkpt lat="46.818678" lon="9.29753">
        <ele>1004.1</ele>
      </trkpt>
      <trkpt lat="46.818718" lon="9.297291">
        <ele>1003.8</ele>
      </trkpt>
      <trkpt lat="46.818762" lon="9.297031">
        <ele>1003.4</ele>
      </trkpt>
      <trkpt lat="46.818819" lon="9.296534">
        <ele>1003.0</ele>
      </trkpt>
      <trkpt lat="46.818862" lon="9.296396">
        <ele>1002.9</ele>
      </trkpt>
      <trkpt lat="46.818906" lon="9.296159">
        <ele>1001.9</ele>
      </trkpt>
      <trkpt lat="46.818878" lon="9.296017">
        <ele>1001.4</ele>
      </trkpt>
      <trkpt lat="46.818914" lon="9.295743">
        <ele>1001.7</ele>
      </trkpt>
      <trkpt lat="46.818972" lon="9.295452">
        <ele>1002.0</ele>
      </trkpt>
      <trkpt lat="46.818957" lon="9.295272">
        <ele>1003.3</ele>
      </trkpt>
      <trkpt lat="46.818913" lon="9.295073">
        <ele>1004.3</ele>
      </trkpt>
      <trkpt lat="46.818893" lon="9.294835">
        <ele>1005.8</ele>
      </trkpt>
      <trkpt lat="46.818915" lon="9.294685">
        <ele>1006.2</ele>
      </trkpt>
      <trkpt lat="46.818939" lon="9.294582">
        <ele>1005.6</ele>
      </trkpt>
      <trkpt lat="46.818991" lon="9.294467">
        <ele>1004.8</ele>
      </trkpt>
      <trkpt lat="46.81918" lon="9.293973">
        <ele>1003.9</ele>
      </trkpt>
      <trkpt lat="46.81937" lon="9.29348">
        <ele>1004.8</ele>
      </trkpt>
      <trkpt lat="46.819454" lon="9.293346">
        <ele>1005.4</ele>
      </trkpt>
      <trkpt lat="46.819504" lon="9.293159">
        <ele>1005.9</ele>
      </trkpt>
      <trkpt lat="46.819728" lon="9.292876">
        <ele>1005.0</ele>
      </trkpt>
      <trkpt lat="46.819822" lon="9.292755">
        <ele>1004.4</ele>
      </trkpt>
      <trkpt lat="46.81995" lon="9.292592">
        <ele>1003.6</ele>
      </trkpt>
      <trkpt lat="46.82008" lon="9.292256">
        <ele>1004.1</ele>
      </trkpt>
      <trkpt lat="46.82021" lon="9.29192">
        <ele>1005.1</ele>
      </trkpt>
      <trkpt lat="46.820389" lon="9.291391">
        <ele>1002.9</ele>
      </trkpt>
      <trkpt lat="46.820564" lon="9.291138">
        <ele>1001.9</ele>
      </trkpt>
      <trkpt lat="46.820661" lon="9.291023">
        <ele>1001.1</ele>
      </trkpt>
      <trkpt lat="46.82073" lon="9.291054">
        <ele>1001.6</ele>
      </trkpt>
      <trkpt lat="46.820763" lon="9.291166">
        <ele>1002.1</ele>
      </trkpt>
      <trkpt lat="46.820779" lon="9.291354">
        <ele>1002.2</ele>
      </trkpt>
      <trkpt lat="46.820882" lon="9.291596">
        <ele>1002.7</ele>
      </trkpt>
      <trkpt lat="46.820892" lon="9.291658">
        <ele>1002.7</ele>
      </trkpt>
      <trkpt lat="46.820881" lon="9.291719">
        <ele>1002.7</ele>
      </trkpt>
      <trkpt lat="46.820822" lon="9.291807">
        <ele>1003.3</ele>
      </trkpt>
      <trkpt lat="46.820788" lon="9.291916">
        <ele>1003.4</ele>
      </trkpt>
      <trkpt lat="46.820802" lon="9.292029">
        <ele>1003.4</ele>
      </trkpt>
      <trkpt lat="46.820959" lon="9.292509">
        <ele>1004.0</ele>
      </trkpt>
      <trkpt lat="46.821118" lon="9.292632">
        <ele>1003.6</ele>
      </trkpt>
      <trkpt lat="46.82122" lon="9.292921">
        <ele>1004.6</ele>
      </trkpt>
      <trkpt lat="46.821268" lon="9.29293">
        <ele>1005.3</ele>
      </trkpt>
      <trkpt lat="46.82133" lon="9.292907">
        <ele>1006.7</ele>
      </trkpt>
      <trkpt lat="46.821496" lon="9.292774">
        <ele>1005.3</ele>
      </trkpt>
      <trkpt lat="46.821634" lon="9.292419">
        <ele>1002.9</ele>
      </trkpt>
      <trkpt lat="46.821771" lon="9.292063">
        <ele>1003.6</ele>
      </trkpt>
      <trkpt lat="46.821837" lon="9.291985">
        <ele>1003.1</ele>
      </trkpt>
      <trkpt lat="46.821908" lon="9.291964">
        <ele>1002.9</ele>
      </trkpt>
      <trkpt lat="46.821928" lon="9.291607">
        <ele>1006.2</ele>
      </trkpt>
      <trkpt lat="46.821919" lon="9.291344">
        <ele>1008.7</ele>
      </trkpt>
      <trkpt lat="46.821983" lon="9.291001">
        <ele>1014.1</ele>
      </trkpt>
      <trkpt lat="46.822229" lon="9.290749">
        <ele>1021.6</ele>
      </trkpt>
      <trkpt lat="46.822262" lon="9.290529">
        <ele>1024.9</ele>
      </trkpt>
      <trkpt lat="46.82215" lon="9.290282">
        <ele>1028.7</ele>
      </trkpt>
      <trkpt lat="46.822084" lon="9.290076">
        <ele>1031.8</ele>
      </trkpt>
      <trkpt lat="46.822057" lon="9.289753">
        <ele>1034.2</ele>
      </trkpt>
      <trkpt lat="46.821909" lon="9.289483">
        <ele>1033.8</ele>
      </trkpt>
      <trkpt lat="46.821807" lon="9.289142">
        <ele>1033.7</ele>
      </trkpt>
      <trkpt lat="46.82174" lon="9.288802">
        <ele>1033.4</ele>
      </trkpt>
      <trkpt lat="46.821695" lon="9.288399">
        <ele>1033.5</ele>
      </trkpt>
      <trkpt lat="46.821719" lon="9.288149">
        <ele>1034.1</ele>
      </trkpt>
      <trkpt lat="46.821723" lon="9.288106">
        <ele>1033.7</ele>
      </trkpt>
      <trkpt lat="46.821712" lon="9.287919">
        <ele>1033.8</ele>
      </trkpt>
      <trkpt lat="46.821832" lon="9.287619">
        <ele>1032.2</ele>
      </trkpt>
      <trkpt lat="46.822026" lon="9.28718">
        <ele>1030.3</ele>
      </trkpt>
      <trkpt lat="46.82203" lon="9.286733">
        <ele>1030.8</ele>
      </trkpt>
      <trkpt lat="46.821829" lon="9.286332">
        <ele>1031.9</ele>
      </trkpt>
      <trkpt lat="46.821533" lon="9.285869">
        <ele>1028.8</ele>
      </trkpt>
      <trkpt lat="46.821412" lon="9.285356">
        <ele>1021.2</ele>
      </trkpt>
      <trkpt lat="46.821416" lon="9.285094">
        <ele>1018.8</ele>
      </trkpt>
      <trkpt lat="46.821498" lon="9.284692">
        <ele>1017.0</ele>
      </trkpt>
      <trkpt lat="46.821495" lon="9.284391">
        <ele>1015.3</ele>
      </trkpt>
      <trkpt lat="46.821494" lon="9.284354">
        <ele>1015.1</ele>
      </trkpt>
      <trkpt lat="46.821166" lon="9.283924">
        <ele>1014.6</ele>
      </trkpt>
      <trkpt lat="46.820999" lon="9.283831">
        <ele>1016.1</ele>
      </trkpt>
      <trkpt lat="46.820928" lon="9.283732">
        <ele>1015.4</ele>
      </trkpt>
      <trkpt lat="46.820753" lon="9.283213">
        <ele>1016.3</ele>
      </trkpt>
      <trkpt lat="46.820683" lon="9.28295">
        <ele>1016.2</ele>
      </trkpt>
      <trkpt lat="46.820687" lon="9.282844">
        <ele>1016.4</ele>
      </trkpt>
      <trkpt lat="46.82071" lon="9.282561">
        <ele>1016.6</ele>
      </trkpt>
      <trkpt lat="46.820795" lon="9.282243">
        <ele>1016.1</ele>
      </trkpt>
      <trkpt lat="46.820865" lon="9.282236">
        <ele>1016.0</ele>
      </trkpt>
      <trkpt lat="46.820923" lon="9.282216">
        <ele>1016.5</ele>
      </trkpt>
      <trkpt lat="46.820944" lon="9.282123">
        <ele>1016.4</ele>
      </trkpt>
      <trkpt lat="46.820974" lon="9.28204">
        <ele>1016.3</ele>
      </trkpt>
      <trkpt lat="46.821074" lon="9.281946">
        <ele>1017.1</ele>
      </trkpt>
      <trkpt lat="46.821115" lon="9.281832">
        <ele>1017.6</ele>
      </trkpt>
      <trkpt lat="46.821143" lon="9.28168">
        <ele>1018.3</ele>
      </trkpt>
      <trkpt lat="46.821137" lon="9.281541">
        <ele>1019.0</ele>
      </trkpt>
      <trkpt lat="46.821181" lon="9.281456">
        <ele>1019.1</ele>
      </trkpt>
      <trkpt lat="46.821258" lon="9.281459">
        <ele>1019.5</ele>
      </trkpt>
      <trkpt lat="46.821311" lon="9.281474">
        <ele>1020.3</ele>
      </trkpt>
      <trkpt lat="46.821375" lon="9.281566">
        <ele>1021.6</ele>
      </trkpt>
      <trkpt lat="46.821434" lon="9.281585">
        <ele>1022.4</ele>
      </trkpt>
      <trkpt lat="46.821481" lon="9.281546">
        <ele>1023.2</ele>
      </trkpt>
      <trkpt lat="46.821532" lon="9.281405">
        <ele>1023.5</ele>
      </trkpt>
      <trkpt lat="46.821597" lon="9.281235">
        <ele>1024.8</ele>
      </trkpt>
      <trkpt lat="46.821749" lon="9.281083">
        <ele>1026.4</ele>
      </trkpt>
      <trkpt lat="46.821806" lon="9.280961">
        <ele>1027.4</ele>
      </trkpt>
      <trkpt lat="46.821856" lon="9.280702">
        <ele>1029.2</ele>
      </trkpt>
      <trkpt lat="46.822064" lon="9.280241">
        <ele>1032.8</ele>
      </trkpt>
      <trkpt lat="46.82209" lon="9.280101">
        <ele>1033.7</ele>
      </trkpt>
      <trkpt lat="46.822191" lon="9.27964">
        <ele>1037.4</ele>
      </trkpt>
      <trkpt lat="46.822185" lon="9.279315">
        <ele>1037.5</ele>
      </trkpt>
      <trkpt lat="46.822226" lon="9.279092">
        <ele>1040.2</ele>
      </trkpt>
      <trkpt lat="46.822401" lon="9.278845">
        <ele>1040.2</ele>
      </trkpt>
      <trkpt lat="46.822577" lon="9.278598">
        <ele>1040.7</ele>
      </trkpt>
      <trkpt lat="46.822581" lon="9.278584">
        <ele>1040.8</ele>
      </trkpt>
      <trkpt lat="46.822587" lon="9.278587">
        <ele>1040.9</ele>
      </trkpt>
      <trkpt lat="46.822618" lon="9.278527">
        <ele>1041.0</ele>
      </trkpt>
      <trkpt lat="46.822645" lon="9.278439">
        <ele>1041.5</ele>
      </trkpt>
      <trkpt lat="46.822659" lon="9.278337">
        <ele>1042.5</ele>
      </trkpt>
      <trkpt lat="46.822654" lon="9.278259">
        <ele>1043.3</ele>
      </trkpt>
      <trkpt lat="46.822641" lon="9.27818">
        <ele>1044.2</ele>
      </trkpt>
      <trkpt lat="46.822619" lon="9.278054">
        <ele>1046.1</ele>
      </trkpt>
      <trkpt lat="46.822605" lon="9.277937">
        <ele>1046.7</ele>
      </trkpt>
      <trkpt lat="46.822599" lon="9.277833">
        <ele>1047.7</ele>
      </trkpt>
      <trkpt lat="46.822604" lon="9.277767">
        <ele>1048.8</ele>
      </trkpt>
      <trkpt lat="46.822605" lon="9.277714">
        <ele>1049.3</ele>
      </trkpt>
      <trkpt lat="46.822597" lon="9.27763">
        <ele>1050.3</ele>
      </trkpt>
      <trkpt lat="46.822571" lon="9.27752">
        <ele>1050.8</ele>
      </trkpt>
      <trkpt lat="46.822519" lon="9.277386">
        <ele>1051.3</ele>
      </trkpt>
      <trkpt lat="46.822476" lon="9.277286">
        <ele>1052.3</ele>
      </trkpt>
      <trkpt lat="46.822439" lon="9.277224">
        <ele>1052.9</ele>
      </trkpt>
      <trkpt lat="46.822393" lon="9.277174">
        <ele>1053.8</ele>
      </trkpt>
      <trkpt lat="46.822347" lon="9.2771">
        <ele>1055.6</ele>
      </trkpt>
      <trkpt lat="46.822318" lon="9.27704">
        <ele>1056.8</ele>
      </trkpt>
      <trkpt lat="46.822299" lon="9.276993">
        <ele>1057.4</ele>
      </trkpt>
      <trkpt lat="46.822276" lon="9.276944">
        <ele>1057.6</ele>
      </trkpt>
      <trkpt lat="46.822343" lon="9.276912">
        <ele>1058.5</ele>
      </trkpt>
      <trkpt lat="46.822379" lon="9.276902">
        <ele>1058.9</ele>
      </trkpt>
      <trkpt lat="46.822436" lon="9.276909">
        <ele>1059.6</ele>
      </trkpt>
      <trkpt lat="46.822487" lon="9.276927">
        <ele>1060.2</ele>
      </trkpt>
      <trkpt lat="46.822672" lon="9.277044">
        <ele>1062.4</ele>
      </trkpt>
      <trkpt lat="46.822754" lon="9.277111">
        <ele>1063.5</ele>
      </trkpt>
      <trkpt lat="46.822947" lon="9.277266">
        <ele>1066.1</ele>
      </trkpt>
      <trkpt lat="46.823002" lon="9.277311">
        <ele>1066.9</ele>
      </trkpt>
      <trkpt lat="46.823053" lon="9.277351">
        <ele>1067.6</ele>
      </trkpt>
      <trkpt lat="46.823084" lon="9.277372">
        <ele>1068.0</ele>
      </trkpt>
      <trkpt lat="46.823109" lon="9.27738">
        <ele>1068.3</ele>
      </trkpt>
      <trkpt lat="46.823142" lon="9.277375">
        <ele>1068.9</ele>
      </trkpt>
      <trkpt lat="46.823095" lon="9.277272">
        <ele>1068.5</ele>
      </trkpt>
      <trkpt lat="46.823046" lon="9.277172">
        <ele>1068.7</ele>
      </trkpt>
      <trkpt lat="46.823" lon="9.277076">
        <ele>1068.9</ele>
      </trkpt>
      <trkpt lat="46.822962" lon="9.276972">
        <ele>1068.9</ele>
      </trkpt>
      <trkpt lat="46.822935" lon="9.276878">
        <ele>1069.1</ele>
      </trkpt>
      <trkpt lat="46.822915" lon="9.276771">
        <ele>1069.4</ele>
      </trkpt>
      <trkpt lat="46.822908" lon="9.276676">
        <ele>1069.8</ele>
      </trkpt>
      <trkpt lat="46.822904" lon="9.276583">
        <ele>1070.0</ele>
      </trkpt>
      <trkpt lat="46.822899" lon="9.276515">
        <ele>1070.2</ele>
      </trkpt>
      <trkpt lat="46.822898" lon="9.276356">
        <ele>1070.8</ele>
      </trkpt>
      <trkpt lat="46.822871" lon="9.276143">
        <ele>1071.5</ele>
      </trkpt>
      <trkpt lat="46.822864" lon="9.276026">
        <ele>1072.5</ele>
      </trkpt>
      <trkpt lat="46.822871" lon="9.275973">
        <ele>1073.7</ele>
      </trkpt>
      <trkpt lat="46.822888" lon="9.275938">
        <ele>1074.1</ele>
      </trkpt>
      <trkpt lat="46.822922" lon="9.275909">
        <ele>1074.6</ele>
      </trkpt>
      <trkpt lat="46.822963" lon="9.275889">
        <ele>1075.4</ele>
      </trkpt>
      <trkpt lat="46.823014" lon="9.275858">
        <ele>1076.5</ele>
      </trkpt>
      <trkpt lat="46.823068" lon="9.275819">
        <ele>1077.1</ele>
      </trkpt>
      <trkpt lat="46.823086" lon="9.275805">
        <ele>1077.3</ele>
      </trkpt>
      <trkpt lat="46.823132" lon="9.275764">
        <ele>1077.9</ele>
      </trkpt>
      <trkpt lat="46.823172" lon="9.275703">
        <ele>1078.4</ele>
      </trkpt>
      <trkpt lat="46.8232" lon="9.275649">
        <ele>1078.8</ele>
      </trkpt>
      <trkpt lat="46.82321" lon="9.275583">
        <ele>1079.3</ele>
      </trkpt>
      <trkpt lat="46.823224" lon="9.275437">
        <ele>1080.6</ele>
      </trkpt>
      <trkpt lat="46.823239" lon="9.275325">
        <ele>1081.1</ele>
      </trkpt>
      <trkpt lat="46.823264" lon="9.275235">
        <ele>1080.9</ele>
      </trkpt>
      <trkpt lat="46.82328" lon="9.275174">
        <ele>1080.3</ele>
      </trkpt>
      <trkpt lat="46.82333" lon="9.275051">
        <ele>1078.3</ele>
      </trkpt>
      <trkpt lat="46.823362" lon="9.275035">
        <ele>1078.2</ele>
      </trkpt>
      <trkpt lat="46.823423" lon="9.275049">
        <ele>1078.2</ele>
      </trkpt>
      <trkpt lat="46.823619" lon="9.275095">
        <ele>1078.7</ele>
      </trkpt>
      <trkpt lat="46.823735" lon="9.275119">
        <ele>1079.1</ele>
      </trkpt>
      <trkpt lat="46.823829" lon="9.275141">
        <ele>1079.6</ele>
      </trkpt>
      <trkpt lat="46.823916" lon="9.275162">
        <ele>1080.7</ele>
      </trkpt>
      <trkpt lat="46.823989" lon="9.275181">
        <ele>1081.9</ele>
      </trkpt>
      <trkpt lat="46.824062" lon="9.275198">
        <ele>1083.2</ele>
      </trkpt>
      <trkpt lat="46.824104" lon="9.275228">
        <ele>1083.7</ele>
      </trkpt>
      <trkpt lat="46.82412" lon="9.275281">
        <ele>1083.7</ele>
      </trkpt>
      <trkpt lat="46.82412" lon="9.275344">
        <ele>1083.2</ele>
      </trkpt>
      <trkpt lat="46.824111" lon="9.275438">
        <ele>1082.7</ele>
      </trkpt>
      <trkpt lat="46.824113" lon="9.275531">
        <ele>1082.6</ele>
      </trkpt>
      <trkpt lat="46.824126" lon="9.275586">
        <ele>1082.8</ele>
      </trkpt>
      <trkpt lat="46.824156" lon="9.275665">
        <ele>1082.4</ele>
      </trkpt>
      <trkpt lat="46.824209" lon="9.275753">
        <ele>1082.3</ele>
      </trkpt>
      <trkpt lat="46.824271" lon="9.275824">
        <ele>1081.8</ele>
      </trkpt>
      <trkpt lat="46.824333" lon="9.275884">
        <ele>1081.5</ele>
      </trkpt>
      <trkpt lat="46.824405" lon="9.275944">
        <ele>1081.4</ele>
      </trkpt>
      <trkpt lat="46.824471" lon="9.275998">
        <ele>1081.4</ele>
      </trkpt>
      <trkpt lat="46.824547" lon="9.27607">
        <ele>1081.3</ele>
      </trkpt>
      <trkpt lat="46.824634" lon="9.276167">
        <ele>1081.2</ele>
      </trkpt>
      <trkpt lat="46.824674" lon="9.276236">
        <ele>1081.2</ele>
      </trkpt>
      <trkpt lat="46.824683" lon="9.276265">
        <ele>1081.3</ele>
      </trkpt>
      <trkpt lat="46.824702" lon="9.276325">
        <ele>1081.4</ele>
      </trkpt>
      <trkpt lat="46.824715" lon="9.276437">
        <ele>1081.2</ele>
      </trkpt>
      <trkpt lat="46.824722" lon="9.276544">
        <ele>1080.2</ele>
      </trkpt>
      <trkpt lat="46.824715" lon="9.276602">
        <ele>1079.5</ele>
      </trkpt>
      <trkpt lat="46.824699" lon="9.276676">
        <ele>1078.7</ele>
      </trkpt>
      <trkpt lat="46.824672" lon="9.276749">
        <ele>1078.2</ele>
      </trkpt>
      <trkpt lat="46.824639" lon="9.276848">
        <ele>1077.3</ele>
      </trkpt>
      <trkpt lat="46.824598" lon="9.27699">
        <ele>1076.4</ele>
      </trkpt>
      <trkpt lat="46.824505" lon="9.277203">
        <ele>1076.2</ele>
      </trkpt>
      <trkpt lat="46.824463" lon="9.27737">
        <ele>1076.1</ele>
      </trkpt>
      <trkpt lat="46.82443" lon="9.277526">
        <ele>1076.0</ele>
      </trkpt>
      <trkpt lat="46.824388" lon="9.277698">
        <ele>1076.2</ele>
      </trkpt>
      <trkpt lat="46.824312" lon="9.277984">
        <ele>1076.7</ele>
      </trkpt>
      <trkpt lat="46.82427" lon="9.278151">
        <ele>1076.6</ele>
      </trkpt>
      <trkpt lat="46.824247" lon="9.278269">
        <ele>1077.0</ele>
      </trkpt>
      <trkpt lat="46.824232" lon="9.278372">
        <ele>1077.8</ele>
      </trkpt>
      <trkpt lat="46.824215" lon="9.278479">
        <ele>1078.6</ele>
      </trkpt>
      <trkpt lat="46.824185" lon="9.278528">
        <ele>1079.2</ele>
      </trkpt>
      <trkpt lat="46.824144" lon="9.278591">
        <ele>1080.3</ele>
      </trkpt>
      <trkpt lat="46.824122" lon="9.278598">
        <ele>1080.7</ele>
      </trkpt>
      <trkpt lat="46.824091" lon="9.278592">
        <ele>1081.0</ele>
      </trkpt>
      <trkpt lat="46.824018" lon="9.278555">
        <ele>1081.8</ele>
      </trkpt>
      <trkpt lat="46.823937" lon="9.278497">
        <ele>1081.9</ele>
      </trkpt>
      <trkpt lat="46.823875" lon="9.278462">
        <ele>1081.7</ele>
      </trkpt>
      <trkpt lat="46.82379" lon="9.278412">
        <ele>1080.6</ele>
      </trkpt>
      <trkpt lat="46.823693" lon="9.278357">
        <ele>1078.8</ele>
      </trkpt>
      <trkpt lat="46.823639" lon="9.278302">
        <ele>1077.6</ele>
      </trkpt>
      <trkpt lat="46.82358" lon="9.278225">
        <ele>1076.2</ele>
      </trkpt>
      <trkpt lat="46.823505" lon="9.278107">
        <ele>1074.2</ele>
      </trkpt>
      <trkpt lat="46.823471" lon="9.278055">
        <ele>1073.5</ele>
      </trkpt>
      <trkpt lat="46.82347" lon="9.278016">
        <ele>1073.3</ele>
      </trkpt>
      <trkpt lat="46.823461" lon="9.277951">
        <ele>1072.8</ele>
      </trkpt>
      <trkpt lat="46.823447" lon="9.277882">
        <ele>1072.2</ele>
      </trkpt>
      <trkpt lat="46.823481" lon="9.277849">
        <ele>1072.3</ele>
      </trkpt>
      <trkpt lat="46.823527" lon="9.277799">
        <ele>1072.0</ele>
      </trkpt>
      <trkpt lat="46.823571" lon="9.277734">
        <ele>1071.9</ele>
      </trkpt>
      <trkpt lat="46.823608" lon="9.277668">
        <ele>1071.8</ele>
      </trkpt>
      <trkpt lat="46.823635" lon="9.277612">
        <ele>1071.9</ele>
      </trkpt>
      <trkpt lat="46.823645" lon="9.277574">
        <ele>1071.8</ele>
        <name>Ziel</name>
      </trkpt>
    </trkseg>
  </trk>
</gpx>